community_id,tbrc_id,community_name,founded_date,founded_date_approximate,founded_date_alternate,founded_century_id,existed_by_century_id,founded_century_id,existed_by_century_id
172,G3156,Swayambhunath,,0,,17,,17,
1065,G2CN568,Nālandā,,0,,17,,17,
127,G3791,Lhagang,,0,,25,,25,
312,G3322,Nyima Tang Monastery ,,0,,25,,25,
393,G1TD43,Kyichu Lhakhang ,,0,,25,,25,
529,G389,Lhalung Gon,,0,,25,,25,
672,G2820,Trandruk,,0,,25,,25,
811,G4196,Khoting Lhakhang,,0,,25,,25,
872,,Palden Lhamo Shrine,,0,,25,,25,
877,G4261,Lhasa Tsuklakhang ,,0,,25,,25,
894,G1KR840,Northern Rigsum Gonpo Lhakhang,,0,,25,,25,
897,G1KR828,Southern Rigsum Gonpo Lhakhang,,0,,25,,25,
899,G4552,Ramoche ,,0,,25,,25,
912,G4553,Tsepak Lhakhang,,0,,25,,25,
1120,G00JR3006,Buchu Lhakhang,,0,,25,,25,
1121,G2051,Katsel,,0,,25,,25,
1122,G2GS1265,Drampagyang,,0,,25,,25,
1123,G660,Tsangdram,,0,,25,,25,
1124,G1KR1630,Traduntse,,0,,25,,25,
1125,G2GS1293,Mangyul Jamtrin Lhakhang,,0,,25,,25,
1331,,Odantapuri,,0,,25,,25,
120,G457,Nenying,,0,,29,,29,
143,G2067,Tangkya Lhakhang ,,0,,29,,29,
895,,South-Eastern Rigsum Gonpo Shrine,,0,,29,,29,
896,,South-Western Rigsum Gonpo Lhakhang,,0,,29,,29,
1184,G2829,Yarlung Sheldrak,,0,,29,,29,
1593,,Lo Gekar,,0,,29,,29,
722,G4556,Meru Nyingpa,,0,,33,,33,
869,G4379,Karchung Monastery,,0,,33,,33,
1308,G3CN219,Karchung Doring,,0,,33,,33,
1355,G2CN569,Vikramaśīla,,0,,33,,33,
533,G4651,Martsang Drak Gon,,0,,37,,37,
829,G973,Dzingchi,,0,,37,,37,
1545,G4401,Jekhar Chode Gon,,0,,37,,37,
117,G3055,Menchu,,0,,41,,41,
183,G2CN11074,Rong Ngurmik,,0,,41,,41,
199,G4576,Langtang,,0,,41,,41,
224,G4595,Poto,,0,,41,,41,
229,G392,Zur Ukpalung,,0,,41,,41,
232,G00JR3353,Hemis,,0,,41,,41,
246,G4598,Joden Gendungang ,,0,,41,,41,
251,G1KR1528,Dingma Monastery,,0,,41,,41,
657,G4676,Ripuk Hermitage,,0,,41,,41,
806,G1PD96097,Shadzong Ritro,,0,,41,,41,
823,G1213,Gadong,,0,,41,,41,
824,G1KR1539,Changra,,0,,41,,41,
834,G3119,Kharta Tarpa Ling,,0,,41,,41,
880,G4555,Meru Dratsang,,0,,41,,41,
1000,G2840,Zurlung Pelchen Lhakhang,,0,,41,,41,
1102,G0LAT901,Alchi Chokhor,,0,,41,,41,
1128,G2KT9,Sakya Mendrong,,0,,41,,41,
1218,G1KR1455,Chenye Monastery,,0,,41,,41,
1232,G317,Drakkar Taso,,0,,41,,41,
1240,G3CN378,Tanak Pu Monastery,,0,,41,,41,
1250,G1KR604,Drentang Monastery,,0,,41,,41,
1286,G3536,Zangri Monastery,,0,,41,,41,
1294,G3041,Lo Monastery,,0,,41,,41,
1297,G2CN11075,Namtseding Monastery,,0,,41,,41,
1329,G1KR1511,Chumik,,0,,41,,41,
1414,,Key,,0,,41,,41,
1421,,Stongdey,,0,,41,,41,
1423,,Karsha,,0,,41,,41,
1576,G2261,Tashigang,,0,,41,,41,
1709,G525,Zablung,,0,,41,,41,
73,G504,Napu Monastery,,0,,45,,45,
151,G4614,Parpu Monastery,,0,,45,,45,
226,G2CN11076,Puchung,,0,,45,,45,
291,G4593,Neuzur,,0,,45,,45,
294,G156,Purbuchok,,0,,45,,45,
306,G2440,Nyetang Longdol Hermitage ,,0,,45,,45,
325,G4164,Kyormolung ,,0,,45,,45,
564,G412,Samding Monastery,,0,,45,,45,
713,G3526,Nyedo Monastery,,0,,45,,45,
807,G2577,Trangu,,0,,45,,45,
860,G2511,Keutsang West Hermitage,,0,,45,,45,
893,G1KR817,Nechung,,0,,45,,45,
961,G1AG38,Khakyong Drak,,0,,45,,45,
972,G1TD5,Tsur Lhalung,,0,,45,,45,
1073,G2MS14672,Māratika,,0,,45,,45,
1131,G00AG02483,Zara Monastery,,0,,45,,45,
1251,G26,Zangchen Monastery,,0,,45,,45,
1267,G4491,Kyangtsang,,0,,45,,45,
1316,G3842,Khordong Monastery,,0,,45,,45,
1317,G2437,Nyetang Mokchok,,0,,45,,45,
1394,,Dangkhar,,0,,45,,45,
1429,G409,Bo Gangkar Monastery,,0,,45,,45,
1437,G2CN11063,Tabka,,0,,45,,45,
1450,G2CN11086,Lhapu Mokchok,,0,,45,,45,
1539,,Hiraṇyavarṇa Mahāvihāra,,0,,45,,45,
1559,G4455,Ganden Chokhor Ling,,0,,45,,45,
1604,G1KR2824,Beru Lachen,,0,,45,,45,
129,G64,Lhatel Rinchen Ling,,0,,49,,49,
132,G282,Kodrak Hermitage,,0,,49,,49,
263,,Khyungpak Tsang,,0,,49,,49,
282,G1644,Pewar,,0,,49,,49,
308,G218,Tango,,0,,49,,49,
333,G247,Ngamring Chode ,,0,,49,,49,
372,G1970,Dobi Ganden Pelgye Ling,,0,,49,,49,
415,G4718,Pajoding ,,0,,49,,49,
591,G4392,Samling Monastery,,0,,49,,49,
679,G1KR122,Gyu Monastery,,0,,49,,49,
703,G2594,Kham Kyogon,,0,,49,,49,
814,G73,Pelbar,,0,,49,,49,
828,G388,Layak Guru Lhakhang,,0,,49,,49,
1196,G2821,Nedong Tsetsokpa,,0,,49,,49,
1199,G1663,Tarde Monastery,,0,,49,,49,
1228,G1TD37,Nub Padmo De,,0,,49,,49,
1233,G4184,Tikchi Monastery,,0,,49,,49,
1236,G45,Druk Jangchub Choling,1205,0,,49,,49,
1390,G461,Zhok Gurmon,,0,,49,,49,
1490,G515,Serjong,,0,,49,,49,
1491,G1647,Guzi,,0,,49,,49,
1541,,Pema Khyung Dzong,,0,,49,,49,
1596,G2KG2759,Namgyel Chode,,0,,49,,49,
1605,G1KR2696,Gar Gon,,0,,49,,49,
1649,G1586,Pelri,,0,,49,,49,
1702,,Tsade,,0,,49,,49,
1705,G1KR685,Kolri,,0,,49,,49,
97,G359,Gharung,,0,,53,,53,
295,G223,Ngulchu Hermitage,,0,,53,,53,
342,G109,Drepung Gomang Dratsang,,0,,53,,53,
446,G257,Nyang Tarpa Ling,,0,,53,,53,
474,G1KR2454,Ngagar Jangchub Ling,,0,,53,,53,
538,G48,Nyel Drewule Gon,,0,,53,,53,
560,G1KR1648,Porong Pelmo Choding Monastery ,,0,,53,,53,
596,,Pel Zangden,,0,,53,,53,
597,,Chukha Monastery,,0,,53,,53,
705,,Sharkyo Ganden Monastery,,0,,53,,53,
1248,G1KR2419,Shadrang ,1346,0,,53,,53,
1493,G512,Baradrak Dondrubding,,0,,53,,53,
1532,G3JT13480,Dranggyekha,,0,,53,,53,
1610,G508 ,Yarlung Tashi Chode,,0,,53,,53,
1644,,Richung,,0,,53,,53,
1673,G4017,Jangkar Monastery,,0,,53,,53,
231,,Dechen Teng,,0,,54,,54,
174,G326,Zurmang Dutsitil,,0,,57,,57,
185,G238,Wensa Monastery,,0,,57,,57,
192,G4244,Gangchen Chopel,,0,,57,,57,
279,,Demola Monastery,,0,,57,,57,
285,G3486,Tashi Cholung,,0,,57,,57,
286,G2GS1296,Lho Chotritang ,,0,,57,,57,
323,G3487,Drula,,1,,57,,57,
334,G399,Riwo Dechen,,0,,57,,57,
348,G155,Sera Je,,0,,57,,57,
357,G2363,Pakmo Chode,,0,,57,,57,
539,G1711,Tatsak Lhundrub Dechen,,0,,57,,57,
546,G1KR1596,Zhe Dratsang,,0,,57,,57,
551,G2427,Gyere,,0,,57,,57,
866,,Barkor Jampa Lhakhang,,0,,57,,57,
875,G1KR826,Karmashak Tsenkhang,,0,,57,,57,
904,,Nangtseshar,,0,,57,,57,
914,G4458,Riwo Choling,,0,,57,,57,
954,G3467,Dzaka,,0,,57,,57,
1019,G1AG65,Wikcho Dzong,,0,,57,,57,
1162,G1TD32,Tachogang Lhakhang,,0,,57,,57,
1183,G1656,Mandal Gon,,0,,57,,57,
1213,G4169,Zingpa Takgo,,0,,57,,57,
1231,G2GS1126,Ling Khamtsen,,0,,57,,57,
1235,G1AG109,Tubchen Dargye Ling,,0,,57,,57,
1242,G1575,Khangmar Monastery,,0,,57,,57,
1263,G4114,Gyelpak Monastery,,0,,57,,57,
1283,G505,Thikse Monastery,,0,,57,,57,
1292,G3109,Chuwar Monastery,,0,,57,,57,
1373,G4CZ1550,Dranang Jampa Ling,,0,,57,,57,
1406,G1KG24026,Spituk,,0,,57,,57,
1417,,Diskit,,0,,57,,57,
1418,,Charasa,,0,,57,,57,
1419,,Ensa,,0,,57,,57,
1420,,Tsazar,,0,,57,,57,
1422,,Phuktal,,0,,57,,57,
1554,G4883,Jangchub Chokhor Ling,,0,,57,,57,
1617,G2CN10992,Tartse Labrang,,0,,57,,57,
1624,G1PD96165,Yutsa,,0,,57,,57,
112,G4619,Chubzang,,0,,59,,59,
298,G308,Dakpo Dratsang ,,0,,59,,59,
1662,G0LAT587,Lingshed,,0,,59,,59,
116,G1AG44,Mending,,0,,61,,61,
198,G2CN10832,Chekar Chode,,0,,61,,61,
253,G665,Pelri Tekchen Ling ,,0,,61,,61,
326,G3012,Drakwar Monastery,,0,,61,,61,
389,,Gongto Sergyi Lhakhang ,,0,,61,,61,
411,G1542,Tongkhor Tashilhunpo,,0,,61,,61,
451,,Sangngak Dechen Ling,,0,,61,,61,
515,G4795,Sang Ngak Tekchokling,,0,,61,,61,
516,,Guru Pema Evaṁ Chokgar,,0,,61,,61,
815,,Jampa Bumling,,0,,61,,61,
842,G158,Gepel Hermitage,,0,,61,,61,
865,,Banak Zhol Gyelkhang,,0,,61,,61,
892,G4249,Namgyel,,0,,61,,61,
968,G1PD110071,Rumtek,,0,,61,,61,
1119,G2KT7,Sorik Dropen Ling,,0,,61,,61,
1273,G1TD41,Pomda Sangngak Dechen Monastery,,0,,61,,61,
1391,G1KR1605,Ngonga Choding,,0,,61,,61,
1393,,Chamdo Drolma Lhakhang,,0,,61,,61,
1482,G1527,Bomrak Ganden Dondrub Ling,,0,,61,,61,
1501,,Druk Dechen Chokhor,,0,,61,,61,
1546,,Drapu Choling,,0,,61,,61,
1551,,Chakkyi Yangtse,,0,,61,,61,
1620,,Luding Labrang,,0,,61,,61,
1694,,Drumpa Monastery,,0,,61,,61,
233,G1PD127458,Hanle,,0,,65,,65,
273,G3JT12631,Shey,,0,,65,,65,
321,G2510,Rakadrak Hermitage,,0,,65,,65,
346,,Pari Tashi Choling ,,0,,65,,65,
356,,Genden Chopeling,,0,,65,,65,
369,G1519,Gyeltang Sungtseling,,0,,65,,65,
444,G3961,Gegong,,0,,65,,65,
503,,Namkyak Monastery,,0,,65,,65,
585,,Senmo,,0,,65,,65,
586,,Tolung Yangwen Pelgon,,0,,65,,65,
701,G217,Phyang,,0,,65,,65,
723,G303,Tengyeling,1762,0,,65,,65,
805,G1KR2385,Arik Gonchen,,0,,65,,65,
809,G3998,Chatreng Sampel Ling,,0,,65,,65,
827,G2424,Chushur Tarpa Ling,,0,,65,,65,
831,G168,Taklung Ganden Damcho Ling,,0,,65,,65,
845,,Sampho Manor house,,0,,65,,65,
887,G1KT3,Armory,,0,,65,,65,
903,G1TD44,Tromsikhang,,0,,65,,65,
913,G1KR829,Trode Khangsar,,0,,65,,65,
947,G2KR132,Ikh Khuree,,0,,65,,65,
1021,G2479,Chubzang Hermitage (Sera),,0,,65,,65,
1044,G1KR2434,Sengge Shong Mago,,0,,65,,65,
1105,G3841,Shukgang Monastery,,0,,65,,65,
1144,G1PD110068,Drakkar Tashiding,,0,,65,,65,
1174,G3930,Mangge,,0,,65,,65,
1243,G3810,Khangmar,,0,,65,,65,
1261,G4103,Rashel,,0,,65,,65,
1274,G167,Zhamar Monastery,1644,0,,65,,65,
1282,G4335,Drokge Monastery,,0,,65,,65,
1336,G00AG01696,Pungpo Riwoche,,0,,65,,65,
1353,G1PD110067,Pemayangtse,,0,,65,,65,
1398,G1BL7,Daktok,,0,,65,,65,
1518,G46,Sangngak Choling,,0,,65,,65,
1552,,Chungtang,,0,,65,,65,
1588,,Bardan,,0,,65,,65,
1619,,Khangsar Labrang,,0,,65,,65,
1692,,Rinak,,0,,65,,65,
1693,,Drilma Sangngak Choding,,0,,65,,65,
500,,Tsikyang,,0,,68,,68,
345,G1PD95975,Ganden Rinchen Ling,,0,,69,,69,
418,G55,Sang Chokhor ,,0,,69,,69,
421,G518,Getse Dralek,,0,,69,,69,
476,G3494,Gartar,,0,,69,,69,
720,G50,Khampa Gar,,0,,69,,69,
724,G220,Tsemonling,,0,,69,,69,
867,,Barkor Mani Lhakhang,,0,,69,,69,
871,G157,Drib Tsechokling,,0,,69,,69,
878,G1KR851,Lukhang,,0,,69,,69,
890,,Shol Office,,0,,69,,69,
900,G1KR841,Shide Dratsang,,0,,69,,69,
1024,G1PD129182,Kumbum Printing Press,,0,,69,,69,
1097,G3736,Yulkhyong Monastery,,0,,69,,69,
1172,G3983,Yarlung Pemako,,0,,69,,69,
1178,G4847,Beshing Monastery,1780,0,,69,,69,
1264,G4108,Kunub Monastery,,0,,69,,69,
1295,G2KR38,Dambadarjaa Monastery,,0,,69,,69,
1528,G1PD110075,Doling,,0,,69,,69,
1529,G1PD110070,Ralong,,0,,69,,69,
1618,,Pende Labrang,,0,,69,,69,
559,,Dekyi Ling,,0,,70,,70,
1686,,Thangu Monastery,,0,,70,,70,
1696,,Papyuk,,0,,70,,70,
1713,G1802,Tashi Gomang,,0,,70,,70,
60,G3JT12623,Tsike,,0,,73,,73,
179,G3268,Dezhung Monastery,,0,,73,,73,
296,G1846,Sekya Tashi Gepel Ling,,0,,73,,73,
392,G58,Gorina Kunang Osel Ling ,,0,,73,,73,
482,G2535,Martang Obten,,0,,73,,73,
728,G1062,Surkhang Manor House,,0,,73,,73,
874,G4554,Jebumgang Lhakhang,,0,,73,,73,
898,G1KR830,Rabsel Tsenkhang,,0,,73,,73,
939,G232,Puntsok Podrang,,0,,73,,73,
976,G4935,Dzamtang Gepel Hermitage,,0,,73,,73,
1185,G1TD35,Gyelwa Sengge Ngaro Lhakhang,1809,0,,73,,73,
1190,,Khamarin Khiid,1820,0,,73,,73,
1284,G4154,Dzato Changmai Monastery,,0,,73,,73,
1313,G2CN10949,Dzonggo,,0,,73,,73,
1407,G1BL25,Stok Royal Palace,,0,,73,,73,
1434,G3787,Kardza,,0,,73,,73,
1435,G4110,Lautang,,0,,73,,73,
1467,,Sengchen Namdrak Monastery,,0,,73,,73,
1468,,Tsarashab Hermitage,,0,,73,,73,
1496,G3266,Dzinda Neseb,,0,,73,,73,
1560,,Lhalung Ritro,,0,,73,,73,
1562,G3271,Dramagang,,0,,73,,73,
1569,,Khalek,,0,,73,,73,
1524,,Ghum Yiga Choeling,,0,,76,,76,
454,,Ganden Tashi Choling,,0,,77,,77,
509,G3203,Gome Oseltang,,0,,77,,77,
526,G2JM249,Changma Gar,,0,,77,,77,
717,,Pabongkha Labrang,,0,,77,,77,
844,,Pangdatsang Manor House,,0,,77,,77,
848,,Palha Manor House,,0,,77,,77,
857,,Lhalu Podrang,,0,,77,,77,
882,,Trijang Labrang,,0,,77,,77,
883,,Kunsangtse,,0,,77,,77,
884,,Demo Labrang,,0,,77,,77,
917,G8LS12773,Nyimalung Monastery,,0,,77,,77,
1211,,Gojo Banak,,0,,77,,77,
1298,G2CN10934,Surkhang Printery,,0,,77,,77,
1441,G2JM244,Lekshe Nyida Ling,,0,,77,,77,
1464,,Gagu Hermitage,,0,,77,,77,
1472,,Drepung (India),,0,,77,,77,
1473,,Buxa Chogar Tosam Tardo Ling,,0,,77,,77,
1474,,Ganden Tritok Khang (India),,0,,77,,77,
1633,G2CN11106,Khyungtak,,0,,78,,78,
1714,,Durpin Monastery,,0,,79,,79,
423,G395,Pabongkha Hermitage ,,0,,,25,,25
1500,G4454,Jasa Lhakhang,,0,,,33,,33
1110,G3898,Rahor,,0,,,37,,37
1151,G2819,Zangri Kangmar,,0,,,41,,41
1230,G437,Taklung Drak,,0,,,41,,41
945,G1AG12,Legon Chokyi Podrang ,,0,,,45,,45
1217,G430,Chakhyi Lhakhang,,0,,,45,,45
145,G1689,Druk Monastery,,0,,,49,,49
1101,,Lotsawa Lhakhang,,1,,,49,,49
1238,G1652,Wonto Monastery,,0,,,49,,49
1276,G1019,Nedruk Lhakhang,,0,,,49,,49
1498,G1KR2785,Tubten,,0,,,49,,49
1706,G4811,Geri,,0,,,49,,49
572,G1TD38,Sera Choding,,0,,,53,,53
1226,G3919,Chodrak Gon,,1,,,53,,53
1271,G4166,Tarpeling,,0,,,53,,53
1356,G2808,Drakmar Drinzang,,0,,,53,,53
1234,G1AG108,Khachar,,0,,,57,,57
1270,G1TD40,Dechenpuk,,0,,,57,,57
1337,G1655,Khardo Monastery,,0,,,57,,57
424,,E Rigo Chode ,,0,,,61,,61
1214,G4808,Trengpo,,0,,,61,,61
1215,G2GS1305,Tashi Tse,,0,,,61,,61
1246,G2463,Ara Khamtsen,,0,,,61,,61
1343,G2807,Yamalung,,0,,,61,,61
351,G1162,Dab Yangteng Monastery,,0,,,65,,65
1587,G1ER2,Stakna,,0,,,65,,65
1704,G00JR820,Ke Mingyur Dorje Drak,,0,,,65,,65
385,G382,Tsamdrak Monastery ,,0,,,69,,69
1195,,Gyu Dratsang,,0,,,69,,69
1254,G1964,Gyakhar Gar,,0,,,69,,69
1341,G1KR594,Namgyel Ling,,0,,,69,,69
1549,G1KR1632,Kagyu Gonsar,,0,,,69,,69
1469,,Garpa Ritro,,0,,,73,,73
1646,,Do Dzong Hermitage,,0,,,73,,73
1647,,Nechen Pema Ritro,,0,,,73,,73
1212,G3821,Dago Monastery,,0,,,77,,77
1363,,Taktse Hermitage,,0,,,77,,77
1366,,Drakkar Jago,,0,,,77,,77
1367,,Samdrub,,0,,,77,,77
1674,G3682,Yaso Monastery,,0,,,78,,78
9,G17,Katok,1159,0,,,,,
10,G14,Mindroling,1676,0,,,,,
11,G11,Dorje Drak,1632,0,,,,,
12,G16,Dzogchen Monastery,1685,0,,,,,
13,G20,Shechen,1734,0,,,,,
14,G18,Pelyul Monastery,1665,0,,,,,
15,G3429,Sekhar Gutok,,0,,,,,
21,G4202,Zhung Treuzhing ,1150,0,,,,,
28,,Yelpa,,0,,,,,
32,G211,Ngor Ewaṃ Choden,1429,0,,,,,
33,G1KR1565,Dar Drangmoche,,0,,,,,
35,G275,Zhalu,1027,0,,,,,
36,G337,Ganden,1409,0,,,,,
37,G154,Sera Monastery,1419,0,,,,,
38,G108,Drepung Monastery,1416,0,,,,,
39,G104,Tashilhunpo,1447,0,,,,,
40,G160,Kumbum Jampa Ling,1560,0,,,,,
41,G162,Labrang Tashikhyil,1709,0,,,,,
43,G188,Adzom Gar,1842,0,,,,,
44,G3636,Nyoshul Jonpalung Monastery,1910,0,,,,,
45,G2043,Zha Lhakhang,798,0,,,,,
48,G375,Dodrubchen Monastery,1850,1,,,,,
52,G3518,Dratang,1081,0,,,,,
59,G1AG98,Neten Monastery,1858,0,,,,,
62,G225,Nartang,1153,0,,,,,
63,G197,Daklha Gampo,1121,0,,,,,
64,G434,Densatil,1158,0,,,,,
67,G279,Tropu Monastery,1212,0,,,,,
68,G30,Tsel Gungtang,1175,0,,,,,
70,G1KR1663,Barom Gon,1160,0,,,,,
75,,Lhachuk,1193,0,,,,,
76,,Jupu Monastery,1187,0,,,,,
78,G368,Rokam,1183,0,,,,,
80,G67,Taklung Monastery,1180,0,,,,,
82,G340,Drigung Til,1179,0,,,,,
85,G521,Shukseb,1181,0,,,,,
87,G3582,Ralung Monastery,1180,0,,,,,
90,G201,Jonang Monastery,1294,0,,,,,
91,G226,Sangpu Neutok,1072,0,,,,,
92,G4605,Nyetang Drolma Lhakang,1055,0,,,,,
93,G357,Tsechen,1366,0,,,,,
95,G33,Tsurpu Monastery,1189,0,,,,,
96,G4252,Drakram ,,0,,,,,
98,,Palung,,0,,,,,
101,G2844,Pokhang ,1213,0,,,,,
102,G1511,Pelkhor Chode,1418,0,,,,,
105,G391,Serdokchen,1475,0,,,,,
106,,Chokhor Tse,,0,,,,,
107,G1KR1359,Tupten Dargye Ling ,,0,,,,,
108,,Puntsok Samten Ling ,,0,,,,,
109,,Changlung Choding ,,0,,,,,
110,G390,Takten Puntsok Ling ,1615,0,,,,,
114,G4818,Kyangdur ,,0,,,,,
115,G381,Chung Riwoche ,1386,0,,,,,
119,G1AG83,Cholung Jangtse,,0,,,,,
121,G346,Tolung Namgyel,,0,,,,,
122,G307,Sabzang Ganden,,0,,,,,
124,G344,Pelteng,,0,,,,,
126,,Tselmin,,0,,,,,
128,G233,Nalendra Monastery,1436,0,,,,,
130,G444,Yabzang Monastery,1206,0,,,,,
134,G1KR1885,Choding Monastery,1215,0,,,,,
135,G2061,Rinchen Ling,1481,0,,,,,
136,G1972,Jangchen,1579,0,,,,,
137,G400,Litang Chokhor Ling,1580,0,,,,,
140,G447,Ngari Dratsang,1541,0,,,,,
141,G4195,Kharchu Monastery,,0,,,,,
146,,Uri Monastery,,0,,,,,
149,,Gotsang Hermitage ,,0,,,,,
150,G1KR1891,Powo Samling,,0,,,,,
154,G1AG90,Kharak,1181,0,,,,,
156,G165,Gonlung Jampa Ling,1604,0,,,,,
157,G488,Shar Yelpuk ,1171,0,,,,,
158,G2628,Jang Tana ,1068,0,,,,,
159,G51,Dodzong,1192,0,,,,,
160,G1AG56,Sho Monastery,1167,0,,,,,
173,G00KG09762,Boudhanath,,0,,,,,
178,G2552,Tarlam,1436,0,,,,,
180,G213,Dzongsar,1253,0,,,,,
181,G3946,Longtang Drolma Lhakhang,638,0,,,,,
186,,Chokhor Uding,,0,,,,,
187,,Lharitse,,0,,,,,
188,G1AG31,Garmo Chodzong,,0,,,,,
189,,Lekdrub Dratsang,,0,,,,,
190,G394,Gyume Dratsang,1721,0,,,,,
191,G4247,Riwo Gepel,,0,,,,,
193,,Samdrub Ling,,0,,,,,
195,G2824,Tangpoche,1017,0,,,,,
197,G4783,Zhangzhung Dorjeden,1021,0,,,,,
204,,Darnga Hermitage,,0,,,,,
205,G4932,Rashuk,,0,,,,,
206,G529,Dzamtang,1425,0,,,,,
207,G193,Lhundrubteng,,0,,,,,
208,G1KR168,Tsechu Monastery,1462,0,,,,,
209,G1KR236,Choje Monastery,1425,0,,,,,
210,G1KR166,Tsangwa Monastery,1717,0,,,,,
212,G1PD96118,Old Ditsa,1393,0,,,,,
214,G2576,Ba Monastery,,0,,,,,
215,G35,Karma Gon,1147,0,,,,,
216,G280,Gyel Lhakhang,1012,0,,,,,
217,,Dakpo Draka,,0,,,,,
218,G70,Riwoche Monastery,1276,0,,,,,
219,G4744,Riwoche Yanggon,,0,,,,,
225,G2832,Rechung Puk,,0,,,,,
227,,Gyachak Ri,,0,,,,,
228,G2251,Sewalung,1450,0,,,,,
234,G1BL6,Chemrey,1640,1,,,,,
235,,Chukyer Gonsar,,0,,,,,
236,G330,Tsunmo Tsel,1420,0,,,,,
237,G180,Chamdo Jampa Ling ,1444,0,,,,,
241,G1KR1751,Patsang Gon Yungdrung Rabten Ling,1847,0,,,,,
242,G1KR1755,Lupuk Gonpa ,1626,0,,,,,
243,G1811,Lungkar,1785,0,,,,,
244,G4,Menri,1404,0,,,,,
245,G3540,Yeru Wensakha,1072,0,,,,,
247,G2601,Pelme Tekchen Evam Gatsel Ling ,1640,0,,,,,
248,G2611,Nangchen Gar,,0,,,,,
249,G4147,Lingga Dewachen ,1437,0,,,,,
250,G324,Musu Yama Monastery,1459,0,,,,,
254,G351,Tseringjong,1762,0,,,,,
255,G3386,Driru Gon,1440,0,,,,,
256,G1237,Den Chokhor,,0,,,,,
259,G3774,Sinmo Dzong ,,0,,,,,
265,,Zhertsa Chode ,,0,,,,,
266,G1541,Dargye Monastery,1642,0,,,,,
267,,Potima ,1536,0,,,,,
269,G2GS1070,Tanak Serling,1466,0,,,,,
270,G506,Tanak Tubten Namgyel ,1473,0,,,,,
271,G241,Japuk Dongak Dargye Ling,1469,0,,,,,
272,,Sakya Drakshar,,0,,,,,
274,G4865,Azha Yarpung,1829,0,,,,,
275,G245,Dreyul Kyetsel ,1449,0,,,,,
276,G265,Nyenyo Jagoshong ,1490,0,,,,,
277,G250,Chokhor Lhunpo ,,0,,,,,
278,G3488,Tashi Pende,,0,,,,,
280,G1654,Chakra,1125,0,,,,,
287,G288,Tseten,1623,0,,,,,
288,G1KR2304,Tak Monastery,,0,,,,,
289,G3222,Tuwa ,1640,0,,,,,
290,G314,Dentik ,911,0,,,,,
292,G439,Tolung Takma,,0,,,,,
293,G4188,Lhodrak Drowa Gon,,0,,,,,
297,,Sang Ngak Tekchen Choling,,0,,,,,
305,G4607,Rato,1205,0,,,,,
307,G4711,Cheri Monastery,1619,0,,,,,
309,G00JR2680,Bangri Jokpo ,,0,,,,,
310,G2360,Dar Chode,,0,,,,,
311,G2359,Ladring Chode,,0,,,,,
314,G402,Khardo Hermitage,1706,0,,,,,
315,G77,Ganden Jangtse College ,,0,,,,,
316,G236,Gyuto Dratsang,1474,0,1475,,,,
317,G405,Takpu Chode,,0,,,,,
318,G3011,Meldro Chakar Gon,,0,,,,,
319,G304,Ganden Shartse College,,0,,,,,
322,,Sera Utse,1705,0,,,,,
324,G2365,Taktse Rinchen Gang,1119,0,,,,,
327,G74,Reting Monastery,1057,0,,,,,
331,G194,Nenang,1333,0,,,,,
335,G3036,Rinchen Drak,,0,,,,,
338,,Tetung Monastery,1619,0,,,,,
339,G474,Tangring Monastery,1619,0,,,,,
340,G164,Amdo Chubzang Monastery,1649,0,,,,,
343,G2362,Dechen Sangngak Khar,1419,0,,,,,
344,G107,Tashilhunpo Shartse Dratsang,,0,,,,,
347,,Serlung Monastery ,,0,,,,,
349,G237,Sera Me,1419,0,,,,,
350,,Dromda Monastery,,0,,,,,
352,G2194,Toling Monastery,996,0,,,,,
353,G229,To Jayul Monastery,,0,,,,,
354,G435,Chone Ganden Shedrub Ling,1269,0,,,,,
355,G126,Drepung Loseling College,,0,,,,,
358,G161,Jakhyung Monastery,1349,0,,,,,
359,,Rablo,,0,,,,,
360,G1KR1936,Tsador Monastery ,1260,0,,,,,
361,G301,Shitsang Gonsar,1839,0,,,,,
362,G3232,Ngulra Monastery,,0,,,,,
363,G3278,Ganden Shedrub Pekar Drolwai Ling,1748,0,,,,,
364,G293,Tso Gon Ganden Choling ,1650,0,,,,,
365,G1KR2037,Mokru Ganden Jampeling,1720,0,,,,,
367,G4353,Muge Tashikhorlo ,1397,0,,,,,
368,G3090,Ngawa Gomang,1791,0,,,,,
370,G2058,Evaṃ Monastery,1359,0,,,,,
371,G2AG31,Petseling Jangchub Pelri Monastery ,1769,0,,,,,
373,G1963,Drotsang,1392,0,,,,,
374,G163,Rongwo Monastery,1301,0,,,,,
375,G1PD96117,Ditsa Tashi Choding ,1903,0,,,,,
376,G3JT12434,Wangdue Phodrang Dzong ,1638,0,,,,,
377,,Talang ,,0,,,,,
378,G2CN11045,Tubten Jago Pungpo ,1749,0,,,,,
380,G189,Talo Sangngak Choling ,,0,,,,,
381,,Chitokha Puntsok Rabten Ling ,,0,,,,,
382,G183,Gangteng Monastery ,1613,0,,,,,
383,,Trakar Lhakhang ,,0,,,,,
384,,Paro Lateng Monastery,,0,,,,,
387,G1TD12,Tashichoedzong,1216,0,,,,,
388,,Lhundrub Deyang,,0,,,,,
390,G1TD42,Lhadzong Tashigang ,1767,0,,,,,
395,,Sechang ,,0,,,,,
396,G1KR2411,Shel Monastery,1630,0,,,,,
397,G4698,Dzoge Monastery ,1798,0,,,,,
398,G4681,Bido Gonchen,1402,0,,,,,
399,,Geting Ganden Choling ,,0,,,,,
400,,Tamshing Lhakhang,1501,0,,,,,
401,G271,Lamo Dechen ,1682,0,,,,,
402,,Taktsang Rawato ,,0,,,,,
403,,Shardzong,,0,,,,,
404,G1KR983,Drugu,1622,0,,,,,
405,G54,Punakha Dzong,1637,0,,,,,
406,,Trongsa Dzong,1543,0,,,,,
407,G1KR200,Karchen,1340,0,,,,,
408,,Jamyang Mawai Sengge Ling ,1823,0,,,,,
409,G4851,Gyakhar ,1424,0,,,,,
410,G1965,Urge Dratsang Sangngak Mingye Ling,,0,,,,,
412,G1657,Derge Parkhang,1729,0,,,,,
413,G4786,Kīrti,1412,0,,,,,
416,G4858,Luchung Taktsang Gon,1688,0,,,,,
417,,Drangjekha ,,0,,,,,
419,G4813,Tasho Pomdrak ,,0,,,,,
420,G62,Yangri Gar ,,0,,,,,
422,G3954,Gemang,1684,0,,,,,
425,,Lhetag Monastery,,0,,,,,
426,G1KR1686,Chakri Nyidrak Monastery,1703,0,,,,,
427,G491,Takmogang Kelzang Puntsok Ling,1693,0,,,,,
430,G3755,Rakchab Sengri Dorje Yudzong,,0,,,,,
432,G1680,Gyarong Takten Nampar Gyelwai Ling,1742,0,,,,,
434,G1KR2451,Magur Namgyel Ling,1646,0,,,,,
435,G2066,Chekha,1141,0,1142,,,,
437,G2539,Kangtsa Ganden Chopel Ling,1915,0,,,,,
439,G3219,Śrī Siṃha College,1848,0,,,,,
440,G239,Tongkhor Ganden Chokhor Ling ,1648,0,,,,,
441,G170,Chorten Tang Tashi Dargye Ling ,1647,0,,,,,
442,G1877,Chunak Tashi Choling,1766,0,,,,,
443,G261,Chakpori,1150,0,,,,,
445,G4874,Khamshe Dargye Ling,1918,0,,,,,
447,G1569,Langna,1276,0,,,,,
448,G3854,Drango,,0,,,,,
449,G1603,Chagdud Orgyen Ling,1291,0,,,,,
450,G1629,Kelzang Sanggye Choling Monastery,1860,0,,,,,
452,G1590,Tsogyel Jomo,1866,0,,,,,
453,G1KR1570,Tubten Gepel,1550,0,,,,,
455,,Pel Nyenmo Ri Namgyel,1919,0,,,,,
459,G2530,Khagya Me Monastery,,0,,,,,
461,,Drakkar Gyelmo,,0,,,,,
464,G1931,Tsang Dondrub Rabten Ling,1765,0,,,,,
465,G4646,Gangya Drakkar Gon,1644,0,,,,,
466,G4634,Chokhor Gyel,1509,0,,,,,
467,G4354,Tsagen Peshing,,0,,,,,
468,G398,Ragya Ganden Tashi Jungne,1769,0,,,,,
469,G3261,Sershul,1760,0,,,,,
470,,Jumohor Sangngak Choling,,0,,,,,
471,G289,Junyung Hermitage,,0,,,,,
472,G36,Pelpung,1727,0,,,,,
473,G3617,Kaṁpo Nenang,1164,0,,,,,
475,,Oso,,0,,,,,
479,G471,Terlung Yiga Chodzin Ling,1725,0,,,,,
480,G393,Amchok Monastery,1760,0,,,,,
481,G3158,Gartse Tubten Chokhor Ling,,0,,,,,
484,G3190,Kīrti Namgyel Dechen Ling,1748,0,,,,,
485,G607,Tsetang,1350,0,,,,,
486,,Sangsang Dungkar,,0,,,,,
487,,Lhogyu Sera,,0,,,,,
488,G1723,Wangda,,0,,,,,
489,G1740,Denang Monastery,,0,,,,,
490,G1738,Tongkyab,,0,,,,,
491,,Dori Hermitage,,0,,,,,
492,,Lhundrub Dzong,,0,,,,,
493,,Yugu Tongtse,,0,,,,,
494,,Wenne Tashikhyil,,0,,,,,
495,,Wenne Samdrub Deden Ling ,,0,,,,,
496,G1KR2415,Dedzom Gatsel,1666,0,,,,,
497,G224,Dzongkar Monastery,1683,0,,,,,
498,,Takdo,,0,,,,,
499,G1PD96278,Dopuk,1865,0,,,,,
501,,Angang,,0,,,,,
502,,Chorten Kyak,,0,,,,,
504,G1948,Karing Tashi Dargye Ling,1683,0,,,,,
505,,Rongwo Tashikhyil,,0,,,,,
507,,Tsagyel,,0,,,,,
508,,Tashi Chokhor Ling,1984,0,,,,,
510,,Nakchung Ritro,,0,,,,,
511,,Ga Nyide,,0,,,,,
512,G1KR2688,Jyekundo Dondrub Ling,1398,0,,,,,
514,G00AG01622,Se Trabzang,1366,0,,,,,
517,,Tashi Samten Ling,1822,0,,,,,
518,G1604,Jazi,1866,0,,,,,
519,G3635,Tromge Gon,1275,0,,,,,
520,G1727,Horkor Gon,1927,0,,,,,
522,G00EGS1016716,Gegyel Dzogchen,,0,,,,,
523,G2813,Monkhar Namseling,,0,,,,,
524,G496,Yangcho Sangcho Pema Lhunding,,0,,,,,
525,G3971,Nubzur Gon,1484,0,,,,,
527,G3997,Larung Gar,1880,0,,,,,
530,G1GS54751,Ganden Mipam Choling,,0,,,,,
531,,Tashilung,,0,,,,,
532,G294,Tsenpo Gon,1650,0,,,,,
534,,Serkyi Gyelgo,,0,,,,,
535,G952,Pasho Gon,1473,0,,,,,
536,G219,Kundeling,1794,0,,,,,
537,,Lampar Monastery,,0,,,,,
540,G4230,Ganden Shedrub Ling,1643,0,,,,,
543,,Drepung Zurkhang,,0,,,,,
544,G1KR995,Gingtang Gon ,,0,,,,,
547,G1571,Khanon Gon,1257,0,,,,,
553,G7,Mawochok,1150,0,,,,,
554,G00AG01620,Guru Lhakhang,,0,,,,,
556,,Dregon Sar,,0,,,,,
557,G3795,Rikhud Monastery,1240,0,,,,,
561,G221,Shelkar Chode,1385,0,,,,,
563,G3507,Chakzam Chuwori,,0,,,,,
565,G3703,Yama Tashikhyil,,0,,,,,
566,G1955,Yonghegong,1744,0,,,,,
567,G523,Dartang Monastery,1882,0,,,,,
569,,Dongtre Samten Ling,,0,,,,,
571,G1691,Alo Peljor Gang,,0,,,,,
573,G397,Segyu Dratsang,1432,0,,,,,
574,G1187,Lhunpo Tse,1432,0,,,,,
575,,Jangchen,,0,,,,,
576,G3122,Lhadong Gon,,0,,,,,
587,,Drakkar Gepel Ling,,0,,,,,
590,G2CN11085,Chakar Monastery,1121,0,,,,,
595,,Yanggon,,0,,,,,
599,G198,Yangpachen,1503,0,,,,,
603,G880,Sakya Monastery,1073,0,,,,,
612,G244,Bodong E,1049,0,,,,,
615,G3509,Gongkar Chode,1447,0,,,,,
616,,Yarlung Namgyel,,0,,,,,
617,,Yarlung Samten Ling,,0,,,,,
618,G1KR1569 ,Sekharchung,1064,0,,,,,
621,G1807,Golok Getse,1880,0,,,,,
650,G1KR1169,Khyungpo Tengchen,1061,0,,,,,
673,G1KR216 ,Khangsar,1640,0,,,,,
682,G3550 ,Tsedong Monastery,1489,0,,,,,
687,G1KR1884,Pulung Rinchen Ling,1260,0,,,,,
688,G4886,Namdroling,1963,0,,,,,
696,G1797,Tsimda Monastery,1925,0,,,,,
697,G3717,Nyenlung,1797,0,,,,,
699,G3994,Zhuchen Monastery,,0,,,,,
700,G4687,Simda Dzogchen Monastery,1678,0,,,,,
702,G2652,Zurmang Namgyeltse,,0,,,,,
704,G2600,Tashi Gang,,0,,,,,
707,,Lho Ganden Monastery ,,0,,,,,
711,G3125,Dingri Langkhor,1097,0,,,,,
716,G1917,Drakkar Treldzong Monastery,1923,0,,,,,
718,G1962,Amchok Tsenyi,1823,0,,,,,
719,G1KG17626,Tabo,996,0,,,,,
721,G1KR1754,Yeta Lungkar,1715,0,,,,,
729,G2CN10932,Horkhang Manor House,1956,0,,,,,
804,G1KR226,Ganden Jangchub Chopel Ling,,0,,,,,
808,G3532,Rigyel,1360,0,,,,,
810,G4023,Batang Chode,1659,0,,,,,
812,G4472,Semnyi,1540,0,,,,,
813,G4689,Shopamdo,,0,,,,,
816,,Muktinath,,0,,,,,
818,,Khacho Monastery,,0,,,,,
819,,Zhigon Hermitage,1377,0,,,,,
821,,Lamayuru,,0,,,,,
822,G2036,Terdrom,,0,,,,,
825,G2GS1264,Mugulung,,0,,,,,
826,G516,Nyingon,,0,,,,,
835,G3279,Gonsar,,0,,,,,
837,G3255,Gyelje,1054,0,,,,,
838,G373,Drongtse,1442,0,,,,,
839,G1KR1614,Rong Jamchen,1367,0,,,,,
840,G4CZ1583,Wolkha Cholung,1393,0,,,,,
841,G2508,Drakri Hermitage,1416,0,,,,,
843,,Kyitopa Manor House,,0,,,,,
846,G2CN10939,Punkhang Manor House,1843,0,,,,,
847,,Changlochen Manor House,,0,,,,,
849,,Namseling Manor House,1920,0,,,,,
850,,Shakabpa Manor House,1926,0,,,,,
851,,Tethong Manor House,1912,0,,,,,
852,G2CN10930,Doring Manor House,,0,,,,,
853,,Tsarong Manor House,1926,0,,,,,
855,G1TD14,Yuthok Manor House,,0,,,,,
858,,Dechen Rabten Manor House,,0,,,,,
861,G3,Yungdrung Ling,1834,0,,,,,
862,G3199,Drak Yerpa,,0,,,,,
863,G2812,Drak Yongdzong,,0,,,,,
868,,Barkor Mani Lhakhang Shar,1948,0,,,,,
870,,Taktser,1940,1,,,,,
873,G1KR850,Gesar Lhakhang,1792,0,,,,,
879,,Lingtsang Labrang,1938,0,,,,,
881,G2CN11081,Tsokha Monastery,,0,,,,,
888,,Treasury,1850,1,,,,,
889,G1PD129185,Shol Printery,1690,1,,,,,
902,,Shatra,,0,,,,,
905,G222,Potala,637,0,,,,,
906,G4145,Norbulingkha,1755,0,,,,,
907,G248,Sera Ngakpa Dratsang,1419,0,,,,,
908,G153,Drepung Deyang College,1440,0,,,,,
909,G2CN11048,Drepung Ngakpa Dratsang,1419,0,,,,,
910,,Nyarma,1000,0,,,,,
911,,Darpoling Tsenkhang,1650,0,,,,,
915,G270,Mentsikhang,1916,0,,,,,
920,G8LS12072 ,Labrang Kālacakra College,1763,0,,,,,
921,G1716,Labrang Medical College,1784,0,,,,,
922,G3212 ,Labrang Hevajra College,1879,0,,,,,
923,,Mejung Tosam Ling,1709,0,,,,,
924,G1951,Kumbum Tantric College,1649,0,,,,,
925,G1945,Kumbum Medical College,1725,0,,,,,
926,G1710,Kumbum Kālacakra College,1820,0,,,,,
927,,Kumbum Debate College,1612,0,,,,,
928,G2CN11043,Zhitro Lhakhang,1913,0,,,,,
934,G311,Zhitok Labrang,,0,,,,,
935,G312,Rinchen Gang Labrang,,0,,,,,
936,G466,Ducho Labrang,,0,,,,,
937,G436,Lhakhang Labrang,,0,,,,,
938,G4445,Drolma Podrang,,0,,,,,
941,G8LS12302,Rongwo Tantric College,1734,0,,,,,
942,G8LS12318,Rongwo Kālacakra College,1773,0,,,,,
943,G1KR1564,Samdrub Gonsar,,0,,,,,
944,G3473,Ngangkyel Chode,,0,,,,,
949,G205,Tashi Tongmon,,0,,,,,
951,G3528,Samye Chimpu,,0,,,,,
952,G11MS147,Tanak Dorjeden,,0,,,,,
955,G1676,Tsashul,1790,0,,,,,
956,G1AG36,Ngedongyi Chozhi Gonde,,0,,,,,
957,G3992,Dartsang Kelzang Monastery,,0,,,,,
958,G2065,Gyelteng Monastery,,0,,,,,
959,G2064,Pangsa Monastery,,0,,,,,
960,G4CZ1581,Wolkha Samling Monastery,,0,,,,,
962,G4466,Tashi Dokha,1415,0,,,,,
964,G2CN11100,Lekshe Ling,,0,,,,,
970,G4165,Rudam Yangwen Sengdruk Puk,,0,,,,,
971,G1TD4,Gampo Zanglung,,0,,,,,
974,G37,Tsādra Rinchen Drak,1867,0,,,,,
977,G1AG47,Yutok Monastery,,0,,,,,
979,G2DB94319,Bora,1757,0,,,,,
981,,Tsongkhapa Lhakhang,,0,,,,,
982,G1884,Tege ,1984,0,,,,,
983,G1KR1910,Pari Drigung,1619,0,,,,,
984,,Tashi Chopel Dratsang,1756,0,,,,,
985,G4022,Jakhyung Rito Pendeling,,0,,,,,
986,,Nyangto Sertreng Monastery,,0,,,,,
987,G4293,Kyoda Monastery,,0,,,,,
988,G1KR10,Serwo,1786,0,,,,,
989,G3828,Dzongsho,1867,0,,,,,
991,,Tsongkhapa Hall,,0,,,,,
992,G1AG58,Wenne Gurulung,,0,,,,,
994,G1AG60,Khacho Deden,,0,,,,,
995,G1AG61,Kyipuk Deden,,0,,,,,
996,G212,Bardrok Dorje Ling,,0,,,,,
997,G511,Bamo Choding,,0,,,,,
999,G3263,Mokpa Lhatse,,0,,,,,
1001,G1AG62,Nekhar Monastery,,0,,,,,
1002,G1KR2692,Raknyak,1295,0,,,,,
1004,G3705,Rigdzin Rapel Ling,1727,0,,,,,
1005,G169,Jakrong,,0,,,,,
1009,G4347,Khyungritang,1944,0,,,,,
1010,G1634,Tsopu,,0,,,,,
1012,G1AG63,Nyamyo Jashong Monastery,,0,,,,,
1013,G3639,Garje,1725,0,,,,,
1014,,Katok Drakdong Ritro,,0,,,,,
1015,,Gyelrong Ritro,,0,,,,,
1016,G3747,Litang Nyingma Dratsang,,0,,,,,
1017,G1KR1012,Drugu Gon,,0,,,,,
1018,G1AG64,Langling Monastery,,0,,,,,
1020,G2482,Tashi Choling Hermitage,,0,,,,,
1022,G1KR827,Ani Tsemkhung,,0,,,,,
1023,G3388,Driru Drubde,1920,0,,,,,
1025,G1AG68,Nalatse Nepoche,,0,,,,,
1036,G1183,Menkhar Pende Ling,,0,,,,,
1037,G2796 ,Kongpo Chabkar,,0,,,,,
1038,G4854,Nakdo Monastery,1767,0,,,,,
1041,G1911,Banshul,1895,0,,,,,
1042,G1858,Nyegon,,0,,,,,
1043,G1KR2480,Datsen,1924,0,,,,,
1045,G1KR2433,Sengge Shong Yago,1385,0,,,,,
1046,G3625,Rongme Karmo Taktsang,,0,,,,,
1049,,Atsagat Datsan,1925,0,,,,,
1050,,Benchok Ritro,,0,,,,,
1051,G2077,Nyima Changra,1918,0,,,,,
1052,G358,Kalapa,,0,,,,,
1053,G360,Namkha Dzod,,0,,,,,
1054,G1KR1944,Chepa Darge Gon,,0,,,,,
1055,,Datsan Gunzechoinei,1915,0,,,,,
1056,G1673,Lek Gon,1724,0,,,,,
1066,G4166,Tharpaling,1352,0,,,,,
1068,G1AG82,Chubar Hermitage,,0,,,,,
1069,G2863,Ngodu Monastery,,0,,,,,
1070,G3988,Sera Tekchen Chokhorling,1737,0,,,,,
1071,G1KR2634,Bennak,1824,0,,,,,
1072,G56,Seula Chokhor Dorjeden,1715,0,,,,,
1075,G1TD16,Gyari Castle,,0,,,,,
1077,G1TD15,Rigo Tashi Chodzong Castle ,,0,,,,,
1081,G587,Tso Pema,,0,,,,,
1082,G2GS1065,Yarlha Shampo,,0,,,,,
1083,G3614,Khawa Karpo,,0,,,,,
1084,G3247,Kailash,,0,,,,,
1085,G4631,Tsāri,,0,,,,,
1086,G3214,Amnye Machen,,0,,,,,
1087,G1KR1185,Khapung,1928,0,,,,,
1088,G1AG89,Trewel Ude,988,0,,,,,
1089,G2LS540,Dungkar,988,0,,,,,
1091,G298,Khyage,1587,0,,,,,
1092,G1TD20,Sadutshang Manor House,,0,,,,,
1093,G1KR1977,Ongsum,1694,0,,,,,
1094,G685,Tashi Yanggon,,0,,,,,
1095,G2JM240 ,Tosam Norbu Lhunpo,,0,,,,,
1096,G3466,Muksang,,0,,,,,
1099,G1TD23,Bhutan House,,0,,,,,
1100,G478,Tashi Gepel Ling,,0,,,,,
1103,G1KG24303,Likir,1065,0,,,,,
1104,G1641,Yilhung Lhagyel,1767,0,,,,,
1106,G3835,Domang Monastery,,0,,,,,
1107,G2726,Tsangda Monastery,,0,,,,,
1108,G3844,Dranggo,,0,,,,,
1109,G3837,Janggang,,0,,,,,
1111,G3833,Tsangme Sengge,1380,0,,,,,
1112,G1KR147,Sango,1267,0,,,,,
1113,G1KR151,Kuntsar,,0,,,,,
1114,G185,Dzigar,,0,,,,,
1115,G305,Mersho Monastery,,0,,,,,
1118,G3140,Tsibri,,0,,,,,
1126,G260,Menlung Trengpachen,1561,0,,,,,
1133,G3830,Kharak Yungdrung Dechen Ling,1017,0,,,,,
1134,G712,Tsibri Monastery,,0,,,,,
1136,G2GS1064,Jomo Kharak,,0,,,,,
1137,G2AG22,Draksum Puri,,0,,,,,
1138,G2AG21,Hangri Drubde,,0,,,,,
1139,,Tsangrong Shardzong Ritro,,0,,,,,
1140,G3187,Wutai Shan,,0,,,,,
1141,G1AG92,Zhohong,,0,,,,,
1142,G2DB25462,Kokonor,,0,,,,,
1143,G105,Tosamling College,,0,,,,,
1145,G2876,Paro Taktsang,,0,,,,,
1147,G4699,Menlung Tashi Chopel Ling,,0,,,,,
1148,G1KR2031,Tseuruma Serde,,0,,,,,
1150,G3CN1712,Zungchu Zi,1711,0,,,,,
1152,G4473,Chozang Ritro,,0,,,,,
1153,,Serding,,0,,,,,
1154,G4052,Drakteng Monastery,,0,,,,,
1157,G206,Dingpoche,1567,0,,,,,
1158,G2GS1037,Bodhgaya,,0,,,,,
1161,G343,Tsang Chubzang,,0,,,,,
1163,G1CZ912,Labchi,,0,,,,,
1164,,Emei Shan,,0,,,,,
1165,G1KR2455,Nangra,1341,0,,,,,
1166,G452,Yershong,1696,0,,,,,
1169,,Riwo Jakang,,0,,,,,
1171,G3933,Dzagyel,,0,,,,,
1173,G2JM237,Katok Shedra Norbu Lhunpo,1906,0,,,,,
1175,G2610,Kumbum Monastery,,0,,,,,
1179,G1KR171,Tokden Monastery,1385,0,,,,,
1180,g4482,Mangdu,1777,0,,,,,
1182,G519,Gemang Ritro,,0,,,,,
1186,G1AG96,Lingto College,,0,,,,,
1187,G214,Ga Benchen Monastery,1380,0,,,,,
1188,G4447,Sakar Samdrub Ling,,0,,,,,
1189,G2581,Ladro Monastery,1420,0,,,,,
1191,G3249,Riwo Gegye Ganden Shedrubling,1654,0,,,,,
1192,G2KR4,Amarbayasgalant,1725,0,,,,,
1194,,Kunga Choling,1809,0,,,,,
1198,G934,Gyel Kartse Palace,,0,,,,,
1200,G2KR18,Baruun Khiid,1756,0,,,,,
1201,G2KR10,Pekar Choling,1690,0,,,,,
1204,G2KR46,Erdene Zuu,1585,0,,,,,
1205,g4812,Lhateng,1185,0,,,,,
1206,G2GS1050,Ganden Mamo,1386,0,,,,,
1216,G1686,Ringu Monastery,1475,0,,,,,
1219,G380,Beri Monastery,1649,0,,,,,
1220,G879,Labrang Shar,,0,,,,,
1221,G4635,Lhamo Latso,,0,,,,,
1222,G3248,Manasarovar,,0,,,,,
1224,G1602,Nyarong Gojam Gon,1159,0,,,,,
1227,G00JR823,Namchen Drakkar,,0,,,,,
1229,G110,Hardong Khamtsen,,0,,,,,
1237,G3611,Taklung Tarling Chode,,0,,,,,
1241,G3420,Ya Nga Chamda Ganden Khacho Ling,1488,0,,,,,
1244,G1798,Khemar Monastery,1904,0,,,,,
1245,G3624,Pema Shelpuk,1857,0,,,,,
1247,G4611,Chimilung,1050,0,,,,,
1249,G3832,Changlung Monastery,,0,,,,,
1253,G1426,Zamkhar,,0,,,,,
1255,G1KR347,Dzogon,1395,0,,,,,
1256,G00AG01619,Dungsam Riwo Tengyeling,1741,0,,,,,
1257,,Trashigang Dzong,1659,0,,,,,
1258,G4498,Kongpo Bonri,,0,,,,,
1259,G1GS140235,Penyul Drosa,,0,,,,,
1262,G4116,Belo Hermitage,,0,,,,,
1265,G339,Khyunggon Monastery,,0,,,,,
1266,G2CN11149,Menri (Dolanji),1970,0,,,,,
1268,G2345,Drati House,,0,,,,,
1272,G2398,Namtso,,0,,,,,
1275,G2810,Tsogyel Latso,,0,,,,,
1277,G1588,Zhiwa Gon,1225,0,,,,,
1278,G1KT10,Dakpa Shelri,,0,,,,,
1279,G574,Shabme Gomne,,0,,,,,
1280,G507,Gandan Tegchenling,1838,0,,,,,
1281,G4596,Drayab Monastery,,0,,,,,
1285,G1AG111,Dongkar Dzong,,0,,,,,
1287,G3529,Tawang Monastery,,0,,,,,
1288,G3477,Kharteng Monastery,,0,,,,,
1289,G1GS88600,Shauk Tago,,0,,,,,
1291,G3197,Khawa Lungri,,0,,,,,
1296,G2CN11105,Chungchen Peldzong,,0,,,,,
1299,G254,Taktsang Monastery,1713,0,,,,,
1300,G2454,Zhungpa Khamtsen,,0,,,,,
1301,,Doto Den Chokhor,,0,,,,,
1302,G1438,Demo,,0,,,,,
1303,G00AG01403,Gangri Tokar,,0,,,,,
1305,G1TD45,Sani Gonpa,,0,,,,,
1306,,Taklung Drilung,,0,,,,,
1307,G19,Nyakla Gar,,0,,,,,
1309,G1AG115,Shukchung,,0,,,,,
1311,G3CN392,Zambulung,,0,,,,,
1312,G1TD39,Roerich House,1928,0,,,,,
1315,G2470,Lhopa Khamtsen,,0,,,,,
1318,G1563,Zhichen Monastery,,0,,,,,
1320,G1KR159,Shukjung Monastery,,0,,,,,
1321,G4098,Baḥne Monastery ,,0,,,,,
1322,G522,Batang Drubgon,,0,,,,,
1323,G3493,Do Dorje Drak,,0,,,,,
1324,G184,Lelung Monastery,,0,,,,,
1325,,Yamdrok Lake,,0,,,,,
1327,,Nyarongsha School,,0,,,,,
1330,G1KR1893,Bakha,,0,,,,,
1332,G01AG03004,Yanglesho,,0,,,,,
1333,G2MS14671,Namo Buddha,,0,,,,,
1334,,Anja Ritro,1787,0,,,,,
1335,,Dzogchen Yamāntaka Cave,,0,,,,,
1338,G2651,Kyodrak Monastery,1361,0,,,,,
1339,G1681,Lhadrang Monastery,1616,0,,,,,
1340,G527,Mendong Monastery,1808,0,,,,,
1342,G3857,Pangpuk,,0,,,,,
1344,,Yilhung Lhatso,,0,,,,,
1345,G4459,Yumbu Lagang,,0,,,,,
1346,,Sengge Yumtso,,0,,,,,
1347,,Sinpo Ri Lhakhang,,0,,,,,
1348,,Hepo Ri,,0,,,,,
1349,,Tashi Podrang,,0,,,,,
1350,,Pemaling Lake,,0,,,,,
1351,G2833,Gontang Bumpa,,0,,,,,
1352,,Ngedon Dongak Chokhor Ling,1979,0,,,,,
1354,G1TD52,Namgyal Institute of Tibetology,1958,0,,,,,
1359,G1KR847,Drak Lhalubuk,,0,,,,,
1361,G4660,Shardza Hermitage,1893,0,,,,,
1362,G4494,Rinpung Monastery,,0,,,,,
1364,G2CN11047,Khyunglung Ngulkhar,,0,,,,,
1365,G1KR239,Dachen,1081,0,,,,,
1368,G4492,Nateng,,0,,,,,
1369,G2GS1124,Gyarong Khamtsen,,0,,,,,
1370,,Indo Tibetan Buddhist Cultural Institute,1954,0,,,,,
1372,,Śāntipura,,0,,,,,
1374,,St. Joseph's School,1888,0,,,,,
1376,,Chode (Denma),,0,,,,,
1377,,Ximing Temple,,0,,,,,
1378,,Daci'ensi,,0,,,,,
1379,,Xiuduo Monastery,,0,,,,,
1380,G3955,Kilung,1790,0,,,,,
1386,G3046,Ney Monastery,,0,,,,,
1387,G3047,Wosel Monastery,,0,,,,,
1388,G23,Tolung Tsendro,,0,,,,,
1392,G2572,Tashi Lhapuk,,0,,,,,
1395,,Samye Ling,,0,,,,,
1396,,Kanchendzonga,,0,,,,,
1397,,Borobudur,,0,,,,,
1399,G235,Gyama Rinchen Gang,1118,0,,,,,
1400,G3010,Riwo Dangchen,1412,0,,,,,
1401,G227,Kamkam Monastery,,0,,,,,
1402,G3419,Nyenchen Tanglha,,0,,,,,
1403,G1KR424,Ridrak,,0,,,,,
1404,G1651,Galenteng,1005,0,,,,,
1405,G1BL18,Matho,,0,,,,,
1408,,Samstanling,1848,0,,,,,
1409,G142,Petub Khamsten,,0,,,,,
1410,,Mulagandhakuti Vihara,,0,,,,,
1411,,Central Institute of Buddhist Studies,1959,0,,,,,
1412,,Pethub Stangey Choskhorling,1999,0,,,,,
1413,,Ivolginsky Datsan,1946,0,,,,,
1415,G1574,Bengen,,0,,,,,
1416,,Sonada,1966,0,,,,,
1426,G1KR217,Taktsang Lhamo Kīrti,1713,0,,,,,
1428,G1KG514,Achung Namdzong,,0,,,,,
1430,,Dagam Wangpuk,,0,,,,,
1431,G353,Mahā Kyilung,,0,,,,,
1432,G1KR84,Kachok,,0,,,,,
1433,G4109,Minyak Kyernang,,0,,,,,
1436,G1PD76604,Pema Ritro,,0,,,,,
1438,,Trawakha,,0,,,,,
1439,G407,Tangsak,,0,,,,,
1440,,Young Lama's Home School,1961,0,,,,,
1442,,Naropa University,1974,0,,,,,
1443,,Gampo Abbey,1983,0,,,,,
1445,,Karmê Chöling,1970,0,,,,,
1447,,Boulder Shambhala Center,1970,0,,,,,
1448,,Shambhala Mountain Center,1971,0,,,,,
1449,,Yak Monastery,,0,,,,,
1452,,Kagyu Kunchab Chuling,1972,0,,,,,
1453,,Kunzang Dechen Osel Ling,1980,0,,,,,
1454,,Kagyu Dzamling Kunchab,1975,0,,,,,
1455,,Kagyu Droden Kunchab,1974,0,,,,,
1456,,Karma Rimay O Sal Ling,1974,0,,,,,
1457,,Kagyu Changchub Chuling,1976,0,,,,,
1458,,Kagyu Shenpen Kunchab,1975,0,,,,,
1459,,Kagyu Dzong,1983,0,,,,,
1460,,Kagyu Ling,1974,0,,,,,
1461,,Kagyu Thubten Chöling,1978,0,,,,,
1462,,Sherabling,1975,0,,,,,
1463,,Sengchen Namdrak,,0,,,,,
1465,G3CN282,Drakmar Keutsang,,0,,,,,
1466,,Drinyendong,,0,,,,,
1470,,Birla House,,0,,,,,
1471,,Chopra House,,0,,,,,
1475,,Ganden Pelgye Ling,1938,0,,,,,
1476,,Chokhor Ling,1968,0,,,,,
1477,,Ganden (India),1969,0,,,,,
1478,,Ling Khamtsen (India),1974,0,,,,,
1479,,Labsum Shedrub Ling,1958,0,,,,,
1480,G2455,Pombora Khamtsen,,0,,,,,
1481,G1KR795,Ngopu Yangchen Puntsok Ling,1574,0,,,,,
1486,G3091,Adu Yakgo ,1394,0,,,,,
1487,G3183,Datsang,1414,0,,,,,
1488,G2706,Damtok,,0,,,,,
1489,G2715,Tridu Kelzang,,0,,,,,
1492,G1KR1602,Takmo Lingkha,1436,0,,,,,
1494,G2MS14675,Lumbini,,0,,,,,
1497,G3269,Dzonyak Samdrub,,0,,,,,
1499,G1KR2784,Dzonggo,,0,,,,,
1502,,Karma Chokhor Dechen Ling,1978,0,,,,,
1504,G4732,Ka-Nying Shedrub Ling,1976,0,,,,,
1506,,Karma Migyur Ling,1975,0,,,,,
1507,,Dhagpo Kagyu Ling,1975,0,,,,,
1508,,Buddhistisk Center Kobenhavn,1972,0,,,,,
1509,,Karma Triyana Dharmachakra,1976,0,,,,,
1510,,Khampa Gar (Tashi Jong),1958,0,,,,,
1511,,Karma Drubgyu Thargay Ling,1963,0,,,,,
1512,,Karma Drupgyud Choeling,1976,0,,,,,
1513,,Shri Karma Raja Mahavihara,,0,,,,,
1515,G4419,Tawu Sangngak Chokdrub Ling,1612,0,,,,,
1516,G2635,Lhalam,1638,0,,,,,
1517,G1KR2864,Lachab,,0,,,,,
1520,G4404,Taser,,0,,,,,
1521,G4397,Ru Gonsar,,0,,,,,
1522,,Labrang Gyuto Dratsang,1943,0,,,,,
1523,,Labrang Gyume Dratsang,1716,0,,,,,
1526,G1PD110073,Dubdi,1701,0,,,,,
1527,G1PD110069,Sangngak Choling Sikkim,1515,0,,,,,
1530,,Men-tsee-khang,1961,0,,,,,
1533,G4717 ,Do Chorten,,0,,,,,
1534,,Tsangsar Namgon,,0,,,,,
1535,,Gechak Monastery,1893,0,,,,,
1536,,Dzonggo Ling,,0,,,,,
1537,,Nagi Gonpa,,0,,,,,
1538,,Tergar Ösel Ling,1990,0,,,,,
1542,,Benchen,1987,0,,,,,
1543,,Central Tibetan Administration,1959,0,,,,,
1544,,Pema Choling,,0,,,,,
1548,,Tashi Choling (Dharamsala),1984,0,,,,,
1555,,Tangkya Gon,,0,,,,,
1556,G3784,Drakkar,1254,0,,,,,
1557,,Potala School,1754,0,,,,,
1558,,Sokmo Palace,,0,,,,,
1561,,Drumpa Manor House,1790,0,,,,,
1563,,Dosib,,0,,,,,
1564,,Dungdo,,0,,,,,
1565,,Dzamtok,,0,,,,,
1566,,Shangto,,0,,,,,
1567,G1642,Rabten,,0,,,,,
1568,G4686,Wara,,0,,,,,
1570,,Dogyu Tosam Ling,,0,,,,,
1572,,"Sakya Monastery, Seattle",1974,0,,,,,
1573,,Tharlam,1981,0,,,,,
1574,,Jetsun Sakya Center,1977,0,,,,,
1575,G231,Rizong,1833,0,,,,,
1578,,Labu,1419,0,,,,,
1579,G3005,Terlam,1584,0,,,,,
1585,,Sera (India),1969,0,,,,,
1586,,Tashi Lhunpo (India),1972,0,,,,,
1589,,Padum Palace,,0,,,,,
1591,,Jamchen Lhakhang,1985,0,,,,,
1592,,Rinding,,0,,,,,
1594,,Dharma Swami Buddha Vihara,,0,,,,,
1595,,Tsarang,,0,,,,,
1597,,Tangtong Gyelpo Lhakhang,,0,,,,,
1598,,Shukden Lhakhang,,0,,,,,
1600,,Montang Chode,,0,,,,,
1601,,Kak Chode,,0,,,,,
1602,,Gemi,,0,,,,,
1603,,Dzong Chode,,0,,,,,
1606,,Sarnath,,0,,,,,
1607,,Putou Shan,,0,,,,,
1608,G500,Kandze Shedrub Norbu Ling,1662,0,,,,,
1609,,Lingyin Temple,328,0,,,,,
1611,,Sakya Centre,1964,0,,,,,
1612,,Shakya Shei-Drub Ling,1980,0,,,,,
1613,,Lerab Ling,1991,0,,,,,
1615,,Dzogchen Monastery India,1992,0,,,,,
1621,G3184,Gyelmo Murdo,,0,,,,,
1625,G1KG22026,Ditsa Parkhang,,0,,,,,
1627,G2722,Pangshar,1265,0,,,,,
1630,G1567,Dongtok,1587,0,,,,,
1631,G1KR183,Dhīpu,1844,0,,,,,
1632,G1679 ,Yakze,1687,0,,,,,
1634,G1685,Tenpel,,0,,,,,
1636,G3923,Bumsar,,0,,,,,
1637,,Pema Osel Ling,,0,,,,,
1638,,Chagdud Dechen Ling,,0,,,,,
1639,,Rigdzin Gatsel,,0,,,,,
1640,,Ati Ling,,0,,,,,
1641,,Rigdzin Ling,1988,0,,,,,
1642,,Khadro Ling,1995,0,,,,,
1645,G1PD76601,Sarwahai,,0,,,,,
1648,,Zhakdra Yumtso,,0,,,,,
1651,,Kyire School,,0,,,,,
1653,,Chobar,,0,,,,,
1655,,Tarpa Tse,,0,,,,,
1656,,Kunzang Odsal Palyul Changchub Choling ,,0,,,,,
1657,,Palyul Retreat Center,,0,,,,,
1658,,Dagpo Shedrubling Monastery,,0,,,,,
1659,,Drepung Gomang India,,0,,,,,
1660,G4910,Se Monastery,,0,,,,,
1661,,Takten Puntsok Choling,1962,0,,,,,
1664,,Nyingma Institute,1972,0,,,,,
1665,,Yeshe Nyingpo,1974,0,,,,,
1666,,Garchen Buddhist Institute,1997,0,,,,,
1667,,Orgyen Chö Dzong,1980,0,,,,,
1668,,Tibet Center,1975,0,,,,,
1670,,Vajrapani Institute,1982,0,,,,,
1671,,Rigdzin Gatsel Ling ,,0,,,,,
1672,,Lama Ling,,0,,,,,
1676,G3660,Nego Monastery,,0,,,,,
1678,,Tekchen Choling Tsuklagkhang,1969,0,,,,,
1679,G2DOMM0024,Dashchoilin Khiid,1990,0,,,,,
1681,,Geden Sheddup Choikorling,1996,0,,,,,
1682,,Green Tara Center,,0,,,,,
1683,,Moscow Buddhist Center Lama Tsongkhapa,1996,0,,,,,
1684,,Idgaachoinzinling Monastic College,,0,,,,,
1685,,Lachen Monastery,1858,0,,,,,
1687,,Changra Samdrubtse,,0,,,,,
1688,,John Giorno Foundation,,0,,,,,
1689,,Tashi Gomang Stupa,1996,0,,,,,
1690,,Tibet House,1987,0,,,,,
1691,,Deer Park Buddhist Center,1976,0,,,,,
1695,,Kagyu Tsekchok Ling,1988,0,,,,,
1697,G3500,Zhakdra Lhatse,,0,,,,,
1698,G1KR89,Namgyelteng,,0,,,,,
1700,,Tibetan Mongolian Buddhist Cultural Center,1979,0,,,,,
1701,G2642 ,Dilyak,1811,0,,,,,
1703,G1KR2912,Aten Tsamkhang,,0,,,,,
1707,,CIHTS,1967,0,,,,,
1708,,Tsakho,1409,0,,,,,
1710,G2CN11109,Draklha Gampo,,0,,,,,
1711,G1PD83959,Drakkar Treldzong,,0,,,,,
1712,G2CN11113,Kuso Togyel,,0,,,,,
1715,,Ghoom Monastery,,0,,,,,
1716,,Dundul Rabtenling,,0,,,,,
1717,,Tso Pema Orgyen Heruka Nyingmapa Gompa,1961,0,,,,,
1718,,Dudjom Gonpa  ,,0,,,,,
1719,,Tashi Choling (Oregon),1980,0,,,,,
1720,,Urgyen Samyé Chöling ,,0,,,,,
1722,,Jangsa Gompa,,0,,,,,
1723,,Karye,,0,,,,,
1724,G00AG01624,Zangzang Lhadrak,,0,,,,,
1725,,Mahasiddha Nyingmapa Center,1973,0,,,,,
1726,,Kharnang Gongma,1887,0,,,,,
1727,,Namgyel (Dharamsala),,0,,,,,
1728,,Nyingma Kathok Buddhist Center,,0,,,,,
1729,,Katok Ritrö retreat center,,0,,,,,
1730,,Dudjom Namdrol Choling,,0,,,,,
1731,,Zhichen Bairo Ling,,0,,,,,
1732,,Iron Knot Ranch,,0,,,,,
1733,,"Tsinta Mani Choling, Spokane",,0,,,,,
1734,,Katog Tingdzin Ling,,0,,,,,
1735,,Katog Rit'hröd,,0,,,,,
1736,,Sravasti Abbey,2003,0,,,,,
1737,,Orgyen Dorje Den,,0,,,,,
1738,,Palri Pema Od Ling,,0,,,,,
1739,,Kathok Center,,0,,,,,
1740,,Katog Ratna Ling,,0,,,,,
1741,,Adzom Wosel Dongag Chokher Ling,,0,,,,,
1742,,Yeshe Khorlo Buddhist Society Singapore,,0,,,,,
1743,G3826,Dokho Monastery,,0,,,,,
1744,,Tsegyalgar East,1982,0,,,,,