community_id,community_name,place_type_name,place_type_id
9,Katok,Monastery,1
10,Mindroling,Monastery,1
11,Dorje Drak,Monastery,1
12,Dzogchen Monastery,Monastery,1
12,Dzogchen Monastery,Temple,3
13,Shechen,Monastery,1
14,Pelyul Monastery,Monastery,1
15,Sekhar Gutok,Monastery,1
21,Zhung Treuzhing ,Monastery,1
32,Ngor Ewaṃ Choden,Monastery,1
33,Dar Drangmoche,Monastery,1
35,Zhalu,Monastery,1
36,Ganden,Monastery,1
37,Sera Monastery,Monastery,1
38,Drepung Monastery,Monastery,1
39,Tashilhunpo,Monastery,1
40,Kumbum Jampa Ling,Monastery,1
41,Labrang Tashikhyil,Monastery,1
43,Adzom Gar,Monastery,1
44,Nyoshul Jonpalung Monastery,Monastery,1
45,Zha Lhakhang,Temple,3
48,Dodrubchen Monastery,Monastery,1
52,Dratang,Monastery,1
59,Neten Monastery,Monastery,1
60,Tsike,Monastery,1
62,Nartang,Monastery,1
63,Daklha Gampo,Monastery,1
64,Densatil,Monastery,1
67,Tropu Monastery,Monastery,1
68,Tsel Gungtang,Monastery,1
70,Barom Gon,Monastery,1
73,Napu Monastery,Monastery,1
75,Lhachuk,Monastery,1
76,Jupu Monastery,Monastery,1
78,Rokam,Monastery,1
80,Taklung Monastery,Monastery,1
82,Drigung Til,Monastery,1
85,Shukseb,Nunnery,1505
87,Ralung Monastery,Monastery,1
90,Jonang Monastery,Monastery,1
91,Sangpu Neutok,Monastery,1
92,Nyetang Drolma Lhakang,Temple,3
93,Tsechen,Monastery,1
95,Tsurpu Monastery,Monastery,1
96,Drakram ,Monastery,1
97,Gharung,Monastery,1
98,Palung,Monastery,1
101,Pokhang ,Monastery,1
102,Pelkhor Chode,Monastery,1
105,Serdokchen,Monastery,1
106,Chokhor Tse,Monastery,1
107,Tupten Dargye Ling ,Monastery,1
108,Puntsok Samten Ling ,Monastery,1
109,Changlung Choding ,Monastery,1
110,Takten Puntsok Ling ,Monastery,1
112,Chubzang,Monastery,1
114,Kyangdur ,Monastery,1
115,Chung Riwoche ,Monastery,1
116,Mending,Monastery,1
117,Menchu,Monastery,1
119,Cholung Jangtse,Monastery,1
120,Nenying,Monastery,1
121,Tolung Namgyel,Monastery,1
122,Sabzang Ganden,Monastery,1
124,Pelteng,Monastery,1
126,Tselmin,Monastery,1
127,Lhagang,Monastic College,1623
128,Nalendra Monastery,Monastery,1
129,Lhatel Rinchen Ling,Monastery,1
130,Yabzang Monastery,Monastery,1
132,Kodrak Hermitage,Monastery,1
134,Choding Monastery,Monastery,1
135,Rinchen Ling,Monastery,1
136,Jangchen,Monastery,1
137,Litang Chokhor Ling,Monastery,1
140,Ngari Dratsang,Monastery,1
141,Kharchu Monastery,Monastery,1
143,Tangkya Lhakhang ,Monastery,1
143,Tangkya Lhakhang ,Temple,3
145,Druk Monastery,Monastery,1
146,Uri Monastery,Monastery,1
149,Gotsang Hermitage ,Monastery,1
150,Powo Samling,Monastery,1
151,Parpu Monastery,Monastery,1
154,Kharak,Monastery,1
156,Gonlung Jampa Ling,Monastery,1
157,Shar Yelpuk ,Monastery,1
158,Jang Tana ,Monastery,1
159,Dodzong,Monastery,1
160,Sho Monastery,Monastery,1
165,Samye,Monastery,1
165,Samye,Temple,3
172,Swayambhunath,Stupa,2
173,Boudhanath,Stupa,2
174,Zurmang Dutsitil,Monastery,1
178,Tarlam,Monastery,1
179,Dezhung Monastery,Monastery,1
180,Dzongsar,Monastery,1
181,Longtang Drolma Lhakhang,Temple,3
183,Rong Ngurmik,Monastery,1
185,Wensa Monastery,Monastery,1
186,Chokhor Uding,Monastery,1
187,Lharitse,Monastery,1
188,Garmo Chodzong,Hermitage,950
189,Lekdrub Dratsang,Monastery,1
190,Gyume Dratsang,Monastic College,1623
191,Riwo Gepel,Monastery,1
192,Gangchen Chopel,Monastery,1
193,Samdrub Ling,Monastery,1
195,Tangpoche,Monastery,1
197,Zhangzhung Dorjeden,Monastery,1
198,Chekar Chode,Monastery,1
199,Langtang,Monastery,1
204,Darnga Hermitage,Monastery,1
204,Darnga Hermitage,Hermitage,950
205,Rashuk,Monastery,1
206,Dzamtang,Monastery,1
207,Lhundrubteng,Monastery,1
208,Tsechu Monastery,Monastery,1
209,Choje Monastery,Monastery,1
210,Tsangwa Monastery,Monastery,1
212,Old Ditsa,Monastery,1
214,Ba Monastery,Monastery,1
215,Karma Gon,Monastery,1
216,Gyel Lhakhang,Monastery,1
217,Dakpo Draka,Monastery,1
218,Riwoche Monastery,Monastery,1
219,Riwoche Yanggon,Monastery,1
224,Poto,Monastery,1
225,Rechung Puk,Hermitage,950
226,Puchung,Monastery,1
227,Gyachak Ri,Monastery,1
228,Sewalung,Monastery,1
229,Zur Ukpalung,Monastery,1
231,Dechen Teng,Monastery,1
232,Hemis,Monastery,1
233,Hanle,Monastery,1
234,Chemrey,Monastery,1
235,Chukyer Gonsar,Monastery,1
236,Tsunmo Tsel,Monastery,1
237,Chamdo Jampa Ling ,Monastery,1
241,Patsang Gon Yungdrung Rabten Ling,Monastery,1
242,Lupuk Gonpa ,Monastery,1
243,Lungkar,Monastery,1
244,Menri,Monastery,1
245,Yeru Wensakha,Monastery,1
246,Joden Gendungang ,Monastery,1
247,Pelme Tekchen Evam Gatsel Ling ,Monastery,1
248,Nangchen Gar,Monastery,1
249,Lingga Dewachen ,Monastery,1
250,Musu Yama Monastery,Monastery,1
251,Dingma Monastery,Monastery,1
253,Pelri Tekchen Ling ,Monastery,1
254,Tseringjong,Monastery,1
255,Driru Gon,Monastery,1
256,Den Chokhor,Monastery,1
259,Sinmo Dzong ,Monastery,1
263,Khyungpak Tsang,Monastery,1
265,Zhertsa Chode ,Monastery,1
266,Dargye Monastery,Monastery,1
267,Potima ,Monastery,1
269,Tanak Serling,Monastery,1
270,Tanak Tubten Namgyel ,Monastery,1
271,Japuk Dongak Dargye Ling,Monastery,1
272,Sakya Drakshar,Monastery,1
273,Shey,Monastery,1
274,Azha Yarpung,Monastery,1
275,Dreyul Kyetsel ,Monastery,1
276,Nyenyo Jagoshong ,Monastery,1
277,Chokhor Lhunpo ,Monastery,1
278,Tashi Pende,Monastery,1
279,Demola Monastery,Monastery,1
280,Chakra,Monastery,1
282,Pewar,Monastery,1
285,Tashi Cholung,Monastery,1
286,Lho Chotritang ,Monastery,1
287,Tseten,Monastery,1
288,Tak Monastery,Monastery,1
289,Tuwa ,Monastery,1
290,Dentik ,Monastery,1
291,Neuzur,Monastery,1
292,Tolung Takma,Monastery,1
293,Lhodrak Drowa Gon,Monastery,1
294,Purbuchok,Monastery,1
295,Ngulchu Hermitage,Monastery,1
296,Sekya Tashi Gepel Ling,Monastery,1
297,Sang Ngak Tekchen Choling,Monastery,1
298,Dakpo Dratsang ,Monastery,1
305,Rato,Monastery,1
306,Nyetang Longdol Hermitage ,Monastery,1
306,Nyetang Longdol Hermitage ,Cave,1622
307,Cheri Monastery,Monastery,1
308,Tango,Monastery,1
309,Bangri Jokpo ,Monastery,1
310,Dar Chode,Monastery,1
311,Ladring Chode,Monastery,1
312,Nyima Tang Monastery ,Monastery,1
314,Khardo Hermitage,Monastery,1
315,Ganden Jangtse College ,Monastic College,1623
316,Gyuto Dratsang,Monastic College,1623
317,Takpu Chode,Monastery,1
318,Meldro Chakar Gon,Monastery,1
319,Ganden Shartse College,Monastic College,1623
321,Rakadrak Hermitage,Monastery,1
322,Sera Utse,Monastery,1
323,Drula,Monastery,1
324,Taktse Rinchen Gang,Monastery,1
325,Kyormolung ,Monastery,1
326,Drakwar Monastery,Monastery,1
327,Reting Monastery,Monastery,1
331,Nenang,Monastery,1
333,Ngamring Chode ,Monastery,1
334,Riwo Dechen,Monastery,1
335,Rinchen Drak,Monastery,1
338,Tetung Monastery,Monastery,1
339,Tangring Monastery,Monastery,1
340,Amdo Chubzang Monastery,Monastery,1
342,Drepung Gomang Dratsang,Monastery,1
343,Dechen Sangngak Khar,Monastery,1
344,Tashilhunpo Shartse Dratsang,Monastic College,1623
345,Ganden Rinchen Ling,Monastery,1
345,Ganden Rinchen Ling,Temple,3
346,Pari Tashi Choling ,Monastery,1
347,Serlung Monastery ,Monastery,1
348,Sera Je,Monastery,1
349,Sera Me,Monastery,1
350,Dromda Monastery,Monastery,1
351,Dab Yangteng Monastery,Monastery,1
352,Toling Monastery,Monastery,1
353,To Jayul Monastery,Monastery,1
354,Chone Ganden Shedrub Ling,Monastery,1
355,Drepung Loseling College,Monastic College,1623
356,Genden Chopeling,Monastery,1
357,Pakmo Chode,Monastery,1
358,Jakhyung Monastery,Monastery,1
359,Rablo,Monastery,1
360,Tsador Monastery ,Monastery,1
361,Shitsang Gonsar,Monastery,1
362,Ngulra Monastery,Monastery,1
363,Ganden Shedrub Pekar Drolwai Ling,Monastery,1
364,Tso Gon Ganden Choling ,Monastery,1
365,Mokru Ganden Jampeling,Monastery,1
367,Muge Tashikhorlo ,Monastery,1
368,Ngawa Gomang,Monastery,1
369,Gyeltang Sungtseling,Monastery,1
370,Evaṃ Monastery,Monastery,1
371,Petseling Jangchub Pelri Monastery ,Monastery,1
372,Dobi Ganden Pelgye Ling,Monastery,1
373,Drotsang,Monastery,1
374,Rongwo Monastery,Monastery,1
375,Ditsa Tashi Choding ,Monastery,1
376,Wangdue Phodrang Dzong ,Monastery,1
377,Talang ,Monastery,1
378,Tubten Jago Pungpo ,Monastery,1
380,Talo Sangngak Choling ,Monastery,1
381,Chitokha Puntsok Rabten Ling ,Monastery,1
382,Gangteng Monastery ,Monastery,1
383,Trakar Lhakhang ,Monastery,1
384,Paro Lateng Monastery,Monastery,1
385,Tsamdrak Monastery ,Monastery,1
386,Dodedrak Monastery ,Monastery,1
387,Tashichoedzong,Monastery,1
388,Lhundrub Deyang,Monastery,1
389,Gongto Sergyi Lhakhang ,Monastery,1
390,Lhadzong Tashigang ,Monastery,1
392,Gorina Kunang Osel Ling ,Monastery,1
393,Kyichu Lhakhang ,Monastery,1
395,Sechang ,Monastery,1
396,Shel Monastery,Monastery,1
397,Dzoge Monastery ,Monastery,1
398,Bido Gonchen,Monastery,1
399,Geting Ganden Choling ,Monastery,1
400,Tamshing Lhakhang,Monastery,1
401,Lamo Dechen ,Monastery,1
402,Taktsang Rawato ,Monastery,1
403,Shardzong,Monastery,1
404,Drugu,Monastery,1
405,Punakha Dzong,Monastery,1
406,Trongsa Dzong,Monastery,1
407,Karchen,Monastery,1
408,Jamyang Mawai Sengge Ling ,Monastery,1
409,Gyakhar ,Monastery,1
410,Urge Dratsang Sangngak Mingye Ling,Monastery,1
411,Tongkhor Tashilhunpo,Monastery,1
412,Derge Parkhang,Monastery,1
413,Kīrti,Monastery,1
415,Pajoding ,Monastery,1
416,Luchung Taktsang Gon,Monastery,1
417,Drangjekha ,Monastery,1
418,Sang Chokhor ,Monastery,1
419,Tasho Pomdrak ,Monastery,1
420,Yangri Gar ,Monastery,1
421,Getse Dralek,Monastery,1
422,Gemang,Monastery,1
423,Pabongkha Hermitage ,Monastery,1
424,E Rigo Chode ,Monastery,1
425,Lhetag Monastery,Monastery,1
426,Chakri Nyidrak Monastery,Monastery,1
427,Takmogang Kelzang Puntsok Ling,Monastery,1
430,Rakchab Sengri Dorje Yudzong,Monastery,1
432,Gyarong Takten Nampar Gyelwai Ling,Monastery,1
434,Magur Namgyel Ling,Monastery,1
435,Chekha,Monastery,1
437,Kangtsa Ganden Chopel Ling,Monastery,1
439,Śrī Siṃha College,Monastic College,1623
440,Tongkhor Ganden Chokhor Ling ,Monastery,1
441,Chorten Tang Tashi Dargye Ling ,Monastery,1
442,Chunak Tashi Choling,Monastery,1
443,Chakpori,Monastery,1
444,Gegong,Monastery,1
445,Khamshe Dargye Ling,Monastic College,1623
446,Nyang Tarpa Ling,Monastery,1
447,Langna,Monastery,1
448,Drango,Monastery,1
449,Chagdud Orgyen Ling,Monastery,1
450,Kelzang Sanggye Choling Monastery,Monastery,1
451,Sangngak Dechen Ling,Monastery,1
452,Tsogyel Jomo,Nunnery,1505
453,Tubten Gepel,Monastery,1
454,Ganden Tashi Choling,Monastery,1
455,Pel Nyenmo Ri Namgyel,Monastery,1
459,Khagya Me Monastery,Monastery,1
461,Drakkar Gyelmo,Monastery,1
464,Tsang Dondrub Rabten Ling,Monastery,1
465,Gangya Drakkar Gon,Monastery,1
466,Chokhor Gyel,Monastery,1
467,Tsagen Peshing,Monastery,1
468,Ragya Ganden Tashi Jungne,Monastery,1
469,Sershul,Monastery,1
470,Jumohor Sangngak Choling,Monastery,1
471,Junyung Hermitage,Monastery,1
472,Pelpung,Monastery,1
473,Kaṁpo Nenang,Monastery,1
474,Ngagar Jangchub Ling,Monastery,1
475,Oso,Monastery,1
476,Gartar,Monastery,1
479,Terlung Yiga Chodzin Ling,Monastery,1
480,Amchok Monastery,Monastery,1
481,Gartse Tubten Chokhor Ling,Monastery,1
482,Martang Obten,Monastery,1
484,Kīrti Namgyel Dechen Ling,Monastery,1
485,Tsetang,Monastery,1
486,Sangsang Dungkar,Monastery,1
487,Lhogyu Sera,Monastery,1
488,Wangda,Monastery,1
489,Denang Monastery,Monastic College,1623
490,Tongkyab,Monastery,1
491,Dori Hermitage,Monastery,1
492,Lhundrub Dzong,Monastery,1
493,Yugu Tongtse,Monastery,1
494,Wenne Tashikhyil,Monastery,1
494,Wenne Tashikhyil,Hermitage,950
495,Wenne Samdrub Deden Ling ,Monastery,1
495,Wenne Samdrub Deden Ling ,Hermitage,950
496,Dedzom Gatsel,Monastery,1
497,Dzongkar Monastery,Monastery,1
498,Takdo,Monastery,1
499,Dopuk,Monastery,1
500,Tsikyang,Monastery,1
501,Angang,Monastery,1
502,Chorten Kyak,Monastery,1
503,Namkyak Monastery,Monastery,1
504,Karing Tashi Dargye Ling,Monastery,1
505,Rongwo Tashikhyil,Monastery,1
507,Tsagyel,Hermitage,950
508,Tashi Chokhor Ling,Monastery,1
508,Tashi Chokhor Ling,Temple,3
509,Gome Oseltang,Monastery,1
510,Nakchung Ritro,Monastery,1
510,Nakchung Ritro,Hermitage,950
511,Ga Nyide,Monastery,1
512,Jyekundo Dondrub Ling,Monastery,1
514,Se Trazang,Monastery,1
515,Sang Ngak Tekchokling,Monastery,1
516,Guru Pema Evaṁ Chokgar,Monastery,1
517,Tashi Samten Ling,Monastery,1
518,Jazi,Monastery,1
519,Tromge Gon,Monastery,1
520,Horkor Gon,Monastery,1
522,Gegyel Dzogchen,Monastery,1
523,Monkhar Namseling,Monastery,1
524,Yangcho Sangcho Pema Lhunding,Monastery,1
525,Nubzur Gon,Monastery,1
526,Changma Gar,Monastery,1
527,Larung Gar,Monastery,1
529,Lhalung Gon,Monastery,1
530,Ganden Mipam Choling,Monastery,1
531,Tashilung,Monastery,1
532,Tsenpo Gon,Monastery,1
533,Martsang Drak Gon,Monastery,1
534,Serkyi Gyelgo,Hermitage,950
535,Pasho Gon,Monastery,1
536,Kundeling,Monastery,1
537,Lampar Monastery,Monastery,1
538,Nyel Drewule Gon,Monastery,1
539,Tatsak Lhundrub Dechen,Monastery,1
540,Ganden Shedrub Ling,Monastery,1
543,Drepung Zurkhang,Monastery,1
544,Gingtang Gon ,Monastery,1
546,Zhe Dratsang,Monastery,1
547,Khanon Gon,Monastery,1
551,Gyere,Monastery,1
553,Mawochok,Monastery,1
554,Guru Lhakhang,Monastery,1
556,Dregon Sar,Monastery,1
557,Rikhud Monastery,Monastery,1
559,Dekyi Ling,Monastery,1
560,Porong Pelmo Choding Monastery ,Monastery,1
561,Shelkar Chode,Monastery,1
563,Chakzam Chuwori,Monastery,1
564,Samding Monastery,Monastery,1
565,Yama Tashikhyil,Monastery,1
566,Yonghegong,Monastery,1
567,Dartang Monastery,Monastery,1
569,Dongtre Samten Ling,Monastery,1
571,Alo Peljor Gang,Monastery,1
572,Sera Choding,Monastery,1
573,Segyu Dratsang,Monastic College,1623
574,Lhunpo Tse,Monastic College,1623
575,Jangchen,Monastery,1
576,Lhadong Gon,Monastery,1
585,Senmo,Monastery,1
586,Tolung Yangwen Pelgon,Monastery,1
587,Drakkar Gepel Ling,Monastery,1
590,Chakar Monastery,Monastery,1
591,Samling Monastery,Monastery,1
595,Yanggon,Monastery,1
596,Pel Zangden,Monastery,1
597,Chukha Monastery,Monastery,1
599,Yangpachen,Monastery,1
603,Sakya Monastery,Monastery,1
612,Bodong E,Monastery,1
615,Gongkar Chode,Monastery,1
616,Yarlung Namgyel,Monastery,1
617,Yarlung Samten Ling,Monastery,1
618,Sekharchung,Monastery,1
621,Golok Getse,Monastery,1
650,Khyungpo Tengchen,Monastery,1
657,Ripuk Hermitage,Monastery,1
672,Trandruk,Monastery,1
673,Khangsar,Monastery,1
679,Gyu Monastery,Monastery,1
682,Tsedong Monastery,Monastery,1
687,Pulung Rinchen Ling,Monastery,1
688,Namdroling,Monastery,1
696,Tsimda Monastery,Monastery,1
697,Nyenlung,Monastery,1
699,Zhuchen Monastery,Monastery,1
700,Simda Dzogchen Monastery,Monastery,1
701,Phyang,Monastery,1
702,Zurmang Namgyeltse,Monastery,1
703,Kham Kyogon,Monastery,1
704,Tashi Gang,Monastery,1
705,Sharkyo Ganden Monastery,Monastery,1
707,Lho Ganden Monastery ,Monastery,1
711,Dingri Langkhor,Monastery,1
713,Nyedo Monastery,Monastery,1
716,Drakkar Treldzong,Monastery,1
717,Pabongkha Labrang,Monastery,1
718,Amchok Tsenyi,Monastery,1
719,Tabo,Monastery,1
720,Khampa Gar,Monastery,1
721,Yeta Lungkar,Monastery,1
722,Meru Nyingpa,Monastery,1
723,Tengyeling,Monastery,1
724,Tsemonling,Monastery,1
728,Surkhang Manor House,Manor,727
729,Horkhang Manor House,Manor,727
804,Ganden Jangchub Chopel Ling,Monastery,1
805,Arik Gonchen,Monastery,1
806,Shadzong Ritro,Monastery,1
807,Trangu,Monastery,1
808,Rigyel,Monastery,1
809,Chatreng Sampel Ling,Monastery,1
810,Batang Chode,Monastery,1
811,Khoting Lhakhang,Monastery,1
812,Semnyi,Monastery,1
813,Shopamdo,Monastery,1
814,Pelbar,Monastery,1
815,Jampa Bumling,Monastery,1
816,Muktinath,Monastery,1
818,Khacho Monastery,Monastery,1
818,Khacho Monastery,Temple,3
819,Zhigon Hermitage,Monastery,1
821,Lamayuru,Monastery,1
822,Terdrom,Monastery,1
823,Gadong,Monastery,1
824,Changra,Monastery,1
825,Mugulung,Monastery,1
825,Mugulung,Hermitage,950
826,Nyingon,Monastery,1
827,Chushur Tarpa Ling,Monastery,1
828,Layak Guru Lhakhang,Monastery,1
829,Dzingchi,Monastery,1
831,Taklung Ganden Damcho Ling,Monastery,1
834,Kharta Tarpa Ling,Monastery,1
835,Gonsar,Monastery,1
837,Gyelje,Monastery,1
838,Drongtse,Monastery,1
839,Rong Jamchen,Monastery,1
840,Wolkha Cholung,Monastery,1
841,Drakri Hermitage,Monastery,1
841,Drakri Hermitage,Hermitage,950
842,Gepel Hermitage,Monastery,1
843,Kyitopa Manor House,Manor,727
844,Pangdatsang Manor House,Manor,727
845,Sampho Manor house,Manor,727
846,Punkhang Manor House,Manor,727
847,Changlochen Manor House,Manor,727
848,Palha Manor House,Manor,727
849,Namseling Manor House,Manor,727
850,Shakabpa Manor House,Manor,727
851,Tethong Manor House,Manor,727
851,Tethong Manor House,Temple,3
852,Doring Manor House,Manor,727
853,Tsarong Manor House,Manor,727
855,Yuthok Manor House,Manor,727
857,Lhalu Podrang,Manor,727
858,Dechen Rabten Manor House,Manor,727
860,Keutsang West Hermitage,Monastery,1
860,Keutsang West Hermitage,Hermitage,950
861,Yungdrung Ling,Monastery,1
862,Drak Yerpa,Monastery,1
863,Drak Yongdzong,Hermitage,950
865,Banak Zhol Gyelkhang,Temple,3
866,Barkor Jampa Lhakhang,Temple,3
867,Barkor Mani Lhakhang,Temple,3
868,Barkor Mani Lhakhang Shar,Temple,3
869,Karchung Monastery,Monastery,1
870,Taktser,Manor,727
871,Drib Tsechokling,Monastery,1
872,Palden Lhamo Shrine,Temple,3
873,Gesar Lhakhang,Temple,3
874,Jebumgang Lhakhang,Temple,3
875,Karmashak Tsenkhang,Temple,3
877,Lhasa Tsuklakhang ,Temple,3
878,Lukhang,Temple,3
879,Lingtsang Labrang,Monastery,1
880,Meru Dratsang,Monastery,1
881,Tsokha Monastery,Monastery,1
882,Trijang Labrang,Monastery,1
883,Kunsangtse,Manor,727
884,Demo Labrang,Monastery,1
887,Armory,Government Building,885
888,Treasury,Government Building,885
889,Shol Printery,Government Building,885
890,Shol Office,Government Building,885
892,Namgyel,Monastery,1
893,Nechung,Monastery,1
893,Nechung,Temple,3
894,Northern Rigsum Gonpo Lhakhang,Temple,3
895,South-Eastern Rigsum Gonpo Shrine,Temple,3
896,South-Western Rigsum Gonpo Lhakhang,Temple,3
897,Southern Rigsum Gonpo Lhakhang,Temple,3
898,Rabsel Tsenkhang,Temple,3
899,Ramoche ,Temple,3
900,Shide Dratsang,Monastery,1
902,Shatra,Manor,727
903,Tromsikhang,Manor,727
904,Nangtseshar,Government Building,885
905,Potala,Palace,886
906,Norbulingkha,Palace,886
907,Sera Ngakpa Dratsang,Monastic College,1623
908,Drepung Deyang College,Monastic College,1623
909,Drepung Ngakpa Dratsang,Monastic College,1623
910,Nyarma,Monastery,1
911,Darpoling Tsenkhang,Monastery,1
912,Tsepak Lhakhang,Monastery,1
913,Trode Khangsar,Monastery,1
914,Riwo Choling,Monastery,1
915,Mentsikhang,Hospital,1129
917,Nyimalung Monastery,Monastery,1
920,Labrang Kālacakra College,Monastic College,1623
921,Labrang Medical College,Monastic College,1623
922,Labrang Hevajra College,Monastic College,1623
923,Mejung Tosam Ling,Monastery,1
924,Kumbum Tantric College,Monastic College,1623
925,Kumbum Medical College,Monastic College,1623
926,Kumbum Kālacakra College,Monastic College,1623
927,Kumbum Debate College,Monastic College,1623
928,Zhitro Lhakhang,Monastery,1
934,Zhitok Labrang,Monastery,1
934,Zhitok Labrang,Temple,3
935,Rinchen Gang Labrang,Monastery,1
935,Rinchen Gang Labrang,Temple,3
936,Ducho Labrang,Monastery,1
936,Ducho Labrang,Temple,3
937,Lhakhang Labrang,Monastery,1
937,Lhakhang Labrang,Temple,3
938,Drolma Podrang,Monastery,1
938,Drolma Podrang,Temple,3
939,Puntsok Podrang,Monastery,1
939,Puntsok Podrang,Temple,3
941,Rongwo Tantric College,Monastic College,1623
942,Rongwo Kālacakra College,Monastic College,1623
943,Samdrub Gonsar,Monastery,1
944,Ngangkyel Chode,Monastery,1
945,Legon Chokyi Podrang ,Monastery,1
947,Ikh Khuree,Monastic College,1623
949,Tashi Tongmon,Monastery,1
951,Samye Chimpu,Hermitage,950
952,Tanak Dorjeden,Monastery,1
954,Dzaka,Monastery,1
955,Tsashul,Monastery,1
956,Ngedongyi Chozhi Gonde,Monastery,1
957,Dartsang Kelzang Monastery,Monastery,1
958,Gyelteng Monastery,Monastery,1
958,Gyelteng Monastery,Temple,3
959,Pangsa Monastery,Monastery,1
960,Wolkha Samling Monastery,Monastery,1
961,Khakyong Drak,Monastery,1
962,Tashi Dokha,Monastery,1
964,Lekshe Ling,Monastery,1
968,Rumtek,Monastery,1
970,Rudam Yangwen Sengdruk Puk,Hermitage,950
971,Gampo Zanglung,Hermitage,950
972,Tsur Lhalung,Monastery,1
974,Tsādra Rinchen Drak,Hermitage,950
976,Dzamtang Gepel Hermitage,Hermitage,950
977,Yutok Monastery,Monastery,1
979,Bora,Monastery,1
981,Tsongkhapa Lhakhang,Monastery,1
982,Tege ,Monastery,1
983,Pari Drigung,Monastery,1
984,Tashi Chopel Dratsang,Monastery,1
984,Tashi Chopel Dratsang,Monastic College,1623
985,Jakhyung Rito Pendeling,Monastery,1
986,Nyangto Sertreng Monastery,Monastery,1
987,Kyoda Monastery,Monastery,1
988,Serwo,Monastery,1
989,Dzongsho,Hermitage,950
991,Tsongkhapa Hall,Monastery,1
992,Wenne Gurulung,Hermitage,950
994,Khacho Deden,Hermitage,950
995,Kyipuk Deden,Hermitage,950
996,Bardrok Dorje Ling,Monastery,1
997,Bamo Choding,Monastery,1
999,Mokpa Lhatse,Monastery,1
1000,Zurlung Pelchen Lhakhang,Monastery,1
1001,Nekhar Monastery,Monastery,1
1002,Raknyak,Monastery,1
1004,Rigdzin Rapel Ling,Monastery,1
1005,Jakrong,Monastery,1
1005,Jakrong,Temple,3
1009,Khyungritang,Monastery,1
1010,Tsopu,Monastery,1
1012,Nyamyo Jashong Monastery,Monastery,1
1013,Garje,Monastery,1
1014,Katok Drakdong Ritro,Monastery,1
1014,Katok Drakdong Ritro,Hermitage,950
1015,Gyelrong Ritro,Hermitage,950
1016,Litang Nyingma Dratsang,Monastic College,1623
1017,Drugu Gon,Monastery,1
1018,Langling Monastery,Monastery,1
1019,Wikcho Dzong,Monastery,1
1020,Tashi Choling Hermitage,Monastery,1
1021,Chubzang Hermitage (Sera),Monastery,1
1022,Ani Tsemkhung,Nunnery,1505
1023,Driru Drubde,Monastery,1
1024,Kumbum Printing Press,Monastery,1
1025,Nalatse Nepoche,Temple,3
1036,Menkhar Pende Ling,Monastery,1
1037,Kongpo Chabkar,Monastery,1
1038,Nakdo Monastery,Monastery,1
1041,Banshul,Monastery,1
1042,Nyegon,Monastery,1
1043,Datsen,Monastery,1
1044,Sengge Shong Mago,Monastery,1
1045,Sengge Shong Yago,Monastery,1
1046,Rongme Karmo Taktsang,Hermitage,950
1049,Atsagat Datsan,Monastery,1
1050,Benchok Ritro,Hermitage,950
1051,Nyima Changra,Monastic College,1623
1052,Kalapa,Hermitage,950
1053,Namkha Dzod,Hermitage,950
1054,Chepa Darge Gon,Monastery,1
1055,Datsan Gunzechoinei,Monastery,1
1056,Lek Gon,Monastery,1
1065,Nālandā,Monastery,1
1066,Tharpaling,Monastery,1
1068,Chubar Hermitage,Hermitage,950
1069,Ngodu Monastery,Monastery,1
1070,Sera Tekchen Chokhorling,Monastery,1
1071,Bennak,Monastery,1
1072,Seula Chokhor Dorjeden,Monastery,1
1073,Māratika,Monastery,1
1081,Tso Pema,Lake,1079
1082,Yarlha Shampo,Mountain,1080
1083,Khawa Karpo,Mountain,1080
1084,Kailash,Mountain,1080
1085,Tsāri,Mountain,1080
1086,Amnye Machen,Mountain,1080
1087,Khapung,Nunnery,1505
1088,Trewel Ude,Nunnery,1505
1089,Dungkar,Monastery,1
1091,Khyage,Monastery,1
1092,Sadutshang Manor House,Manor,727
1093,Ongsum,Monastery,1
1094,Tashi Yanggon,Monastery,1
1095,Tosam Norbu Lhunpo,Monastic College,1623
1096,Muksang,Monastery,1
1097,Yulkhyong Monastery,Monastery,1
1099,Bhutan House,Manor,727
1100,Tashi Gepel Ling,Hermitage,950
1101,Lotsawa Lhakhang,Monastery,1
1101,Lotsawa Lhakhang,Temple,3
1102,Alchi Chokhor,Monastery,1
1103,Likir,Monastery,1
1104,Yilhung Lhagyel,Monastery,1
1105,Shukgang Monastery,Monastery,1
1106,Domang Monastery,Monastery,1
1107,Tsangda Monastery,Monastery,1
1108,Dranggo,Monastery,1
1109,Janggang,Monastery,1
1110,Rahor,Monastery,1
1111,Tsangme Sengge,Monastery,1
1112,Sango,Monastery,1
1113,Kuntsar,Monastery,1
1114,Dzigar,Monastery,1
1115,Mersho Monastery,Monastery,1
1118,Tsibri,Mountain,1080
1119,Sorik Dropen Ling,Monastery,1
1120,Buchu Lhakhang,Temple,3
1121,Katsel,Monastery,1
1122,Drampagyang,Temple,3
1123,Tsangdram,Temple,3
1124,Traduntse,Temple,3
1125,Mangyul Jamtrin Lhakhang,Temple,3
1126,Menlung Trengpachen,Hospital,1129
1128,Sakya Mendrong,Monastery,1
1131,Zara Monastery,Monastery,1
1133,Kharak Yungdrung Dechen Ling,Monastery,1
1134,Tsibri Monastery,Monastery,1
1136,Jomo Kharak,Mountain,1080
1137,Draksum Puri,Monastery,1
1138,Hangri Drubde,Monastery,1
1139,Tsangrong Shardzong Ritro,Hermitage,950
1140,Wutai Shan,Mountain,1080
1141,Zhohong,Monastery,1
1142,Kokonor,Lake,1079
1143,Tosamling College,Monastic College,1623
1144,Drakkar Tashiding,Monastery,1
1145,Paro Taktsang,Monastery,1
1147,Menlung Tashi Chopel Ling,Monastery,1
1148,Tseuruma Serde,Monastery,1
1150,Zungchu Zi,Monastery,1
1151,Zangri Kangmar,Hermitage,950
1152,Chozang Ritro,Hermitage,950
1153,Serding,Monastery,1
1154,Drakteng Monastery,Monastery,1
1157,Dingpoche,Monastery,1
1158,Bodhgaya,Stupa,2
1161,Tsang Chubzang,Monastery,1
1162,Tachogang Lhakhang,Temple,3
1163,Labchi,Mountain,1080
1164,Emei Shan,Mountain,1080
1165,Nangra,Monastery,1
1166,Yershong,Monastery,1
1169,Riwo Jakang,Mountain,1080
1170,Pelge Samten Ling,Hermitage,950
1171,Dzagyel,Monastery,1
1172,Yarlung Pemako,Monastery,1
1173,Katok Shedra Norbu Lhunpo,Monastic College,1623
1174,Mangge,Monastery,1
1175,Kumbum Monastery,Monastery,1
1176,Ne Chode,Monastery,1
1178,Beshing Monastery,Monastery,1
1179,Tokden Monastery,Monastery,1
1180,Mangdu,Hermitage,950
1182,Gemang Ritro,Hermitage,950
1183,Mandal Gon,Monastery,1
1184,Yarlung Sheldrak,Monastery,1
1184,Yarlung Sheldrak,Cave,1622
1184,Yarlung Sheldrak,Hermitage,950
1185,Gyelwa Sengge Ngaro Lhakhang,Temple,3
1186,Lingto College,Monastic College,1623
1187,Ga Benchen Monastery,Monastery,1
1188,Sakar Samdrub Ling,Hermitage,950
1189,Ladro Monastery,Monastery,1
1190,Khamarin Khiid,Monastery,1
1191,Riwo Gegye Ganden Shedrubling,Monastery,1
1192,Amarbayasgalant,Monastery,1
1194,Kunga Choling,Monastery,1
1195,Gyu Dratsang,Monastic College,1623
1196,Nedong Tsetsokpa,Monastery,1
1197,Chokhor Gang,Monastery,1
1198,Gyel Kartse Palace,Palace,886
1199,Tarde Monastery,Monastery,1
1200,Baruun Khiid,Monastery,1
1201,Pekar Choling,Monastery,1
1204,Erdene Zuu,Monastery,1
1205,Lhateng,Monastery,1
1206,Ganden Mamo,Monastery,1
1211,Gojo Banak,Monastery,1
1212,Dago Monastery,Monastery,1
1213,Zingpa Takgo,Hermitage,950
1214,Trengpo,Hermitage,950
1215,Tashi Tse,Monastery,1
1216,Ringu Monastery,Monastery,1
1217,Chakhyi Lhakhang,Temple,3
1218,Chenye Monastery,Monastery,1
1219,Beri Monastery,Monastery,1
1220,Labrang Shar,Monastery,1
1221,Lhamo Latso,Lake,1079
1222,Manasarovar,Lake,1079
1224,Nyarong Gojam Gon,Monastery,1
1226,Chodrak Gon,Monastery,1
1227,Namchen Drakkar,Hermitage,950
1227,Namchen Drakkar,Cave,1622
1228,Nub Padmo De,Monastery,1
1229,Hardong Khamtsen,Monastery,1
1230,Taklung Drak,Hermitage,950
1231,Ling Khamtsen,Monastery,1
1232,Drakkar Taso,Hermitage,950
1232,Drakkar Taso,Cave,1622
1233,Tikchi Monastery,Monastery,1
1234,Khachar,Monastery,1
1235,Tubchen Dargye Ling,Monastery,1
1236,Druk Jangchub Choling,Monastery,1
1237,Taklung Tarling Chode,Monastery,1
1238,Wonto Monastery,Monastery,1
1240,Tanak Pu Monastery,Monastery,1
1241,Ya Nga Chamda Ganden Khacho Ling,Nunnery,1505
1242,Khangmar Monastery,Monastery,1
1243,Khangmar,Monastery,1
1244,Khemar Monastery,Monastery,1
1245,Pema Shelpuk,Hermitage,950
1245,Pema Shelpuk,Cave,1622
1246,Ara Khamtsen,Monastery,1
1247,Chimilung,Monastery,1
1248,Shadrang ,Monastery,1
1249,Changlung Monastery,Monastery,1
1250,Drentang Monastery,Monastic College,1623
1251,Zangchen Monastery,Monastery,1
1254,Gyakhar Gar,Monastery,1
1255,Dzogon,Monastery,1
1256,Dungsam Riwo Tengyeling,Monastery,1
1257,Trashigang Dzong,Monastery,1
1258,Kongpo Bonri,Mountain,1080
1259,Penyul Drosa,Monastery,1
1261,Rashel,Monastery,1
1262,Belo Hermitage,Hermitage,950
1263,Gyelpak Monastery,Monastery,1
1264,Kunub Monastery,Monastery,1
1265,Khyunggon Monastery,Monastery,1
1266,Menri (Dolanji),Monastery,1
1267,Kyangtsang,Monastery,1
1268,Drati House,Monastery,1
1270,Dechenpuk,Monastery,1
1271,Tarpeling,Monastery,1
1272,Namtso,Lake,1079
1273,Pomda Sangngak Dechen Monastery,Monastery,1
1274,Zhamar Monastery,Monastery,1
1275,Tsogyel Latso,Lake,1079
1276,Nedruk Lhakhang,Monastery,1
1277,Zhiwa Gon,Monastery,1
1278,Dakpa Shelri,Mountain,1080
1279,Shabme Gomne,Monastery,1
1280,Gandan Tegchenling,Monastery,1
1281,Drayab Monastery,Monastery,1
1282,Drokge Monastery,Monastery,1
1283,Thikse Monastery,Monastery,1
1284,Dzato Changmai Monastery,Monastery,1
1286,Zangri Monastery,Monastery,1
1287,Tawang Monastery,Monastery,1
1288,Kharteng Monastery,Monastery,1
1289,Shauk Tago,Monastery,1
1291,Khawa Lungri,Hermitage,950
1291,Khawa Lungri,Cave,1622
1292,Chuwar Monastery,Monastery,1
1294,Lo Monastery,Monastery,1
1295,Dambadarjaa Monastery,Monastery,1
1296,Chungchen Peldzong,Hermitage,950
1296,Chungchen Peldzong,Cave,1622
1297,Namtseding Monastery,Monastery,1
1298,Surkhang Printery,Manor,727
1299,Taktsang Monastery,Monastery,1
1300,Zhungpa Khamtsen,Monastery,1
1301,Doto Den Chokhor,Monastery,1
1302,Demo,Monastery,1
1303,Gangri Tokar,Hermitage,950
1305,Sani Gonpa,Monastery,1
1306,Taklung Drilung,Hermitage,950
1307,Nyakla Gar,Monastery,1
1308,Karchung Doring,Monastery,1
1309,Shukchung,Monastery,1
1311,Zambulung,Hidden Land,1310
1312,Roerich House,Manor,727
1313,Dzonggo,Monastery,1
1315,Lhopa Khamtsen,Monastery,1
1316,Khordong Monastery,Monastery,1
1317,Nyetang Mokchok,Monastery,1
1318,Zhichen Monastery,Monastery,1
1320,Shukjung Monastery,Monastery,1
1321,Baḥne Monastery ,Monastery,1
1322,Batang Drubgon,Monastery,1
1323,Do Dorje Drak,Monastery,1
1324,Lelung Monastery,Monastery,1
1325,Yamdrok Lake,Lake,1079
1327,Nyarongsha School,School,1326
1329,Chumik,Monastery,1
1330,Bakha,Monastery,1
1331,Odantapuri,Monastery,1
1332,Yanglesho,Hermitage,950
1333,Namo Buddha,Stupa,2
1334,Anja Ritro,Hermitage,950
1335,Dzogchen Yamāntaka Cave,Hermitage,950
1336,Pungpo Riwoche,Monastery,1
1337,Khardo Monastery,Monastery,1
1338,Kyodrak Monastery,Monastery,1
1339,Lhadrang Monastery,Monastery,1
1340,Mendong Monastery,Monastery,1
1340,Mendong Monastery,Temple,3
1341,Namgyel Ling,Monastery,1
1342,Pangpuk,Monastery,1
1343,Yamalung,Hermitage,950
1344,Yilhung Lhatso,Lake,1079
1345,Yumbu Lagang,Palace,886
1346,Sengge Yumtso,Lake,1079
1347,Sinpo Ri Lhakhang,Temple,3
1348,Hepo Ri,Mountain,1080
1349,Tashi Podrang,Palace,886
1350,Pemaling Lake,Lake,1079
1351,Gontang Bumpa,Stupa,2
1352,Ngedon Dongak Chokhor Ling,Monastery,1
1353,Pemayangtse,Monastery,1
1354,Namgyal Institute of Tibetology,School,1326
1355,Vikramaśīla,Monastic College,1623
1356,Drakmar Drinzang,Hermitage,950
1359,Drak Lhalubuk,Monastery,1
1359,Drak Lhalubuk,Temple,3
1361,Shardza Hermitage,Hermitage,950
1362,Rinpung Monastery,Monastery,1
1363,Taktse Hermitage,Hermitage,950
1364,Khyunglung Ngulkhar,Monastery,1
1365,Dachen,Monastery,1
1366,Drakkar Jago,Hermitage,950
1367,Samdrub,Monastery,1
1368,Nateng,Monastery,1
1369,Gyarong Khamtsen,Monastery,1
1370,Indo Tibetan Buddhist Cultural Institute,School,1326
1372,Śāntipura,Temple,3
1373,Dranang Jampa Ling,Monastery,1
1374,St. Joseph's School,School,1326
1376,Chode (Denma),Temple,3
1377,Ximing Temple,Monastery,1
1377,Ximing Temple,Temple,3
1378,Daci'ensi,Monastery,1
1379,Xiuduo Monastery,Monastery,1
1380,Kilung,Monastery,1
1386,Ney Monastery,Nunnery,1505
1387,Wosel Monastery,Monastery,1
1388,Tolung Tsendro,Monastic College,1623
1390,Zhok Gurmon,Monastery,1
1391,Ngonga Choding,Monastery,1
1392,Tashi Lhapuk,Monastery,1
1393,Chamdo Drolma Lhakhang,Monastery,1
1394,Dangkhar,Monastery,1
1395,Samye Ling,Dharma Center,1444
1396,Kanchendzonga,Mountain,1080
1397,Borobudur,Temple,3
1398,Daktok,Monastery,1
1399,Gyama Rinchen Gang,Monastery,1
1400,Riwo Dangchen,Monastery,1
1401,Kamkam Monastery,Monastic College,1623
1402,Nyenchen Tanglha,Mountain,1080
1403,Ridrak,Monastery,1
1404,Galenteng,Monastery,1
1405,Matho,Monastery,1
1406,Spituk,Monastery,1
1406,Spituk,Temple,3
1407,Stok Royal Palace,Palace,886
1408,Samstanling,Monastery,1
1409,Petub Khamsten,Monastery,1
1410,Mulagandhakuti Vihara,Monastery,1
1411,Central Institute of Buddhist Studies,School,1326
1412,Pethub Stangey Choskhorling,Monastery,1
1413,Ivolginsky Datsan,Monastery,1
1414,Key,Monastery,1
1415,Bengen,Monastery,1
1416,Sonada,Monastery,1
1417,Diskit,Monastery,1
1418,Charasa,Monastery,1
1419,Ensa,Monastery,1
1420,Tsazar,Monastery,1
1421,Stongdey,Monastery,1
1422,Phuktal,Monastery,1
1423,Karsha,Monastery,1
1426,Taktsang Lhamo Kīrti,Monastery,1
1428,Achung Namdzong,Monastery,1
1429,Bo Gangkar Monastery,Monastery,1
1430,Dagam Wangpuk,Hermitage,950
1431,Mahā Kyilung,Monastery,1
1432,Kachok,Monastery,1
1433,Minyak Kyernang,Monastery,1
1434,Kardza,Monastery,1
1435,Lautang,Monastery,1
1436,Pema Ritro,Hermitage,950
1437,Tabka,Monastery,1
1438,Trawakha,Monastery,1
1439,Tangsak,Monastery,1
1440,Young Lama's Home School,School,1326
1441,Lekshe Nyida Ling,Monastery,1
1442,Naropa University,School,1326
1443,Gampo Abbey,Monastery,1
1445,Karmê Chöling,Dharma Center,1444
1447,Boulder Shambhala Center,Dharma Center,1444
1448,Shambhala Mountain Center,Dharma Center,1444
1449,Yak Monastery,Monastery,1
1450,Lhapu Mokchok,Monastery,1
1452,Kagyu Kunchab Chuling,Dharma Center,1444
1453,Kunzang Dechen Osel Ling,Dharma Center,1444
1454,Kagyu Dzamling Kunchab,Dharma Center,1444
1455,Kagyu Droden Kunchab,Dharma Center,1444
1456,Karma Rimay O Sal Ling,Dharma Center,1444
1457,Kagyu Changchub Chuling,Dharma Center,1444
1458,Kagyu Shenpen Kunchab,Dharma Center,1444
1459,Kagyu Dzong,Dharma Center,1444
1460,Kagyu Ling,Dharma Center,1444
1460,Kagyu Ling,Temple,3
1461,Kagyu Thubten Chöling,Dharma Center,1444
1462,Sherabling,Monastery,1
1463,Sengchen Namdrak,Hermitage,950
1464,Gagu Hermitage,Hermitage,950
1465,Drakmar Keutsang,Hermitage,950
1466,Drinyendong,Hermitage,950
1467,Sengchen Namdrak Monastery,Monastery,1
1468,Tsarashab Hermitage,Hermitage,950
1469,Garpa Ritro,Hermitage,950
1470,Birla House,Manor,727
1471,Chopra House,Manor,727
1472,Drepung (India),Monastery,1
1473,Buxa Chogar Tosam Tardo Ling,Monastic College,1623
1474,Ganden Tritok Khang (India),Monastery,1
1475,Ganden Pelgye Ling,Monastery,1
1476,Chokhor Ling,Monastery,1
1477,Ganden (India),Monastery,1
1478,Ling Khamtsen (India),Monastery,1
1479,Labsum Shedrub Ling,Monastery,1
1480,Pombora Khamtsen,Monastery,1
1481,Ngopu Yangchen Puntsok Ling,Monastery,1
1482,Bomrak Ganden Dondrub Ling,Monastery,1
1486,Adu Yakgo ,Monastery,1
1487,Datsang,Monastery,1
1488,Damtok,Monastery,1
1489,Tridu Kelzang,Monastery,1
1490,Serjong,Monastery,1
1491,Guzi,Monastery,1
1492,Takmo Lingkha,Monastery,1
1493,Baradrak Dondrubding,Monastery,1
1494,Lumbini,Stupa,2
1496,Dzinda Neseb,Hermitage,950
1497,Dzonyak Samdrub,Monastery,1
1498,Tubten,Monastery,1
1499,Dzonggo,Monastery,1
1500,Jasa Lhakhang,Temple,3
1501,Druk Dechen Chokhor,Monastery,1
1502,Karma Chokhor Dechen Ling,Nunnery,1505
1504,Ka-Nying Shedrub Ling,Monastery,1
1506,Karma Migyur Ling,Monastery,1
1507,Dhagpo Kagyu Ling,Monastery,1
1508,Buddhistisk Center Kobenhavn,Dharma Center,1444
1509,Karma Triyana Dharmachakra,Monastery,1
1510,Khampa Gar (Tashi Jong),Monastery,1
1511,Karma Drubgyu Thargay Ling,Nunnery,1505
1512,Karma Drupgyud Choeling,Monastery,1
1513,Shri Karma Raja Mahavihara,Monastery,1
1515,Tawu Sangngak Chokdrub Ling,Monastery,1
1516,Lhalam,Monastery,1
1517,Lachab,Monastery,1
1518,Sangngak Choling,Monastery,1
1520,Taser,Nunnery,1505
1521,Ru Gonsar,Monastery,1
1522,Labrang Gyuto Dratsang,Monastic College,1623
1523,Labrang Gyume Dratsang,Monastic College,1623
1524,Ghum Yiga Choeling,Monastery,1
1526,Dubdi,Monastery,1
1527,Sangngak Choling,Monastery,1
1528,Doling,Monastery,1
1529,Ralong,Monastery,1
1530,Men-tsee-khang,Hospital,1129
1532,Dranggyekha,Monastery,1
1533,Do Chorten,Monastery,1
1534,Tsangsar Namgon,Monastery,1
1535,Gechak Monastery,Nunnery,1505
1536,Dzonggo Ling,Hermitage,950
1537,Nagi Gonpa,Nunnery,1505
1538,Tergar Ösel Ling,Monastery,1
1539,Hiraṇyavarṇa Mahāvihāra,Temple,3
1541,Pema Khyung Dzong,Monastery,1
1542,Benchen,Monastery,1
1543,Central Tibetan Administration,Government Building,885
1544,Pema Choling,Monastery,1
1545,Jekhar Chode Gon,Monastery,1
1546,Drapu Choling,Monastery,1
1548,Tashi Choling,Monastery,1
1549,Kagyu Gonsar,Monastery,1
1551,Chakkyi Yangtse,Hermitage,950
1552,Chungtang,Monastery,1
1554,Jangchub Chokhor Ling,Monastery,1
1555,Tangkya Gon,Monastery,1
1556,Drakkar,Monastery,1
1557,Potala School,School,1326
1558,Sokmo Palace,Palace,886
1559,Ganden Chokhor Ling,Monastery,1
1560,Lhalung Ritro,Hermitage,950
1561,Drumpa Manor House,Manor,727
1562,Dramagang,Hermitage,950
1563,Dosib,Monastery,1
1564,Dungdo,Monastery,1
1565,Dzamtok,Monastery,1
1566,Shangto,Monastery,1
1567,Rabten,Monastery,1
1568,Wara,Monastery,1
1569,Khalek,Hermitage,950
1570,Dogyu Tosam Ling,Monastic College,1623
1572,"Sakya Monastery, Seattle",Dharma Center,1444
1573,Tharlam,Monastery,1
1574,Jetsun Sakya Center,Dharma Center,1444
1575,Rizong,Monastery,1
1576,Tashigang,Monastery,1
1578,Labu,Monastery,1
1579,Terlam,Monastery,1
1585,Sera (India),Monastery,1
1586,Tashi Lhunpo (India),Monastery,1
1587,Stakna,Monastery,1
1588,Bardan,Monastery,1
1589,Padum Palace,Palace,886
1591,Jamchen Lhakhang,Temple,3
1592,Rinding,Nunnery,1505
1593,Lo Gekar,Monastery,1
1594,Dharma Swami Buddha Vihara,Monastery,1
1595,Tsarang,Monastery,1
1596,Namgyel Chode,Monastery,1
1597,Tangtong Gyelpo Lhakhang,Temple,3
1598,Shukden Lhakhang,Temple,3
1600,Montang Chode,Monastery,1
1601,Kak Chode,Monastery,1
1602,Gemi,Monastery,1
1603,Dzong Chode,Monastery,1
1604,Beru Lachen,Monastery,1
1605,Gar Gon,Monastery,1
1607,Putou Shan,Mountain,1080
1608,Kandze Shedrub Norbu Ling,Monastery,1
1609,Lingyin Temple,Temple,3
1610,Yarlung Tashi Chode,Cave,1622
1611,Sakya Centre,Monastery,1
1612,Shakya Shei-Drub Ling,Dharma Center,1444
1613,Lerab Ling,Dharma Center,1444
1613,Lerab Ling,Monastery,1
1613,Lerab Ling,Temple,3
1615,Dzogchen Monastery India,Monastery,1
1617,Tartse Labrang,Monastery,1
1618,Pende Labrang,Monastery,1
1619,Khangsar Labrang,Monastery,1
1620,Luding Labrang,Monastery,1
1624,Yutsa,Monastery,1
1625,Ditsa Parkhang,Monastery,1
1627,Pangshar,Monastery,1
1628,Asura Cave,Cave,1622
1630,Dongtok,Monastery,1
1631,Dhīpu,Monastery,1
1632,Yakze,Monastery,1
1633,Khyungtak,Hermitage,950
1634,Tenpel,Monastery,1
1636,Bumsar,Monastery,1
1637,Pema Osel Ling,Dharma Center,1444
1639,Rigdzin Gatsel,Dharma Center,1444
1640,Ati Ling,Dharma Center,1444
1641,Rigdzin Ling,Dharma Center,1444
1641,Rigdzin Ling,Hospital,1129
1642,Khadro Ling,Dharma Center,1444
1644,Richung,Hermitage,950
1645,Sarwahai,Hermitage,950
1646,Do Dzong Hermitage,Hermitage,950
1647,Nechen Pema Ritro,Hermitage,950
1648,Zhakdra Yumtso,Hermitage,950
1648,Zhakdra Yumtso,Lake,1079
1649,Pelri,Monastery,1
1651,Kyire School,School,1326
1653,Chobar,Temple,3
1655,Tarpa Tse,Hermitage,950
1656,Kunzang Odsal Palyul Changchub Choling ,Dharma Center,1444
1657,Palyul Retreat Center,Dharma Center,1444
1658,Dagpo Shedrubling Monastery,Monastery,1
1659,Drepung Gomang India,Monastic College,1623
1660,Se Monastery,Monastery,1
1661,Takten Puntsok Choling,Monastery,1
1662,Lingshed,Monastery,1
1664,Nyingma Institute,Dharma Center,1444
1665,Yeshe Nyingpo,Dharma Center,1444
1666,Garchen Buddhist Institute,Dharma Center,1444
1667,Orgyen Chö Dzong,Dharma Center,1444
1668,Tibet Center,Dharma Center,1444
1670,Vajrapani Institute,Dharma Center,1444
1671,Rigdzin Gatsel Ling ,Hermitage,950
1673,Jangkar Monastery,Monastery,1
1674,Yaso Monastery,Monastery,1
1676,Nego Monastery,Monastery,1
1678,Tekchen Choling Tsuklagkhang,Temple,3
1679,Dashchoilin Khiid,Monastery,1
1681,Geden Sheddup Choikorling,Monastery,1
1682,Green Tara Center,Dharma Center,1444
1683,Moscow Buddhist Center Lama Tsongkhapa,Dharma Center,1444
1685,Lachen Monastery,Monastery,1
1686,Thangu Monastery,Monastery,1
1687,Changra Palace,Palace,886
1688,John Giorno Foundation,Dharma Center,1444
1689,Tashi Gomang Stupa,Stupa,2
1690,Tibet House,Dharma Center,1444
1691,Deer Park Buddhist Center,Dharma Center,1444