Name,TOL ID,Wylie,Tibetan,Chinese,En Name Variants,Wylie Name Variants,Tibetan Name Variants,Family Type Id,Family Type,Family Type Wylie,Family Type Tibetan,Family Type Chinese,Lhasa Aristocracy Type English,Lhasa Aristocracy Type Wylie,Lhasa Aristocracy Type Tibetan,Lhasa Aristocracy Type Chinese,Description,BDRC ID,Members
Adro,TOL598,a gro,ཨ་གྲོ།,,,,,4,clan,rigs,རིགས།,氏族,,,,,"<p>
	One of the nine separate sub-clans of the Ga ancestral clan, also known as the Mu ancestral clan. <a href=""/biographies/view/Sonam-Chophel/TBRC_P8688"">Sonam Chophel</a>, the sixteenth abbot of Śrī Siṃha College at Dzogchen Monastery, was born in the district of Rudam in Kham to the Adro clan.</p>",C11MS164,11427
Akyong,TOL614,a skyong,ཨ་སྐྱོང་།,,,,,4,clan,rigs,རིགས།,氏族,,,,,"<p>
        The name of Akyong is said to have been the name of the first head of the clan. His son Tenzin inherited his position and was appointed as chieftain by the Qing court, which included the duties of administrative leader, commander of the armed forces, and regulator and enforcer of the rules. When Tenzin's son Tsering Puntsok was in power, a new branch of the tribe formed, which came to be known as Gongma. Tsering Puntsok had two sons: Tsewang Bum, who had no sons of his own, and Danlong, who inherited his elder brother's position and passed it on to his own sons. The eldest of Danlong's four sons initiated the Khangsar family, which means &quot;new house,&quot; while the second son took charge of the main line of the Akyong clan and renamed it Khanggen, or &quot;old house.&quot; Danlong's fourth son was the first head of the Gongma, the name of which refers to the location of the family in the upper, or higher part of the valley. Together these three&mdash;Khangsar, Khanggen, and Gongma&mdash;made up the three divisions of the Akyong clan. <a href=""/biographies/view/Do-Khyentse-Yeshe-Dorje/TBRC_P698"">Do Khyentse Yeshe Dorje</a> was born into this clan in the nineteenth century.</p>",C11MS165,9612; 13864; 13868
Apang,TOL698,a phang,ཨ་ཕང་།,,,a paM; a pang,ཨ་པཾ་; ཨ་པང་།,4,clan,rigs,རིགས།,氏族,,,,,<p>We do not have more information on this clan.</p>,,8651
Arik,TOL600,a rig,ཨ་རིག།,,Sogwo Arik; Sokwo Arik; Arig; Ga Arik,sga a rig,སྒ་ཨ་རིག།,4,clan,rigs,རིགས།,氏族,,,,,"<p>
        The Arik clan, known also as Sokwo Arik, is a large, traditionally nomadic group of Tibetan-speaking Mongols native to Amdo's Mount Amnye Machen, eastern Yarmotang and Drakar Treldzong, areas that are part of present-day Qinghai. In the 16th century, leaders of the Arik clan are said to have invited the <a href=""/biographies/view/Third-Dalai-Lama-Sonam-Gyatso-/TBRC_P999"">Third Dalai Lama Sonam Gyatso </a>to spread Buddhism in the area. </p>
<p>
        According to The Treasure of the Ancestral Clans of Tibet, based on the Golok Rudzod, the ancestral <a href=""/communities/view/Mu-clan/TBRC_C11MS138"">Mu clan</a> is also known by different names, such as dmu tsha sga, thang le sga, rmu, dmu and sga. They were said to hold the three vast plains of Kham Yarmotang, the Jang Karmotang and Tsongkha Lakyitang of Amdo. The Ga includes nine separate sub-clans including the Arik: Adro/ sga a gro, Arik/ sga arik, Adruk/ sga a &lsquo;brug, Atrom/a khrom and Ashing/ sga shing, established by the nine separate children of dmu tsha sga.</p>",C75,5479
Azha,TOL602,'a zha,འ་ཞ་།,,,,,4,clan,rigs,རིགས།,氏族,,,,,"<p>
        The Azha kingdom settled around Lake Kokonor, and its people became known as the Azha. In the 7th century, King Songtsen Gampo defeated the Azha and subsumed them into the Tibetan empire. Thus the Azha became a new Tibetan clan or tribe. Songtsen's son Gungri Gungtsen's queen was Azha. Gene Smith notes in Among Tibetan Texts that the Se ancestral clan included the Azha.</p>",C11MS166,
Ba,TOL592,sba,སྦ།,,,dba,དབ།,4,clan,rigs,རིགས།,氏族,,,,,"<p>
        A clan that supported the winning Indian side in the so-called Samye Debate in the 8th century. <a href=""/biographies/view/Ba-Selnang/TBRC_P5658"">Ba Selnang</a> of Ba clan, a figure in King Trisong Detsen's court, is thought to have written The Testament of Ba (sba bzhed), the earliest surviving history of Tibet.</p>",,
Ban,TOL601,ban,བན།,,,,,4,clan,rigs,རིགས།,氏族,,,,,"<p>
        The Ban clan originated from the ministers of Nyangro Chekar (myang ro mched dkar), one of the 12 kingdoms of Tibet's pre-imperial period. The Ban clan is a branch of the Drokmi clan. <a href=""/biographies/view/Drokmi-Lotsāwa/TBRC_P3285"">Drokmi Lotsāwa</a> was a member of this clan.</p>",C11MS168,5615
Begu,TOL649,be gu,བེ་གུ།,,,,,4,clan,rigs,རིགས།,氏族,,,,,"<p>
        The Begu family lived on the Gyer estate in the Yarlung valley, where they were hereditary chiefs in the area, along with the Negu clan. The Begu family is of the Khangsar, or 'new house', family. In this lineage, the elder brother would become a monk and the head of the Trandruk temple while the younger brother would become a householder and inherit the non-religious post of his father, a general.</p>",C11MS137,5
Ber,TOL604,ber,བེར།,,,,,4,clan,rigs,རིགས།,氏族,,,,,"<p>
        We do not have much information about the Ber clan. Trulzhik Dombu, the second lineage holder of the <em>Nyengyu Rigpa Cherthong</em> cycle of Bon Dzogchen teaching, was born to the Ber clan.</p>",,13083
Bitsa,TOL683,sbi tsha,སྦི་ཚ།,,,,,4,clan,rigs,རིགས།,氏族,,,,,"<p>
        The Bitsa clan was a prominent clan in the Golok region. The <a href=""/biographies/view/Tenth-Karmapa/TBRC_P1382"">Tenth Karmapa, Choying Dorje</a> was a member of this clan.</p>",C11MS213,
Bochung,TOL47,bo chung,བོ་ཆུང་།,,,,,4,clan,rigs,རིགས།,氏族,,,,,"<p>
        The Bochung clan is a sub-clan of the Mukpo clan. The <a href=""/biographies/view/First-Dodrubchen-Jigme-Trinle-Ozer/TBRC_P293"">First Dodrubchen, Jigme Trinle Ozer</a> was born into the Bochung clan.</p>",C11MS131,
Chakdu Nyarong,TOL1011,lcags mdud nyag rong,ལྕགས་མདུད་ཉག་རོང་།,,,,,4,clan,rigs,རིགས།,氏族,,,,,"<p>
        The Chakdu Nyarong family from Kham is associated with the Nyingma tradition. The First Tsopu Drubchen, <a href=""/biographies/view/Choying-Rangdrol/TBRC_P6010"">Choying Rangdrol</a>, was from this family.</p>",,8583
Chakgong,TOL211,lcag gong,ལྕག་གོང་།,,,,,4,clan,rigs,རིགས།,氏族,,,,,"<p>
	A clan probably from Kham. <a href=""/biographies/view/Dzongsar-Khyentse-Chokyi-Lodro/TBRC_P733"">Dzongsar Khyentse Chokyi Lodro,</a> born in Derge in Kham, was of the Chakgong clan.</p>",,9990
Chakhung,TOL605,lcag khung,ལྕག་ཁུང་།,,,,,4,clan,rigs,རིགས།,氏族,,,,,"<p>
	The Chakhung is a clan from Golok. Khenpo <a href=""/biographies/view/Jigme-Puntsok/TBRC_P7774"">Jigme Puntsok</a> was born to the Chakhung clan in Dokhok, Golok region in 1933.</p>",C11MS197,10457
Che,TOL46,lce,ལྕེ།,,,,,4,clan,rigs,རིགས།,氏族,,,,,"<p>
        The Che were one of the eighteen divisions of the ancestral clan of Go. During Tibet's imperial period, members of the Che were ministers and translators. Another prominent member was <a href=""/biographies/view/Chetsun-Sherab-Jungne/TBRC_p1AG32"">Chetsun Sherab Jungne</a> who founded <a href=""/geographies/view/Zhalu-Monastery-/TBRC_G275"">Zhalu Monastery </a>with the establishment of the Serkhang Tramo temple in 1027.</p>",C11MS198,495; 13456
Chim,TOL666,mchims,མཆིམས།,,,'chims,འཆིམས།,4,clan,rigs,རིགས།,氏族,,,,,"<p>
	The Chim were a powerful clan during the time of the Yarlung dynasty. In pre-imperial times, there were said to be 12 kingdoms or principalities. The Chim, known also as 'chims, controlled one of these principalities, then called Chimyul or the land of the Chims and present-day Chim in Dranang dzong, TAR. King Trisong Detsen took a consort from the Chim clan. King Tride Songtsen's queen Lekmotsen (legs mo btsan) was also from the Chim clan, and the king also had a number of Chim zhang ministers (the word zhang standing for the queen's uncles) holding the highest rank in court.</p>",C80,
Cho,TOL659,,,,,,,4,clan,rigs,རིགས།,氏族,,,,,"<p>
	The clan of Cho lived in the <a href=""/geographies/view/Amnye-Machen/TBRC_G3214"">Amnye Machen</a> region known as Trika in Amdo in present day Qinghai. The region carries the name of a powerful spirit in the retinue of Machen Pomra, the patron deity of the region. <a href=""/biographies/view/Zhabkar-Tsokdruk-Rangdrol/TBRC_P287"">Zhabkar Tsokdruk Rangdrol</a>, one of Tibet's foremost yogis, was a member of the Cho clan.</p>",,
Chungpa,TOL147,gcung pa,གཅུང་པ།,,,,,4,clan,rigs,རིགས།,氏族,,,,,"<p>
	A clan in Tibet that was in existence by at least the 12th century. <a href=""/biographies/view/Lorepa-Wangchuk-Tsondru/TBRC_P4252"">Lorepa Wangchuk Tsondru</a> <span class=""biog-date-small"">(b.1187 - d.1250) </span>was of the Lonang branch of the Chungpa clan. According to the bod kyi gdung rus zhib 'jug, the Chungpa clan was from the Sok county area of the Tibet Autonomous Region.</p>",,
Dak,TOL281,dwags,དྭགས།,,,,,4,clan,rigs,རིགས།,氏族,,,,,"<p>
	A clan from pre-imperial times. Before the time of the Yarlung dynasty, there were said to be 12 kingdoms or principalities. The Dak or Dakpo clan controlled one of these principalities called Dakyul Semo Druzhi. During Songtsen Gampo's time, the area the Dakpo clan lived in was part of Yoru. Now the area is part of Gyaza dzong and Lung dzong in the TAR. <a href=""/biographies/view/Gampopa-Sonam-Rinchen/TBRC_P1844"">Gampopa Sonam Rinchen</a>, also known as Dakpo Lhaje, was a prominent member of the Dakpo clan.</p>",C11MS184,3168; 8868
Dawa,TOL51,zla ba,ཟླ་བ།,,,,,4,clan,rigs,རིགས།,氏族,,,,,"<p>
        According to the Golok Clan History, the Dawa or Da is one of the six original clans. These are the great clans of Se, Mu, Dong and Tong and the so-called inferior clans of Ba and Da. All the ordinary people are said to derive from the lines of Ba and Da. Some people speak of a seventh lineage, the Go clan-- the Ba clan is said to have been founded by the descendants of the uncle line of the Go clan while the Da clan is said to have been founded by the descendants of the nephew line. <a href=""/biographies/view/Do-Khyentse-Yeshe-Dorje/TBRC_P698"">Do Khyentse Yeshe Dorje</a>'s mother was from the Dawa clan.</p>",,9612
Den Atub Tsang,TOL967,'dan a thub tshang,འདན་ཨ་ཐུབ་ཚང་།,,,,,4,clan,rigs,རིགས།,氏族,,,,,"<p>
	The Den Atub Tsang family was from the town of Den in Kham. Brothers <a href=""/biographies/view/Jikdrel-Tsewang-Dorje/TBRC_P3AG42"">Jikdrel Tsewang Dorje</a> and <a href=""/biographies/view/Rangjung-Rigpai-Dorje/TBRC_P865"">Rangjung Rigpai Dorje</a>  (the Sixth Dzogchen Ponlob and Sixteenth Karmapa, respectively) were from this family.</p>",,11385; 13152
Denma,TOL658,ldan ma,ལྡན་མ།,,,,,4,clan,rigs,རིགས།,氏族,,,,,"<p>
	<span style=""color: rgb(0, 0, 0); font-family: arial, sans, sans-serif; font-size: 12.727272033691406px; white-space: pre-wrap;"">The Denma clan originated in the time of the Yarlung dynasty, during the reign of Tibet's Eighth King Tri Songdetsen. Denma is one of the three lineages of the East, as classified in one fifteenth century text. The place Denma, which must be associated with the lineage, is in Kham. </span></p>",,
Depa Tonpo,TOL606,sde pa mthon po,སྡེ་པ་མཐོན་པོ།,,,,,4,clan,rigs,རིགས།,氏族,,,,,"<p>
	The Depa Tonpo clan ruled over other families in the Uru Penpo region during the seventeenth century. The <a href=""/biographies/view/First-Zhechen-Rabjam,-Tenpai-Gyeltsen/TBRC_P661"">First Zhechen Rabjam, Tenpai Gyeltsen</a>, was born into this family. </p>",C11MS219,9213
Dilgo,TOL975,dil mgo,དིལ་མགོ།,,,,,4,clan,rigs,རིགས།,氏族,,,,,"<p>
	The Dilgo family was based in the Derge region of Kham. The family claimed descent from King Tri Songdetsen. They were a main supporter of <a href=""/biographies/view/Jamyang-Khyentse-Wangpo/TBRC_p258"">Jamyang Khyentse Wangpo</a>, whose reincarnation, <a href=""/biographies/view/Dilgo-Khyentse/TBRC_P975"">Dilgo Khyentse</a>, was born into their family.</p>",,8825
Dong,TOL131,ldong,ལྡོང་།,,,,,4,clan,rigs,རིགས།,氏族,,,,,"<p>
	One of the Four Great Ancestral Clans along with Se, Mu and Tong (Sekhyung Dra, Mutsa Ga and Athang Dru, respectively) or the Five Great Ancestral Clans if Zhingbo Go is included. According to the Treasure of the Ancestral Clans of Tibet, Dong is further divided into Karpo Dong, Nakpo Dong, Trapo Dong and Mukpo Dong. There are eighteen sub-clans of the Dong, which include the Toktsa, Moktsa and Gotsa. A large number of Dong people are Bonpo. Donggom Zhikpo, the 13th century lineage holder of the <em>Nyengyu Rigpa Chertong</em> tradition of Bon Dzogchen belonged to the sub-family of Wang-yak belonging to the Dong clan.</p>
<p>
	According to the 15<sup>th</sup> century bshad mdzod chen mo, the eighteen sub-clans of Dong are: cog, cog tse, cog ro or chog ro, &lsquo;brong or possibly &lsquo;brom, khyung po, zla ba, &lsquo;bring, lha lung, lha rtse, brang, &lsquo;gos or mgos, khu na, nya or nyang, tshe pong, lu nag, snying or snyi, pho gong or pho yong, and thag bzang.</p>",C71,6110
Dra,TOL619,sbra,སྦྲ།,,,,,4,clan,rigs,རིགས།,氏族,,,,,"<p>
	Also known as Sekhyung Dra. One of the Four Great Ancestral Clans with Mutsa Ga, Apo Dong and Athang Dru (and one of the Five Great Ancestral Clans if Zhingbo Go is also included). The ancestral clan Dra is composed of: Drakar, Dratra and the Dranak and has many branches such as the Chedruk, the Chukdruk and the Tsendruk. Drakar has 12 branches, although some people also speak of 6 branches instead. Dra is the principal clan from which the people of Zhang Zhung were descended.</p>",C11MS169,2980
Drangti,TOL820,brang ti,བྲང་ཏི།,,,,,4,clan,rigs,རིགས།,氏族,,,,,"<p>
	The Drangti clan trace their origin to the Yarlung dynasty, during the time of Tibet's eighth king <a href=""/biographies/view/Tri-Songdetsen/TBRC_P7787"">Tri Songdetsen</a>. The family  controlled the <a href=""/geographies/view/Tartse-Labrang/TBRC_G2CN10992"">Tartse Labrang</a> of <a href=""/geographies/view/Ngor-Monastery/TBRC_g211"">Ngor Monastery</a> beginning in the sixteenth century, and produced numerous abbots of the monastery.<br />
	 </p>",C11MS171,7718; 10452; 13246; 13788; 13794; 13795; 13797
Dre,TOL54,'bre,འབྲེ།,,,,,4,clan,rigs,རིགས།,氏族,,,,,"<p>
	<a href=""/biographies/view/Gyelwai-Lodro/TBRC_P3AG58"">Gyelwai Lodro</a>, counted as one of Padmasambhava's twenty-five disciples, belonged to this clan. We do not have any more information about this clan. </p>",C11MS172,13057
Drenka,TOL69,bran ka,བྲན་ཀ།,,,,,4,clan,rigs,རིགས།,氏族,,,,,"<p>
	The Drenka clan originated in the Yarlung dynasty period, in the reign of Tibet's fortieth King <a href=""/biographies/view/Mutik-Tsenpo/TBRC_P2MS13217"">Mutik Tsenpo</a>. His minister Drenka Yonten was from the Drenka clan. This clan seems to have settled around Penyul in central Tibet. <a href=""/biographies/view/Barompa-Darma-Wangchuk/TBRC_P1856"">Barompa Darma Wangchuk</a> also belonged to this clan.</p>",C11MS170,
Dro,TOL264,gro,གྲོ།,,,,,4,clan,rigs,རིགས།,氏族,,,,,"<p>
	One of the most important and early clans, the aristocratic Dro were based in the border area east of Kokonor. The Empress Trimalo Triteng or Trimolek (khri mo legs), the de facto regent of the Tibetan empire in the latter half of the 7th century, was from the Dro clan. Emperor Trisong Detsen also had a consort from the Dro clan. The clan was granted a zhang minister post, so the clan was very powerful in imperial times. They had a fierce rivalry with the Wa clan. The Dro wanted peace between China and Tibet and were devoted to Chinese Buddhism whereas the Wa were devoted to Indian Buddhism.</p>",C11MS186,3957; 9590; 13509; 13869
Drokmi,TOL166,'brog mi,འབྲོག་མི།,,Drogmi,,,4,clan,rigs,རིགས།,氏族,,,,,"<p>
	The Drokmi clan dates back to the time of the Yarlung dynasty. <span class=""biog-name-large""><a href=""/biographies/view/Drokmi-Pelgyi-Yeshe/TBRC_P8402"">Drokmi Pelgyi Yeshe</a> was born into this clan in the eighth</span><span class=""biog-date-small""> century, and in the eleventh century, </span><a href=""/biographies/view/Drokmi-Lotsawa/TBRC_P3285"">Drokmi Lotsawa</a> was born into the Ban branch of the Drokmi clan.</p>",C11MS173,5615; 11117; 13077
Drom,TOL238,'brom,འབྲོམ།,,,,,4,clan,rigs,རིགས།,氏族,,,,,"<p>
	The Drom were one of the 18 divisions of the ancestral clan of Go. They were to be found in Tolung in central Tibet. <span class=""biog-name-large""><a href=""/biographies/view/Dromton-Gyelwa-Jungne/TBRC_P2557"">Dromton Gyelwa Jungne</a> </span><span class=""biog-date-small"">(b.1004? - d.1064</span>), one of the primary disciples of Atisha, was born into this clan.</p>",C11MS136,4267; 8730; 10687
Dru ('bru),TOL1156,'bru,འབྲུ།,,,,,4,clan,rigs,རིགས།,氏族,,,,,"<p>
	The Dru clan dates back to the time of its early ancestor Dru Takgo. The Nangchen royal family belongs to this clan. The originator of the family, <a href=""/biographies/view/Trewo-Alu/TBRC_P1TD30"">Trewo Alu</a>, is considered to be the forty-fourth generation since Dru Takgo.</p>",,10561; 13572
Dru ('dru),TOL607,'dru,འདྲུ།,,,,,4,clan,rigs,རིགས།,氏族,,,,,"<p>
	The Dru clan is one of the six early clans of Tibet. Dru was an important family of Bon supporters believed to have originated in Drusha (Gilgit), which was annexed by Tibet for a time beginning in the eighth century. The Dru palace, Namtong, was located in Tobgyel to the east of Shigatse and north of the Tsangpo river. Members of the Dru family were influential in promoting the study of philosophy through the <em>Dzopuk</em>, a Bon text, a treasure text revealed by Shenchen Luga.  Dru descendant Druje Yungdrung founded Yeru Wensaka monastery, which was to form the model of instruction and conduct for the later <a href=""/geographies/view/Menri/TBRC_G4"">Menri</a> monastery.  The <a href=""/biographies/view/Fifth-Dalai-Lama/TBRC_P37"">Fifth Dalai Lama</a> recognized the <a href=""/biographies/view/The Fifth Paṇchen Lama, Lobzang Yeshe/TBRC_P106"">Fifth Paṇchen Lama, Lobzang Yeshe</a>, the reincarnation of his teacher, the <a href=""/biographies/view/Fourth-Paṇchen-Lama,-Lobzang-Chokyi-Gyeltsen/TBRC_P719"">Fourth Paṇchen Lama, Lobzang Chokyi Gyeltsen</a>, in the Dru family, leading to the transfer of their estate and wealth to Gelukpas. Eventually the entire family became followers the Geluk tradition. Until 1959, the Bon traditions of the Dru family were continuously followed in Tibet at <a href=""/geographies/view/Menri/TBRC_G4"">Menri</a>, and thereafter reestablished in India and Nepal. </p>",C11MS141,2180; 13135; 13174
Drumpa,TOL1519,bhruM pa,བྷྲུཾ་པ།,,"Trumpa, Dakpo Drumpa",,,4,clan,rigs,རིགས།,氏族,,,,,"<p>
	The Drumpa family, also known as Dakpo Drumpa, was originally from the Dakpo region where they managed large estates. They also had a home in Lhasa located south of the Jokhang.The Thirteenth Dalai Lama's elder brother, <a href=""/biographies/view/Langdun-Lobzang-Tashi/TBRC_P6682"">Langdun Lobzang Tashi</a>, took over the family in the late 1800s by marrying a daughter from the family. Lobzang Tashi's son, Drumpa Namgyel Gyeltsen, served in the military and was Commander in Chief from 1925-1929. The Dalai Lama appointed the former Nechung Oracle, Lhalungpa Gyeltsen Tarchin, to manage the Lhasa household and Dakpo estates of the Drumpa family when Namgyel Gyeltsen fell ill and subsequetly died in 1930.</p>",C31,9289; 13722
Dzeng,TOL622,'dzeng,འཛེང་།,,,,,4,clan,rigs,རིགས།,氏族,,,,,"<p>
	We do not have much information on the Dzeng clan. <a href=""/biographies/view/Gonpawa-Wangchuk-Gyeltsen/TBRC_P1322"">Gonpawa Wangchuk Gyeltsen</a> was born into a family from the Dzeng clan in Kham in the eleventh century.</p>",C11MS185,2598
Dzongchung,TOL568,rdzong chung,རྫོང་ཆུང་།,,,,,4,clan,rigs,རིགས།,氏族,,,,,"<p>
	A clan in Tibet of which Dzongchungpa <a href=""/biographies/view/Jampa-Dorje-Gyeltsen/TBRC_P5302"">Jampa Dorje Gyeltsen</a> (1424-1498) was a member.</p>",,
Dzongpa,TOL34,rdzong pa,རྫོང་པ།,,,,,4,clan,rigs,རིགས།,氏族,,,,,"<p>
	A clan that is a branch of the Sakya. <a href=""/biographies/view/Dzongpa-Kunga-Namgyel/TBRC_P3183"">Dzongpa Kunga Namgyel</a> (1432-1496) established the Dzongpa tradition of the Sakya lineage.</p>",,
Ga (dga'),TOL1040,dga',དགའ།,,,,,4,clan,rigs,རིགས།,氏族,,,,,"<p>
	The Ga clan descends from Ga Yeshe Dargye (d.u.), a minister of <a href=""/biographies/view/Tri-Relpachen/TBRC_ P2MS13218"">Tri Relpachen</a>. According to tradition, he was dispatched to Amdo to settle the areas around Ngawa, Zungchu and Dzoge with an army of ten thousand men. The <a href=""/communities/view/Chone-Kings/TBRC_TOL1033"">Chone Kings</a>, who ruled the semi-independent Chone Kingdom in eastern Amdo and later took the Chinese surname Yang, claim descent from Ga Yeshe Dargye. </p>",,3072; 6331; 6334; 6335; 6336; 6337; 6338; 6339; 6341; 6342; 6343; 6344; 6345; 6346; 6348; 6349; 6350; 6353; 13502; 13550
Ga (rgwa),TOL623,rgwa,རྒྭ།,,,,,4,clan,rigs,རིགས།,氏族,,,,,"<p>
	We do not have much information about this clan. The Ga clan's most prominent member was the important translator <a href=""/biographies/view/Ga-Lotsawa-Zhonnu-Pel/TBRC_P3674"">Ga Lotsawa Zhonnu Pel</a>, who was born in Amdo in the early twelfth century.</p>",C11MS207,6037
Gar,TOL675,mgar,མགར།,,,,,4,clan,rigs,རིགས།,氏族,,,,,"<p>
	The Gar (also spelled as 'gar) clan originate from the ministers of Newo Trana, one of the twelve kingdoms of pre-imperial Tibet. During the imperial Pugyel period, <a href=""/biographies/view/-Gar-Tongtsen/TBRC_P8117"">Gar Tongtsen</a> was an important minister to <a href=""/biographies/view/King-Songtsen-Gampo/TBRC_P8067"">King Songtsen Gampo</a>. The Gar clan became very powerful and started to threaten the power of the Yarlung dynasty. In 698, the empress <a href=""/biographies/view/Trimalo/TBRC_P3CN364"">Trimalo</a> and her son Tridusong defeated Gar Tongtsen's son, who escaped to China with his followers, and the reign of the councilors of the Gar clan came to an end. The Gar clan continued and became quite widespread, it seems, with many claiming to be the descendant of Minister Gar. Centuries later, the Gar family would gain prominence as lords of the Derge kingdom around the seventeenth century. As in other noble families, rule over the monasteries would pass to the eldest son while a younger brother would marry and continue the familial line. It is also said that the Gar is one of the eighteen divisions of the ancestral <a href=""/communities/view/Go/TBRC_C11MS220 "">Go</a> clan.</p>",C63,8460; 8571; 10824
Gar Ratsang,TOL220,mgar ra tsang,མགར་ར་ཙང་།,,,,,4,clan,rigs,རིགས།,氏族,,,,,"<p>
	The Gar Ratsang clan claims descent from <a href=""/biographies/view/Gar-Tongtsen/TBRC_P8117"">Gar Tongtsen</a>, the eminent minister of the seventh century <a href=""/biographies/view/King-Songtsen-Gampo/TBRC_P8067"">King Songtsen Gampo</a>. <span style=""color: rgb(0, 0, 0); font-family: arial, sans, sans-serif; font-size: 12.727272033691406px; white-space: pre-wrap;"">During Gar Tongtsen's time, the office became hereditary. The Gar clan became very powerful and started to threaten the power of the Yarlung dynasty. In 698, the <a href=""/biographies/view/Empress-Trimalo/TBRC_P3CN364"">Empress Trimalo</a> and her son Tridusong defeated Gar Tongtsen's son, who escaped to China with his followers, and the reign of the councillors of the Gar clan came to an end. </span></p>",,10315; 13072; 13598
Gazi,TOL79,ga zi,ག་ཟི།,,,,,4,clan,rigs,རིགས།,氏族,,,,,"<p>
	The Gazi were a clan in Kham. <span class=""biog-name-large""><a href=""/biographies/view/Taklungtangpa-Tashi-Pel/TBRC_P2649"">Taklungtangpa Tashi Pel</a> </span><span class=""biog-date-small"">(b.1142 - d.1209/1210</span>) and <span class=""biog-name-large""><a href=""/biographies/view/Sanggye-Won-Drakpa-Pel/TBRC_P1019"">Sanggye Won Drakpa Pel</a> </span><span class=""biog-date-small"">(b.1251 - d.1296</span>) were both from this clan.</p>",,3101; 4368
Getse,TOL55,dge rtse,དགེ་རྩེ།,,,,,4,clan,rigs,རིགས།,氏族,,,,,"<p>
	A sub clan originating from the <a href=""/communities/view/Dong/TBRC_C71 "">Dong</a> ancestral clan. It is said that an ancestor called Getse had three sons called Ma, Lag and Thong who each had their own descendants. Getse Pontsang, also known as Lama Zhabdrung, originated the Getse Ponpotsang line at Zachukha.</p>",C2CN10983,9579
Go ('gos),TOL664,'gos,འགོས།,,,mgos,མགོས།,4,clan,rigs,རིགས།,氏族,,,,,"<p>
	The Go clan dates from the imperial Yarlung period. The area they settled in is present-day Chingra in Chonggye Dzong, Lhokha in southern Tibet. During the Yarlung period, <a href=""/biographies/view/King-Tri-Songdetsen/TBRC_P7787"">King Tri Songdetsen</a> rewarded his minister Go Trizang Yablhak by giving him parts of Nyangto, Dringtsam, the present-day north-west Bhutan, up to the western portion of Lhodrak. The Go clan ruled over this area called <em>Go Yulto Sum</em>, the three upper lands of the Go. <a href=""/biographies/view/Go-Lotsawa-Zhonnu-Pel/TBRC_P318"">Go Lotsawa Zhonnu Pel</a> was from this clan.</p>",,5500; 5803
Go (sgo),TOL176,sgo,སྒོ།,,Go Lharik; Lharik Go,,,4,clan,rigs,རིགས།,氏族,,,,,"<p>
	One of the Five Great Ancestral Clans with Sekhyung Dra, Mutsa Ga, Apo Dong and Athang Dru. The Go Lharik, meaning the heavenly line of the Go, were identified as the indigenous inhabitants of Do-khams. The Go split into eighteen divisions: Gar, Key and Gol; Sung, Ser and Drom; the Ji, Bum and Zhak; the Shol, Tak and Chang; the Che, Seng and Ram; and the Phuk, Po and Bu.</p>",C11MS220,9372; 13132; 13140
Gung,TOL609,gung,གུང་།,,,,,4,clan,rigs,རིགས།,氏族,,,,,"<p>
	The Gung was one of four families -- Shar, Nub, Gung, and Khangsar -- that were aligned with Sakya Monastery but which did not descend from the Khon clan.</p>",,
Gurib,TOL624,gu rib,གུ་རིབ།,,,,,4,clan,rigs,རིགས།,氏族,,,,,"<p>
	The Gurib was a clan of Zhangzhung, a kingdom that flourished in western Tibet until it was annexed by the Tibetan emperor Songtsen Gampo in the seventh century. The Gurib clan, which continues to this day, branched off from the ancestral <a href=""/communities/view/Mu-/TBRC_C11MS138 "">Mu </a>(rmu/dmu) clan. Nangzher Lopo, the Bon master who is said to have lived sometime in the eighth century in the Zhangzhung kingdom, was of the Gurib clan.</p>",,13164
Gya,TOL86,rgya,རྒྱ།,,,,,4,clan,rigs,རིགས།,氏族,,,,,"<p>
	The Gya is a highly regarded clan based in the Nyang region of Tsang. It is said to have descended from the Mukpo, or &quot;dark&quot; branch of the <a href=""/communities/view/Dong-clan/TBRC_C71 "">Dong clan</a>, and to have come from the Minyak region of Amdo. In the ninth century the Tibetan king <a href=""/biographies/view/Relpachen/TBRC_P2MS13218"">Relpachen</a> gave land in Upper Nyang to his tantric teacher Gya Jampel Sangwa, and the Gya clan ruled the area along with the <a href=""/communities/view/Go-('gos)-clan/TBRC_TOL664"">Go clan</a>. The founder of <a href=""/geographies/view/Ralung-Monastery/TBRC_G3582"">Ralung Monastery</a> and the Drukpa Kagyu tradition, <a href=""/biographies/view/Tsangpa-Gyare-Yeshe-Dorje/TBRC_P909"">Tsangpa Gyare Yeshe Dorje</a>, was born to this clan in 1161, and the clan held the lineage of Ralung until the seventeenth century.</p>",C1TD33,3028; 4348; 4350; 4352; 7622; 8637; 10857; 11056; 11865; 11909; 11942; 11986; 13078
Gyakong Shedrubtsang,TOL966,rgya kong bshad sgrub tshang,རྒྱ་ཀོང་བཤད་སྒྲུབ་ཚང་།,,,,,4,clan,rigs,རིགས།,氏族,,,,,"<p>
	Gyakong Shedrubtsang, a household from Kham near <a href=""/geographies/view/Dzogchen-Monastery/TBRC_G16"">Dzogchen Monastery</a>, was the family of the <a href=""/biographies/view/Fourth-Dzogchen-Ponlob,-Jigme-Choying-Osel/TBRC_P2JM276"">Fourth Dzogchen Ponlob, Jigme Choying Osel</a>.</p>",,4987
Gyamo,TOL678,rgya mo,རྒྱ་མོ།,,,,,4,clan,rigs,རིགས།,氏族,,,,,"<p>
	We do not have much information about the Gyamo clan. The clan's most prominent member was <a href=""/biographies/view/Machik-Ongjo/TBRC_P5898"">Machik Ongjo</a>, a female lineage holder of the Rechung Nyengyum, who was born in Uyuk in the twelfth century.</p>",,8459
Gyanak Rawa,TOL1067,rgya nag ra ba,རྒྱ་ནག་ར་བ།,,,,,4,clan,rigs,རིགས།,氏族,,,,,"<p>
	The Gyanak Rawa family is associated with Pelyul monastery in Kham. Pelyul's founder <a href=""/biographies/view/Rigdzin-Kunzang-Sherab/TBRC_P655"">Rigdzin Kunzang Sherab</a> was from this family. </p>",,7681
Gyangkhar,TOL685,gyang khar,གྱང་ཁར།,,rgyang mkhar,,,4,clan,rigs,རིགས།,氏族,,,,,"<p>
	The Gyangkhar clan is descended from a famous minister and advisor to the Derge royal family. The First Dzogchen Kongtrul, <a href=""/biographies/view/Konchok-Tenpai-Gyeltsen/TBRC_P3AG38"">Konchok Tenpai Gyeltsen</a>, belongs to this clan.</p>",,
Gyer,TOL83,dgyer,དགྱེར།,,,,,4,clan,rigs,རིགས།,氏族,,,,,"<p>
	The Gyer clan, an important family of hereditary chiefs in the Yarlung Valley, controlled the <a href=""/geographies/view/Trandruk-temple/TBRC_G2820"">Trandruk temple</a>, which along with <a href=""/geographies/view/Samye/TBRC_G287"">Samye</a> and <a href=""/geographies/view/Jokhang/TBRC_G4261"">Jokhang</a>, comprise the three royal temples of Trisong Detsen; it is one of the earliest and most sacred pilgrimage sites of central Tibet. For centuries, the Gyer family maintained a close association with the Trandruk temple by virtue of its hereditary structure of leadership. The Begu branch of this clan installed the first son as religious leader of the temple while the younger son would assume their father's non-religious post of general. </p>",C11MS182,5
Gyu,TOL201,rgyus,རྒྱུས།,,,,,4,clan,rigs,རིགས།,氏族,,,,,"<p>
	We do not have much information about the Gyu clan. The Gyu's most prominent member was the thirteenth century disciple of Karma Pakshi, <a href=""/biographies/view/Orgyenpa-Rinchen-Pel/TBRC_P1448"">Orgyenpa Rinchen Pel</a>, from whom the Orgyen Nyendrub teachings originate. </p>",C11MS208,2733
Ja,TOL239,bya,བྱ།,,,,,4,clan,rigs,རིགས།,氏族,,,,,"<p>
	The Ja clan was already in existence during the Pugyel dynasty. <a href=""/biographies/view/Chekhawa-Yeshe-Dorje/TBRC_P3447"">Chekhawa Yeshe Dorje</a> and <a href=""/biographies/view/Drukchen-Jamyang-Chodrak/TBRC_P870"">Drukchen Jamyang Chodrak</a> were of the Ja clan.</p>",C11MS175,5791; 11441
Jadra,TOL973,ja sbra,ཇ་སྦྲ།,,,,,4,clan,rigs,རིགས།,氏族,,,,,"<p>
	The Jadra was a prominent clan in Derge. Ministers for the kingdom were drawn from the Jadra clan.</p>",,
Jampel Dechenling,TOL1550,'jam dpal bde chen gling,འཇམ་དཔལ་བདེ་ཆེན་གླིང་།,,Jampel Lingpa; Jamling,jam dpal gling pa; 'jam gling,འཇམ་དཔལ་གླིང་པ། ; འཇམ་གླིང་།,4,clan,rigs,རིགས།,氏族,,,,,"<p>
	The Jampel Dechenling family was a prominent family of the Drapu region of Kyirong. They trace their descent from Go Pema Guntsen ('gos padma gung btsan), a minister of Tri Songdetsen. The family controlled Drapu Choling Monastery in Kyirong for several centuries, and continues to preserve the Barawa Kagyu. They hold manuscripts of the Barawa tradition which were published as the Golden Rosary in 1970, and built a new Barawa Kagyu monastery, Tashi Choling, in Dharamsala in the 1980s.  </p>",,
Janak,TOL161,bya nag,བྱ་ནག།,,,,,4,clan,rigs,རིགས།,氏族,,,,,"<p>
	We do not have much information about the Janak clan. One of the clan's most prominent members was <span class=""biog-name-large"">The Fourth Dorje Drak Rigdzin, <a href=""/biographies/view/Pema-Trinle/TBRC_P657"">Pema Trinle</a></span>, born in 1641 at the private palace of<a href=""/geographies/view/-Monkar-Namseling/TBRC_G2813""> Monkhar Namseling</a> (mon mkhar rnam sras gling) on the south bank of the Tsangpo opposite <a href=""/geographies/view/Samye/TBRC_G287"">Samye</a>.</p>",C11MS176,9169
Jangling,TOL1062,byang gling,བྱང་གླིང་།,,,,,4,clan,rigs,རིགས།,氏族,,,,,"<p>
        Jangling was a Lhasa trading family that married into the <a href=""/communities/view/Pangdatsang/TBRC_TOL1061"">Pangdatsang</a> family in the twentieth century.</p>",,
Ju,TOL647,'ju,འཇུ།,,,,,4,clan,rigs,རིགས།,氏族,,,,,"<p>
	According to the bod kyi gdung rus zhib 'jug, this clan originated during the time of Sakya rule in Tibet which began in the mid-thirteenth century and ended about a hundred years later. <a href=""/biographies/view/Ju-Mipam-Gyatso/TBRC_P252"">Ju Mipam Gyatso</a> was of the Ju clan.</p>",C11MS193,4228
Khangsar,TOL84,khang gsar,ཁང་གསར།,,Trehor Khangsar,tre hor khang gsar,ཏྲེ་ཧོར་ཁང་གསར།,4,clan,rigs,རིགས།,氏族,,,,,"<p>
	Khangsar, literally meaning 'new house,'  is a family of the Begu clan, which is a branch of the Gyer clan. They are based in the Ganze region of Kham, and are sometimes referred to as the Trehor Khangsar.</p>",C1AG86,5
Kharchen,TOL162,mkhar chen,མཁར་ཆེན།,,,,,4,clan,rigs,རིགས།,氏族,,,,,"<p>
	A clan from the time of the Pugyel period. <span class=""biog-name-large""><a href=""/biographies/view/Kharchen-Pelgyi-Wangchuk/TBRC_P0RK1217"">Kharchen Pelgyi Wangchuk</a> from the 8th century was born into this clan</span>. Some traditions say that he was <a href=""/biographies/view/Yeshe-Tsogyel/TBRC_P7695"">Yeshe Tsogyel</a>'s brother, which would mean that Yeshe Tsogyel was also born into the Kharchen clan.</p>",,490
Kheme,TOL1078,khe smad,ཁེ་སྨད།,,"Khemey, Kunsangtse, Kunzangtse",,,4,clan,rigs,རིགས།,氏族,,,,,"<p>
	The Kheme clan is also known as Kunsangtse, the name of their Lhasa manor house. This aristocratic family had close ties with the government since the time of the Fifth Dalai Lama.</p>",C17,3152
Khon,TOL184,'khon,འཁོན།,,,,,4,clan,rigs,རིགས།,氏族,,,,,"<p>
	Also known as the Sakya clan, the Khon clan came into existence around the end of the Yarlung dynasty. The Khon developed the Sakya tradition in the eleventh century in the place called Sakya due to the pale soil of the valley. <a href=""/biographies/view/Khon-Konchok-Gyelpo/TBRC_p3730"">Khon Konchok Gyelpo</a> built what later developed into <a href=""/geographies/view/Sakya-Monastery/TBRC_G880"">Sakya Monastery</a> in 1073. His great-grandson <a href=""/biographies/view/Sakya-Pandita-Kunga-Gyeltsen/TBRC_p1058"">Sakya Pandita Kunga Gyeltsen</a> was regarded as the greatest scholar of his age. Kunga Gyeltsen's nephew <a href=""/biographies/view/Pakpa-Lodro-Gyeltsen/TBRC_p1048"">Pakpa Lodro Gyeltsen</a> became Imperial Preceptor under Khubilai Khan and instituted Mongol rule in Tibet, based at Sakya, that lasted until the collapse of the Yuan Dynasty in the fourteenth century. The Khon clan continues to control the Sakya tradition and Sakya Monastery.</p>",C69,1370; 1974; 2314; 2491; 2915; 2916; 2919; 3189; 3191; 3194; 3204; 3208; 3211; 4220; 4327; 6100; 7053; 7545; 9062; 10536; 10591; 13186
Khyungpo,TOL200,khyung po,ཁྱུང་པོ།,,,,,4,clan,rigs,རིགས།,氏族,,,,,"<p>
	The Khyungpo clan dates back at least to the Yarlung Dynasty, as a number of royal priests to the Yarlung kings were from the Khyungpo clan. The origin myth of the clan goes back to a legendary ancestor, the Great Eagle (<em>khyung chen</em>), an emanation of a mythical Buddha of the upper realm. When this eagle flew back to the heavens, he left behind four eggs: white, black, yellow and green. The youths hatched from the first three eggs originated the Khyungpo tribes of Karu, Nakru, and Sertsa. The fourth youth, Khyungpak Tramo, went to Gyarong where he originated the sub-clans of Lhakhyung, Mukhyung, and Khyunggotsok. The Khyungpo clan is usually associated with the Bon tradition, but it also produced Buddhist masters such as <a href=""/biographies/view/Milarepa/TBRC_p1853"">Milarepa</a> and <a href=""/biographies/view/Khyungpo-Neljor/TBRC_p39"">Khyungpo Neljor</a>, the founder of the Shangpa Kagyu tradition, among other luminaries. The clan is associated with <a href=""/geographies/view/Khyungpo-Tengchen-Monastery/TBRC_G1KR1169"">Khyungpo Tengchen Monastery</a>.</p>",C11MS134,3178; 6285; 10644; 13081; 13088
Kyasu,TOL625,skya su,སྐྱ་སུ།,,,,,4,clan,rigs,རིགས།,氏族,,,,,"<p>
	A clan, likely in Kham. <a href=""/biographies/view/Chokgyur-Lingpa/TBRC_P564"">Chokgyur Lingpa</a>, one of the most prolific treasure revealers of the nineteenth century, was born to the Kyasu clan.</p>",C11MS223,8181
Kyi,TOL153,kyi,ཀྱི།,,,,,4,clan,rigs,རིགས།,氏族,,,,,"<p>
	A clan that may have been in the region of Dra. <span class=""biog-name-large""><a href=""/biographies/view/Kharakpa-Dulwa-O/TBRC_P2202"">Kharakpa Dulwa O</a> was born into this clan in the 12th century. </span></p>",,3881
Kyo,TOL548,skyod,སྐྱོད།,,,,,4,clan,rigs,རིགས།,氏族,,,,,"<p>
	<a href=""/biographies/view/Kyoton-Monlam-Tsultrim/TBRC_P1219"">Kyoton Monlam Tsultrim</a> was born into the Kyo clan at a place named Tanakyang (rta nag yang), in U (dbus), in 1219.</p>",C11MS224,2483
Kyuchok,TOL674,khyu mchog,ཁྱུ་མཆོག།,,,,,4,clan,rigs,རིགས།,氏族,,,,,"<p>
	The <a href=""/biographies/view/Third-Hortsang-Sertri,-Jigme-Rigpai-Sengge/TBRC_P4129"">Third Hortsang Sertri, Jigme Rigpai Sengge</a> was born into the Kyuchok clan in the Hortsang region of eastern Amdo in 1747.</p>",C11MS195,
Kyura,TOL81,skyu ra,སྐྱུ་ར།,,,,,4,clan,rigs,རིགས།,氏族,,,,,"<p>
	An illustrious clan from Tsungu (tsu ngu) in Kham that claims descent from <a href=""/biographies/view/King-Relpachen/TBRC_P2MS13218"">King Relpachen</a>. It was <a href=""/biographies/view/Jikten-Gonpo-Rinchen-Pel/TBRC_P16"">Jikten Gonpo Rinchen Pel</a> from this clan who founded <a href=""/geographies/view/Drigung-Til/TBRC_G340"">Drigung Til</a> Monastery in central Tibet in 1179 and established the Drigung Kagyu tradition. With the rise of Drigung as a center of political power in the thirteenth century, the Kyura clan became one of the rivals to Sakya rule in the period of the Mongol Yuan dynasty. Kyura control of Drigung ended in the seventeenth century, replaced by two incarnation lines, the <a href=""/incarnation/view/Drigung-Chetsang/TBRC_R8LS12886"">Drigung Chetsang</a> and the <a href=""/incarnation/view/Drigung-Chungtsang/TBRC_R8LS12892"">Drigung Chungtsang</a>.</p>",,620; 2584; 2774; 2899; 3902; 3903; 3904; 3906; 3907; 7038; 7040; 7523; 13230; 13242; 13449; 13451
Lang,TOL626,rlangs,རླངས།,,,,,4,clan,rigs,རིགས།,氏族,,,,,"<p>
	Lang is an aristocratic clan whose genealogical account Potiseru (po ti bse ru) tells of the clan's mythic and divine origins. The Lang is descended from the Dra clan, one of the four great Tibetan ancestral lineages. Originally from a valley of the Drichu river in Kham, members were active in government from at least the time of Tibet's Yarlung dynasty.  Later, the clan would gain prominence in association with the Pakmodru noble house and their monastery <a href=""/geographies/view/Densatil/TBRC_G434"">Densatil</a>. On the heels of waning Sakya power and the imminent fall of the Yuan dynasty, the Pakmodrupa under <a href=""/biographies/view/Jangchub-Gyeltsen/TBRC_P1224"">Jangchub Gyeltsen</a> gained control of central Tibet in the mid-14th century. In 1618, the Pakmodrupa were defeated by the Tsangpa rulers.</p>",C11MS142,96; 2539; 2595; 13437
Lasum,TOL53,la gsum,ལ་གསུམ།,,,,,4,clan,rigs,རིགས།,氏族,,,,,"<p>
	Lasum is a clan from at least the Pugyel period. <a href=""/biographies/view/Lasum-Gyelwa-Jangchub/TBRC_P00EGS1017608"">Lasum Gyelwa Jangchub</a><span class=""biog-name-large"">, a religious minister of King <span class=""biog-name-large"">Tri Songdetsen</span>, was one of the first seven Tibetans to be ordained by Śāntarakṣita in the 8th century. </span></p>",C11MS196,84
Len,TOL627,glan,གླན།,,,,,4,clan,rigs,རིགས།,氏族,,,,,"<p>
	<a href=""/biographies/view/Yungton-Dorje-Pel/TBRC_P1454"">Yungton Dorje Pel</a>, a disciple of the Third Karmapa, Dusum Khyenpa and considered by Geluk tradition to be the seventh predecessor in the incarnation line of the Panchen Lamas, was born into the Len clan in 1284 in Tsongdu.</p>",C11MS189,2740
Lhalung,TOL665,lha lung,ལྷ་ལུང་།,,,,,4,clan,rigs,རིགས།,氏族,,,,,"<p>
	The Lhalung clan was in existence during the Yarlung dynasty. The last king of the Yarlung dynasty, Tri Udumtsen, better known as <a href=""http://treasuryoflives.org/biographies/view/Langdarma/P2MS13219"">Langdarma</a>, is said to have been assassinated by <a href=""/biographies/view/Pelgyi-Dorje/TBRC_P6986"">Pelgyi Dorje</a> of the Lhalung clan. The clan name derives from the area of Lhalung with which the clan is associated.</p>",,9618; 13628; 13683; 13725
Lingme,TOL72,gling smad,གླིང་སྨད།,,,,,4,clan,rigs,རིགས།,氏族,,,,,"<p>
	A clan in Tibet that branched off of the Ling or Lingtsang clan, deriving from the legendary mythic hero Ling Gesar. <a href=""/biographies/view/Lingrepa-Pema-Dorje/TBRC_P910"">Lingrepa Pema Dorje</a><span> </span>was born into the Lingme family in 1128, in upper Nyang (smyang stod), the general area that includes the city of Gyantse in south-central Tibet.</p>",,11877
Lingmo,TOL460,gling mod,གླིང་མོད།,,,,,4,clan,rigs,རིགས།,氏族,,,,,"<p>
	The Lingmo clan is said to have descended from Ling Gesar, the legendary epic hero <span style=""color: rgb(0, 0, 0); font-family: arial, sans, sans-serif; font-size: 13px; white-space: pre-wrap;"">who is said to have lived around the time after the fall of the Yarlung dynasty</span>. <span style=""color: rgb(0, 0, 0); font-family: arial, sans, sans-serif; font-size: 12.727272033691406px; white-space: pre-wrap;"">Bod kyi gdung rus zhib 'jug notes that the Ling clan split off from the ancestral Dong clan. The Lingmo then must have split off from the Ling. </span><span class=""biog-name-large"">The First Lingtrul, <a href=""/biographies/view/Dondrub-Gyatso/TBRC_P5537"">Dondrub Gyatso</a> </span><span class=""biog-date-small"">was born into the Lingmo clan in 1702.</span><span style=""color: rgb(0, 0, 0); font-family: arial, sans, sans-serif; font-size: 12.727272033691406px; white-space: pre-wrap;""> </span></p>",,8069
Lingtsang,TOL71,gling tshang,གླིང་ཚང་།,,,,,4,clan,rigs,རིགས།,氏族,,,,,"<p>
	A clan in Derge, Kham. The First Lingla, <a href=""/biographies/view/Sonam-Jinpa/TBRC_P8701"">Sonam Jinpa</a> was born to the Ling or Lingtsang family in Dzagyud Troshul (rdza rgyud khro shul) in Kham around the year 1767. The Ling clan is that of Ling Gesar Gyelpo, the mythical Tibetan hero who is said to have lived around the time after the fall of the Yarlung dynasty, seemingly in the 11th century. Bod kyi gdung rus zhib 'jug notes that the Ling clan split off from the ancestral Dong clan. The book also notes that the text The Red Ruby (pad ma rwa ga) locates Ling Gesar's birthplace, the land of Ling, in between the two rivers Drichu and Dzachu in eastern Tibet near Khongtsa (khongs tsha) Monastery in Denkhok, Derge.</p>",C2CN11016,
Lomi,TOL77,lo mi,ལོ་མི།,,,,,4,clan,rigs,རིགས།,氏族,,,,,"<p>
	The Lomi clan includes among its members <a href=""/biographies/view/Rokam-Nyima-Sherab/TBRC_P2470"">Rokam Nyima Sherab</a>, who was born in 1139 in Lakyi Pulung Nyangkhang of U.</p>",C11MS199,4175; 6578
Lonang,TOL148,lo nang,ལོ་ནང་།,,,,,4,clan,rigs,རིགས།,氏族,,,,,"<p>
	A branch of the Chungpa clan. In the 12th century, <a href=""/biographies/view/Lorepa-Wangchuk-Tsondru/TBRC_P4252"">Lorepa Wangchuk Tsondru</a> was born into the Lonang branch in the Ngamsho (ngam shod) region of Tibet.</p>",,6671
Ma,TOL171,rma,རྨ།,,,,,4,clan,rigs,རིགས།,氏族,,,,,"<p>
	The Ma clan came into existence during Tibet's Yarlung dynasty. <a href=""/biographies/view/Ma-Rinchen-Chok/TBRC_P2JM5"">Ma Rinchen Chok</a>, one of the first seven Tibetans to ordain in the 8th century, was from this clan.</p>",,5234
Me,TOL629,me,མེ།,,,,,4,clan,rigs,རིགས།,氏族,,,,,"<p>
	<a href=""/biographies/view/Yorpo-Mepel/TBRC_P3AG6"">Yorpo Mepel</a> in the 12th century was born into the Me clan in the Yorpo (g.yor po) region of Lhokha, southern Tibet.</p>",C11MS201,13090
Menge,TOL56,man dge,མན་དགེ།,,,,,4,clan,rigs,རིགས།,氏族,,,,,"<p>
	The Menge clan was based in Kham. <a href=""/biographies/view/Jigme-Gyelwai-Nyugu/TBRC_p695"">Jigme Gyelwai Nyugu</a> was born into this clan.</p>",,9579
Meu,TOL628,rme'u,རྨེའུ།,,,,,4,clan,rigs,རིགས།,氏族,,,,,"<p>
	The Me'u clan originated from the ministers of Nubyul, the land of the Nub, one of the 12 kingdoms during Tibet's pre-imperial age in what would be the present-day Rinpung area in west-central Tibet. Beginning in the 11<sup>th</sup> century, the Meu clan would become associated with Bon religion when Meu Gongdzo received instruction from eminent Bonpos of the Shu and Dru families. At that time, the Meu house was located in Nyemo, west of Lhasa. The monastery of <a href=""/geographies/view/Zangri/TBRC_G3536"">Zangri</a> was established there, existing until 1959, and sometime after being reduced to ruins. Though the original is no longer standing, Meu descendents have built a new house and monastery in a nearby valley.</p>",C11MS209,12096; 13079
Mu,TOL667,rmu,རྨུ།,,,,,4,clan,rigs,རིགས།,氏族,,,,,"<p>
	Also smu and dmu. <span style=""color: rgb(0, 0, 0); font-family: arial, sans, sans-serif; font-size: 12.727272033691406px; white-space: pre-wrap;"">One of the four original Tibetan ancestral clans. The Mu ancestral clan claims Muje Kolpo (rmu rje kol po) as a common ancestor. According to bshad mdzod chen mo, Mu has eight sub-clans: ngam, snubs, gzhung, 'gar or mgar, dkar, smon, snyos or gnyos, ngan lam. According to The Treasure of the Ancestral Clans of Tibet, based on the Golok Rudzod, the Mu clan is also known by different names, such as dmu tsha sga, thang le sga, rmu, dmu and sga. They were said to hold the three vast plains of Kham Yarmotang, the Jang Karmotang and Tsongkha Lakyitang of Amdo. The Ga includes nine separate sub-clans: including Adro/ sga a gro, Arik/ sga arik, Adruk/ sga a &lsquo;brug, Atrom/a khrom and Ashing/ sga shing, established by the nine separate children of dmu tsha sga. Bodkyi Gdungrus Zhib'jug notes that Nyatri Tsenpo's queen Mutsoza was from the Mu clan. </span></p>",C11MS138,
Mukpo,TOL630,smug po ldong,སྨུག་པོ་ལྡོང་།,,,,,4,clan,rigs,རིགས།,氏族,,,,,"<p>
	Mukpo or Mukpo Dong is one of four branches of the ancient Dong clan. The Mukpo claim decent from Gesar of Ling.  Mukpo descendents are particularly associated with the Kham region.</p>",C11MS133,4425; 4676; 9355; 9588; 11231
Naktso,TOL579,nag tsho,ནག་ཚོ།,,,,,4,clan,rigs,རིགས།,氏族,,,,,"<p>
	A clan in Tibet that was around at least by the time following the fall of the Pugyel dynasty. <a href=""/biographies/view/Naktso-Lotsāwa-Tsultrim-Gyelwa/TBRC_P3456"">Naktso Lotsāwa Tsultrim Gyelwa</a> of Naktso clan was born in 1011 in a place called Lhadong (lha gdong) in Ngari Zongga (mgna ris rdzong dga).</p>",,5801
Namseling,TOL582,rnam sras gling,རྣམ་སྲས་གླིང་།,,,,,4,clan,rigs,རིགས།,氏族,,,,,"<p>
	The Namseling family was based at <a href=""/geographies/view/Monkhar-Namseling/TBRC_G2813"">Monkhar Namseling</a> in Dranang, seat of the Namseling Zhamar incarnation line. The Namseling family oversaw a large estate with monastery of the same name located opposite <a href=""/geographies/view/Samye/TBRC_G287"">Samye</a> on the south bank of the Tsangpo river. Known for its extensive library, the Namseling manor is one of a few houses of its kind remaining in Tibet, with reconstruction and rehabilitation an ongoing process.  Both the <a href=""/biographies/view/Fourth-Dorje-Drak-Rigdzin/TBRC_P657"">Fourth Dorje Drak Rigdzin</a> and the <a href=""/biographies/view/Seventh-Dorje-Drak-Rigdzin/TBRC_P8LS12706"">Seventh Dorje Drak Rigdzin</a> were born into the family. The family also resided at the <a href=""/geographies/view/Namseling-Manor-House/TBRC_TOL849"">Namseling Manor House</a> in the center of Lhasa. </p>",C11MS210,9169; 13190
Nanam,TOL163,sna nam,སྣ་ནམ།,,,,,4,clan,rigs,རིགས།,氏族,,,,,"<p>
	King Trisong Detsen's mother, Mangmoje Shiteng, was from the Nanam clan. Bod kyi gdung rus zhib 'jug notes that the Nanam clan originated during the time of the Yarlung dynasty. <a href=""/biographies/view/Nanam-Dorje-Dudjom/TBRC_P0RK1005"">Nanam Dorje Dudjom</a> was born into the Nanam clan in Tsangrong in the eighth century.</p>",,303; 3182; 10904
Ngen,TOL152,rngan,རྔན།,,,,,4,clan,rigs,རིགས།,氏族,,,,,"<p>
	The Ngen clan's most prominent member was <span class=""biog-name-large""><a href=""/biographies/view/Parpuwa-Lodro-Sengge/TBRC_P3785"">Parpuwa Lodro Sengge</a>, born in the </span><span class=""biog-date-small"">12th century in central Tibet.</span></p>",C11MS211,6159
Ngenlam,TOL57,ngan lam,ངན་ལམ།,,,,,4,clan,rigs,རིགས།,氏族,,,,,"<p>
	The Ngenlam clan originated in the Ngenlam region in Uru Penyul Valley, north of Lhasa. Among its early sons were <a href=""/biographies/view/Takdra-Lukong/TBRC_P10MS16952"">Takdra Lukong</a>, who served the Tibetan empire in the eighth century, and <a href=""/biographies/view/Gyelwa-Chokyang/TBRC_P2JM167"">Gyelwa Chokyang</a>, a disciple of <a href=""/biographies/view/Padmasambhava/TBRC_P4956"">Padmasambhava</a> and one of the first seven Tibetans to ordain.</p>",,4903; 13198
Ngoje,TOL714,ngor rje,ངོར་རྗེ།,,,,,4,clan,rigs,རིགས།,氏族,,,,,"<p>
	The Ngoje clan </p>",,2606
Ngok,TOL66,rngog,རྔོག།,,,,,4,clan,rigs,རིགས།,氏族,,,,,"<p>
	The Ngok clan is said to have originated during the time of the Pugyel dynasty's 36th king, Dusong Mangpo Je. The Ngok clan, which associated with the Kadampa lineage, founded <a href=""/geographies/view/Sangpu/TBRC_G226"">Sangpu Neutok</a> Monastery. It was <a href=""/biographies/view/Ngok-Lekpei-Sherab/TBRC_P3389"">Ngok Lekpei Sherab</a> who founded the monastery in 1072 and his nephew <a href=""/biographies/view/Ngok-Lotsāwa-Loden-Sherab/TBRC_P2551"">Ngok Lotsāwa Loden Sherab</a> who developed it.</p>",C11MS119,3773; 4261; 5728; 5789; 11471; 13061
Ngulchu,TOL634,dngul chu,དངུལ་ཆུ།,,,,,4,clan,rigs,རིགས།,氏族,,,,,"<p>
	The Ngulchu clan claims as members <a href=""/biographies/view/Ngulchu-Dharmabhadra/TBRC_P289"">Ngulchu Dharmabhadra</a> and his nephew <a href=""/biographies/view/Yangchen-Drupai-Dorje/TBRC_P268"">Yangchen Drupai Dorje</a> who were both born in Tsang Yeru to the Ngulchu clan in the late eighteenth and early nineteenth centuries.</p>",C11MS183,4402
Ngupa,TOL680,rngu pa,རྔུ་པ།,,,,,4,clan,rigs,རིགས།,氏族,,,,,"<p>
	The Ngupa clan is presumably of Kham, where member <a href=""/biographies/view/Jampa-Bum/TBRC_P1492"">Jampa Bum</a> was born in the twelfth century.</p>",C11MS213,2781
Nub,TOL49,gnubs,གནུབས།,,,snubs,"
སྣུབས།",4,clan,rigs,རིགས།,氏族,,,,,"<p>
	In pre-imperial times, there were said to be twelve kingdoms, one of which was Nubyul, controlled by the Nub family, in present-day Rinpung. <a href=""/biographies/view/Namkhai-Nyingpo/TBRC_P7743"">Namkhai Nyingpo</a>, one of the first seven Tibetans to be ordained by Śāntarakṣita, as well as <span class=""biog-name-large""><a href=""/biographies/view/Nubchen-Sanggye-Yeshe/TBRC_P2885"">Nubchen Sanggye Yeshe</a>, are among the illustrious members of the clan. </span></p>",,1108; 2798; 2799; 4626; 6749; 8460; 9688; 10083; 11299; 12553; 13241
Nya,TOL1090,gnya',གཉའ།,,,,,4,clan,rigs,རིགས།,氏族,,,,,"<p>
	The Nya family originated with <a href=""/biographies/view/Nyawa-Chozang/TBRC_P4997"">Nyawa Chozang</a>, one of the nine learned physicians who served in the imperial court during the time of <a href=""/biographies/view/Tri-Songdetsen/TBRC_P7787"">Tri Songdetsen</a>. Nyawa Chozang was originally from eastern Tibet. He travelled to U, and then onward to India upon the emperor's orders. Studying medicine with Indian masters, among them apparently <a href=""/biographies/view/Padmasambhava/TBRC_P4956"">Padmasambhava</a>, he returned to court and acted as the personal physician to Tri Songdetsen. The Lhunding tradition of medicine of the Jangluk (Northern School) is said to descend from Nyawa Chozang. </p>",C1KT11,6567; 6568
Nyak,TOL168,gnyags,གཉགས།,,,,,4,clan,rigs,རིགས།,氏族,,,,,"<p>
	A clan from the time of Tibet's Yarlung or Pugyel dynasty. King Nyatri Tsenpo's minister was from the Nyak clan. <a href=""/biographies/view/Nyak-Jñānakumara/TBRC_P6525"">Nyak J&ntilde;ānakumara</a>, also known as Yeshe Zhonnu, was born into this clan  in Po ('phos), Yarlung, in the mid eighth century.</p>",,5078
Nyakre,TOL946,nyag ras,ཉག་རས།,,,,,4,clan,rigs,རིགས།,氏族,,,,,"<p>
	The Nyakre clan, likely native to Kham, includes <a href=""/biographies/view/Drubtob-Nyakre-Sewo/TBRC_P1AG13"">Drubtob Nyakre Sewo</a>, the twelfth century disciple of <a href=""/biographies/view/Pakmodrupa/TBRC_P127"">Pakmodrupa</a> and <a href=""/biographies/view/Jigden-Gonpo-Rinchen-Pel/TBRC_P16"">Jikden Gonpo Rinchen Pel</a>. </p>",,13440
Nyakshul,TOL635,nyag shul,ཉག་ཤུལ།,,,,,4,clan,rigs,རིགས།,氏族,,,,,"<p>
	The Nyakshul clan was known as a warrior clan in their region of Kham. Nyakshul Khenpo <a href=""/biographies/view/Gyurme-Osel/TBRC_P2JM359"">Gyurme Osel</a> was born to this clan in a nomadic community in Kham around the year 1890.</p>",C11MS202,5078
Nyang,TOL169,myang,མྱང་།,,,,,4,clan,rigs,རིགས།,氏族,,,,,"<p>
	Also spelled nyang. In pre-imperial times, there were said to be 12 kingdoms or principalities. One of these was controlled by the Nyang clan. The clan lived in the Nyangtri (nyang khri) or Nyingtri (nying khri) area and took on the name of the area. The river was also called the Nyang river. Even during Tibet's imperial age, this illustrious clan remained powerful. Although <a href=""/biographies/view/Nyang-Tingdzin-Zangpo/TBRC_P3827"">Nyang Tingdzin Zangpo</a> was one of Vimalamitra's closest disciples, the Nyang family was on the losing side during the so-called Samye Debate in the 8th century, siding with the Chinese religionists, whereas their more powerful rival, the Ba (sba / 'ba' / dba) family, supported the Indian Buddhists. King Tride Songtsen's home minister Nyang Trizang Legdruk (myang khri bzang legs drug) and foreign minister Nyang Lektsen (myang legs btsan) were both from the Nyang clan. Nyangrel Nyima Ozer was also from this clan.</p>",C11MS130,5999; 6205; 6856; 10301
Nyo,TOL636,gnyos,གཉོས།,,,,,4,clan,rigs,རིགས།,氏族,,,,,"<p>
	The Nyo clan held religious and secular influence over the southern stretch of the Tibetan plateau, including parts of Bhutan, for a few centuries, beginning with the Gyaton Aryadeva's (rGya ston A rya de ba) offering of land to Nyo Lotsawa (gNyos lo tsa ba) in the 11th century.</p>",C11MS190,2789; 3000; 9394; 13142; 13231
Pakmodrupa,TOL1202,phag mo gru pa,ཕག་མོ་གྲུ་པ།,,,,,4,clan,rigs,རིགས།,氏族,,,,,"<p>
        The Pakmodrupa dynasty, descended from the ancient <a href=""/communities/view/Lang/TBRC_C11MS142"">Lang</a> clan of Tibet&rsquo;s imperial Yarlung period, ruled Tibet from the middle of the fourteenth to the fifteenth century, after the rule of the <a href=""/communities/view/Sakya-Khon/TBRC_C69"">Sakya Khon</a> family and before the <a href=""/communities/view/Rinpungpas/TBRC_C2CN11008"">Rinpungpas</a>. The foundations for the Pakmodru polity were laid in the early twelfth century by <a href=""/biographies/view/Pakmodrupa-Dorje-Gyelpo/TBRC_P127"">Pakmodrupa Dorje Gyelpo</a> who established the great <a href=""/geographies/view/Densatil-monastery/TBRC_G434"">Densatil Monastery</a> and founded a new subsect of the Kagyu school. <a href=""/biographies/view/Pakmodrupa-Jangchub-Gyeltsen/TBRC_P1224"">Pakmodrupa Jangchub Gyeltsen</a> (1302-1364), the patriarch of the Pakmodru line, established the new Pakmodru government in central Tibet after fighting against the Sakya heirarchs and displacing them in 1350. In 1354 the Mongol Emperor accepted the coup and gave Jangchub Gyeltsen the title of Tai Situ, implying that he ruled as regent for the Mongol emperor but in reality Mongol power was waning. By the time the Yuan dynasty fell in 1368, the Pakmodrupa government, located at Nedong Castle in present day Tsetang, was consolidated enough to survive as a central government, at least until 1435 when the Rinpungpa came into power.</p>",,2539
Pakpatsang,TOL677,'phags pa tshang,འཕགས་པ་ཚང་།,,,,,4,clan,rigs,རིགས།,氏族,,,,,"<p>
	A family belonging to the Zamtsa Ngorang clan. The Fifty-fifth Ganden Tripa, <a href=""/biographies/view/Ngawang-Namkha-Zangpo/TBRC_P2761"">Ngawang Namkha Zangpo</a> was born to this family. It seems likely that the clan was settled around a small town called Dentang (ldan thang) in Amdo.</p>",,
Pangdatsang,TOL1061,spang mda' tshang,སྤང་མདའ་ཚང་།,,Pomdatsang,,,4,clan,rigs,རིགས།,氏族,,,,,"<p>
	A trading family from Markham that moved to Lhasa and became one of the most successful family firms of twentieth century Tibet, even entering government service and aristocratic ranks. The family's Lhasa residence was <a href=""/geographies/view/Pangdatsang-House/TBRC_TOL844"">Pangdatsang House</a>. The family is also known as the Pomdatsang.</p>",,13519; 13520; 13521; 13522; 13523
Pugyel,TOL656,spu rgyal,སྤུ་རྒྱལ།,,,,,4,clan,rigs,རིགས།,氏族,,,,,"<p>
	Pugyel is the name of a Tibetan royal lineage based in Yarlung. It likely derived from the name of a mythical ancestor, Olde Pugyel, who may be the same figure as Nyatri Tsenpo, who is said to have initiated the Yarlung dynasty in 390 BC. The dynasty, although not the family line, ended with the assasination of forty-third King <a href=""/biographies/view/Tri-Udumtsen/TBRC_P2MS13219"">Tri Udumtsen</a>, also known as Langdarma, in 842 CE. The family is also called the Mugyel for the clan line of Mu (dmu), which is different from the ancestral Mu (rmu) clan.</p>",,13509; 13566
Ra,TOL570,dbra,དབྲ་།,,,dbra dkar po; dbra nag po,དབྲ་དཀར་པོ།་; དབྲ་ནག་པོ།,4,clan,rigs,རིགས།,氏族,,,,,"<p>
	The Ra clan is divided into two branches, the Rakarpo and the Ranakpo. The clan originated in eastern Tibet, and while several branches later settled in central Tibet, the majority continue to be based in Kham and Amdo. The clan is largely supporters of the Bon tradition. The First Chakri, <span class=""biog-name-large""><a href=""/biographies/view/Nyima-Drakpa/TBRC_P425"">Nyima Drakpa</a> </span>was born into the Rakarpo clan in the Kham Nangchen region. Prominent members of the include the Bon lamas <a href=""http://treasuryoflives.org/biographies/view/Dampa-Lodro-Gyeltsen/TBRC_P11MS156"">Dampa Lodro Gyeltsen</a> and <a href=""http://treasuryoflives.org/biographies/view/Tagu-Nyima-Gyeltsen/TBRC_P11MS155"">Tagu Nyima Gyeltsen</a>, commonly known by the abbreviated name of Tagu Nyigyel.</p>",C11MS181,6668; 13220; 13221; 13531
Rakar Khyungpo,TOL639,dbra dkar khyung po,དབྲ་དཀར་ཁྱུང་པོ།,,,,,4,clan,rigs,རིགས།,氏族,,,,,"<p>
	Yungdrung Yeshe, the twenty-third lineage holder of the Atri system of Bon Dzogchen practice, was born to the Rakar Khyungpo clan in the 17th century in Gyelrong.</p>",,13222
Ram,TOL549,ram,རམ།,,,,,4,clan,rigs,རིགས།,氏族,,,,,"<p>
	The Ram clan is one of the eighteen tribes (tsho) of the Sino-Tibetan frontier. These are all sub-clans of the primary Go (sgo) clan, known also as the heavenly lineage of Go, which is considered one of the original Tibetan ancestral clans.  <span class=""biog-name-large""><a href=""/biographies/view/Nyima-Gyeltsen/TBRC_P8LS12202"">Nyima Gyeltsen</a>, the ninth abbot of Narthang monastery, was born into this clan in Puteng Karma Kari in Tsang, not far from the monastery, in 1225. </span></p>",C11MS206,13199
Rinpungpa,TOL1203,rin spungs pa,རིན་སྤུངས་པ།,,,,,4,clan,rigs,རིགས།,氏族,,,,,"The Rinpung government began with <a href=""/biographies/view/Rinpungpa-Namkha-Gyeltsen/TBRC_P4295"">Rinpungpa Namkha Gyeltsen</a>, the local leader of the Rinpung fortress and estates within the Pakmodrupa polity. Namkha Gyeltsen took the name of the fortress as his family name. Following the death of <a href=""/biographies/view/Pakmodrupa-Drakpa-Gyeltsen/TBRC_P3583"">Pakmodrupa Drakpa Gyeltsen</a> (1377-1440), Namkha Gyeltsen&rsquo;s young nephew Norbu Zangpo was appointed the leader of the Pakmodrupa. Namkha Gyeltsen used his influence at court, and by 1434 had shifted power from Pakmodru at Tsetang to Rinpung. The following year, the Rinpung family moved their base to the fortress of Samdrubtse located in present day Zhigatse. The Rinpung family ruled from 1434 until </span></span><span style=""font-family: Arial; font-size: 12.6667px; white-space: pre-wrap;"">1565 when <a href=""/biographies/view/Zhingshakpa-Tseten-Dorje/TBRC_P1369"">Zhingshakpa Tseten Dorje</a> seized Samdrubtse fortress and began Tsangpa rule.",C2CN11008,
Rok,TOL640,Rog,ཪོག།,,,,,4,clan,rigs,རིགས།,氏族,,,,,"<p>
	The Rok clan dates to the early dissemination of the Buddhist teachings in Tibet, the so-called <em>Tenpa Ngadar</em> (<em>bstan pa snga dar</em>). The first major figure of this clan was Rok Namkha Yeshe (rog nam mkha' ye shes), one of two brothers who were the recipient of the entire lineage of a certain Gyelwa Tenne (rgyal ba rten ne), a figure of some confusion in the Blue Annals. Longchenpa's father traced his ancestry back to Yeshe Wangpo Rung of the Rok clan.</p>",C11MS214,6134; 6721; 6726
Sanam,TOL651,sa gnam,ས་གནམ།,,,,,4,clan,rigs,རིགས།,氏族,,,,,"<p>
	The Sanam clan is a branch of the ancient <a href=""/communities/view/Khyungpo/TBRC_C11MS134"">Khyungpo</a> clan. In the fifteenth and sixteenth centuries, the Sanam clan was affiliated with the ruling house of Mustang; it was into this family that <a href=""/biographies/view/Lowo-Khenchen-Sonam-Lhundrup/TBRC_P782"">Lowo Khenchen Sonam Lhundrup</a> was born.</p>",,10497
Se,TOL222,bse,བསེ།,,,,,4,clan,rigs,རིགས།,氏族,,,,,"<p>
	One of the four original Tibetan ancestral clans. According to the 15th century bshad mdzod chen mo, the four sons of Se byu legs originated the Se clans but Gene Smith notes the text has been corrupted by this point, so this information may not be reliable. The Se clan in Amdo belonged to the Sekhyung Dra ancestral clan. Among the tribal groups related to the Dra clan, apparently some were called Se and some were called Khyung.</p>",C11MS174,2854; 6025; 6505; 8027
Shar,TOL608,shar,ཤར།,,,,,4,clan,rigs,རིགས།,氏族,,,,,"<p>
	The Shar was one of four families &ndash; Shar, Nub, Gung and Khangsar  &ndash; that were aligned with Sakya Monastery and which did not directly descend from the Khon clan. The name Shar originates with the activities of <a href=""/biographies/view/Sharpa-Sherab-Jungne/TBRC_P0RK406"">Sharpa Sherab Jungne</a>, a student of <a href=""/biographies/view/Jetsun-Drakpa-Gyeltsen/TBRC_P1614"">Jetsun Drakpa Gyeltsen</a> and <a href=""/biographies/view/Sakya-Paṇḍita-Kunga-Gyeltsen/TBRC_P1056"">Sakya Paṇḍita Kunga Gyeltsen</a>. He either bought the Zimkhang Nyingma, one of the first buildings established at Sakya, from <a href=""/biographies/view/Ponchen-Śākya-Zangpo/TBRC_P2220"">Ponchen Śākya Zangpo</a>, or was given it by Sakya Paṇḍita, and made it his residence. Due to its location to the east of the Utse Nyingma, it was called Labrang Shar, the Eastern Labrang, which from then on also became the name of the family. The masters of the Luding Labrang of Ngor Monastery belong to the Shar family as well.</p>",,5408
Sharkhapa,TOL94,shar kha pa,ཤར་ཁ་པ།,,Sharkha,,,4,clan,rigs,རིགས།,氏族,,,,,"<p>
	The Sharkhapa family was one of the princely families of Gyantse. Members of this family ruled a large area of Tsang provice from their fortress at Gyantse (rgyal rtse). <span class=""biog-name-large""><a href=""/biographies/view/Drubchen-Kunga-Lodro/TBRC_P2463"">Drubchen Kunga Lodro</a> was born into the Sharkhapa family in 1365. </span></p>",C68,4167
Shingkhamga,TOL653,shing khams sga,ཤིང་ཁམས་སྒ།,,,,,4,clan,rigs,རིགས།,氏族,,,,,"<p>
	Shingkhamga clan was a sub-clan of the Nyo lineage. Its most prominent member was <a href=""/biographies/view/Jamyang-Khyentse-Wangpo/TBRC_P258"">Jamyang Khyentse Wangpo</a>, born outside of the Derge capital in 1820.</p>",C11MS222,4291
Shupu,TOL65,shud phu,ཤུད་ཕུ།,,shubu,shud pu; shud bu,ཤུད་པུ། ; ཤུད་བུ་བུ།,4,clan,rigs,རིགས།,氏族,,,,,"<p>
	This clan originated in the ninth century during Tibet's Yarlung dynasty. As the dynasty disintegrated after the assasination of Udum Tsenpo, the Shupu clan seized control of Lhodrak.</p>",,2593; 5817; 5818; 5819; 6653
Sumpa,TOL655,sum pa,སུམ་པ།,,,,,4,clan,rigs,རིགས།,氏族,,,,,"<p>
	Sumpa is one of the three lineages of the East (smad khams rus rigs gsum), as classified in the 15th century bshad mdzod. The Sumpa were in the north and Tsongon (mtsho sngon) area, and there's a place called Sumpa, associated with the clan, in Amdo. During Songtsen Gampo's time, his minister Nyang Mangpoje Zhangnang won over the Sumpa as the king's subjects without needing to wage war.</p>
<p>
	 </p>",,
Tati Zhamar,TOL642,pra ti zhwa dmar rigs,པྲ་ཏི་ཞྭ་དམར་རིགས།,,,,,4,clan,rigs,རིགས།,氏族,,,,,"<p>
	The <a href=""/biographies/view/Sixth-Tukwan/TBRC_P3550"">Sixth Tukwan</a> was from the Tati Zhamar clan, presumably based in Amdo.</p>",,5902
Tong,TOL577,stong,སྟོང་།,,Achak Dru; Athang Dru; Dri; Achak Dri; Chakmo,,,4,clan,rigs,རིགས།,氏族,,,,,"<p>
	One of the Four Great Ancestral Clans along with Se, Mu and Dong (and Five Great Ancestral Clans if Zhingbo Go is included). According to the Treasury of the Ancestral Clans of Tibet, also known as Dri, Achak Dri and Chakmo. The clan spread widely in Kham. According to the 15th century bshad mdzod chen mo, the four princely lines of Tong trace their ancestry to an unknown male ancestor and a female ancestor named Nemen Gyelmo (ngas sman rgyal mo). The Tong splits into 8 subdivisions: dmar or mar, dmar ma, snyal or gnyal, snyal dbyen, sngog or rngog or rngogs, khrog, rtog, and bas, sba, rba, sbas or dba&rsquo;s.</p>
<p>
	 </p>",C11MS139,7775; 13196
Tonmi,TOL646,thon mi,ཐོན་མི།,,,,,4,clan,rigs,རིགས།,氏族,,,,,"<p>
	One of the clans during the time of the Yarlung dynasty. Sambota of the Tonmi clan, one of King Songtsen Gampo's minister, is famed for creating the Tibetan alphabet.</p>",C11MS226,8342
Trokho Numai Pelshul,TOL643,khro kho nu ma'i dpal shul,ཁྲོ་ཁོ་ནུ་མའི་དཔལ་ཤུལ།,,,,,4,clan,rigs,རིགས།,氏族,,,,,"<p>
	The <a href=""/biographies/view/Sixth-Hortsang-Sertri-Lobzang-Pelden-Gyatso/TBRC_P5418"">Sixth Hortsang Sertri Lobzang Pelden Gyatso</a> was born in the clan of Trokho Numai Pelshul in Darlung (dar lung) near Yumik (g.yu rmig) in Amdo in 1913.</p>",C11MS194,7937
Trotsik,TOL458,spro tshig,སྤྲོ་ཚིག།,,,,,4,clan,rigs,རིགས།,氏族,,,,,"<p>
	A clan. <a href=""/biographies/view/Ngawang-Tendzin/TBRC_P3537"">Ngawang Tendzin</a>, the fouth abbot of Labrang Monastery, was born to the Trotsik clan in Ngawa, Amdo in 1696.</p>",,
Tsangsar,TOL1540,gtshang sar,གཚང་སར་།,,,,,4,clan,rigs,རིགས།,氏族,,,,,"<p>
	The Tsangsar clan in Nangchen controlled several monateries, including <a href=""/geographies/view/Lachab/TBRC_G1KR2864"">Lachab</a> and <a href=""/geographies/view/Lhalam/TBRC_G2635"">Lhalam</a>. <a href=""/biographies/view/Konchok-Peldron/13692"">Konchok Peldron</a>, the daughter of <a href=""/biographies/view/Chokgyur-Lingpa/TBRC_P564"">Chokgyur Lingpa</a>, married a Tsangsar man, Orgyen Chopel, and gave birth to four sons who all became prominent lineage holders of Chokgyur Lingpa's treasures. One of her sons was the father of <a href=""/biographies/view/Tulku-Urgyen/TBRC_P9901"">Tulku Urgyen</a>. </p>",,13686
Tsedong,TOL284,rtse gdong,རྩེ་གདོང་།,,,,,4,clan,rigs,རིགས།,氏族,,,,,"<p>
	The Tsedong clan oversaw the Tsedong estate, which was affiliated with the <a href=""/geographies/view/Tsedong-monastery/TBRC_G3550"">Tsedong Monastery</a>. Located near the Brahmaputra river in Namling, the Tsedong hierarchs were affiliated with the Sakya hierarchs and the <a href=""/communities/view/Khon-clan/TBRC_C69"">Khon clan</a>.</p>",C11MS216,4220
Tseu Jamshul,TOL681,rtse dbus byams shul,རྩེ་དབུས་བྱམས་ཤུལ།,,,,,4,clan,rigs,རིགས།,氏族,,,,,"<p>
	A division of the ancient Dong clan, Tseu Jamshul is an clan that was highly regarded by Bonpos in ancient times. The <a href=""/biographies/view/Fiftieth-Ganden-Tripa,-Gendun-Puntsok/TBRC_P1849"">Fiftieth Ganden Tripa, Gendun Puntsok</a> was a member of the Tseu Jamshul clan.</p>",,3173
Tsongpon,TOL969,tshong dpon,ཚོང་དཔོན།,,,,,4,clan,rigs,རིགས།,氏族,,,,,"<p>
	The Tsongpon family hailed from the Rudam Kyitram valley in Kham. The First Abbot of <a href=""http://www.treasuryoflives.org/geographies/view/Dzogchen-Monastery/TBRC_G16"">Dzogchen Monastery</a>'s <a href=""/geographies/view/Śrī-Siṃha-College/TBRC_G3219"">Śrī Siṃha College</a>, <a href=""/biographies/view/Sengdruk-Pema-Tashi/TBRC_P2914"">Sengdruk Pema Tashi</a>, was from this family.</p>",,4659
Tsur,TOL1382,mtshur,མཚུར།,,,,,4,clan,rigs,རིགས།,氏族,,,,,"<p>
	Members of The Tsur clan include <a href=""https://treasuryoflives.org/biographies/view/Tsur-Lots%C4%81wa-Yeshe-Jungne/P4308"">Tsur Lotsāwa Yeshe Jungne</a>, <a href=""https://treasuryoflives.org/biographies/view/Lots%C4%81wa-Tsurton-Wangne/TBRC_P3074"">Lotsāwa Tsurton Wangne</a>, <a href=""https://treasuryoflives.org/biographies/view/Tsurton-Yikgi-Gyeltsen-/TBRC_P4546"">Tsurton Yikgi Gyeltsen</a> and <a href=""https://treasuryoflives.org/biographies/view/Tsur-Sherab/TBRC_P4547"">Tsur Shera</a>b, who were active around the tenth and eleventh century.</p>",,5386; 6733
Tukwan,TOL644,thu'u bkwan,ཐུའུ་བཀྭན།,,,,,4,clan,rigs,རིགས།,氏族,,,,,"<p>
	Tukwan is the Tibetan rendering of the Chinese Tuguan, which denotes a type of local official or chieftain within the Monguor communities of Amdo. The important Tukwan incarnation lineage takes its name from this term, as the First Tukwan, <a href=""/biographies/view/Lobzang-Rabten/TBRC_P3548"">Lobzang Rabten</a>, was born into a family of Tukwan chieftans. Subsquent incarnations are also called Tukwans, though they were not actual lineal descendants. </p>",C2CN10968,3008; 5899
Tum,TOL513,gtum,གཏུམ།,,,,,4,clan,rigs,རིགས།,氏族,,,,,"<p>
	<a href=""/biographies/view/Tumton-Lodro-Drakpa/TBRC_P3446"">Tumton Lodro Drakpa</a>, the founder of Nartang Monastery, was born into the Tum clan in the village of Wumang (dbu mang) in Tsang in 1106.</p>",C11MS191,5790
Wangda,TOL588,dbang mda',དབང་མདའ།,,,,,4,clan,rigs,རིགས།,氏族,,,,,"<p>
	The Wangda was one of eight great tribal groups of Pema Bum in Golok.  <a href=""/biographies/view/Japa-Dongak-Gyatso/TBRC_P3JM9"">Japa Dongak Gyatso</a> belonged to the Wangda clan.</p>",C11MS180,12785
Wangyak,TOL620,dbang yag,དབང་ཡག།,,,,,4,clan,rigs,རིགས།,氏族,,,,,"<p>
	A sub-family belonging to the Dong clan. Donggom Zhikpo, born in the 13th century in a place called Chukyur Long (chu skyur klong) in the eastern part of Dome (mdo smad), belonged to the Wangyak family of the Dong clan.</p>",,
Welshul,TOL438,dbal shul,དབལ་ཤུལ།,,,,,4,clan,rigs,རིགས།,氏族,,,,,"<p>
	The clan name Welshul comes from the nomadic area Welshul in Amdo. Traditionally, the Welshul clan acted as important leaders in nomadic communities comprised of multiple clans. A Welshul Ponchen (dpon chen), the most powerful leader in the community, would be responsible for handling land disputes, theft etc.</p>",C11MS179,2943
Wodren,TOL58,'o bran,འོ་བྲན།,,,,,4,clan,rigs,རིགས།,氏族,,,,,"<p>
	The Wodren clan still preserves and practices the oral teachings of the spoken word lineage of Nyingma teachings. <span class=""biog-name-large""><a href=""/biographies/view/Odren-Pelgyi-Wangchuk/TBRC_P3AG55"">Wodren Pelgyi Wangchuk</a>, one of the twenty-five disciples of <a href=""/biographies/view/Padmasambhava/TBRC_p4956"">Padmasambhava</a>, was born into this clan in the eighth century. </span></p>",C11MS203,13058
Yi,TOL463,g.yi,གཡི།,,,,,4,clan,rigs,རིགས།,氏族,,,,,"<p>
	<a href=""/biographies/view/Rabten-Gyatso/TBRC_P4332"">Rabten Gyatso</a>, the eighteenth throneholder of Labrang Monaster, was born in 1723 to the Yi clan in Lusho (klu shod).</p>",C11MS187,6760
Yu,TOL252,g.yu,གཡུ།,,,,,4,clan,rigs,རིགས།,氏族,,,,,"<p>
	Dampa Yuzhik, born in the 13th century and the third lineage holder of the <em>Nyengyu Rigpa Chertong</em> cycle of Dzogchen teachings, belonged to the Yu clan on his father's side. His mother was from the Khyung clan. </p>",,13081
Yudra,TOL578,g.yu sgra,གཡུ་སྒྲ།,,,,,4,clan,rigs,རིགས།,氏族,,,,,"<p>
	It seems as if the Yudra clan had a non-Tibetan origin and they weren't ethnically Tibetan. The famed translator <a href=""/biographies/view/Rinchen-Zangpo/TBRC_P753"">Rinchen Zangpo</a> was a member of the Yudra clan.</p>",C11MS132,10199
Yungok,TOL580,g.yu rngog,གཡུ་རྔོག།,,,,,4,clan,rigs,རིགས།,氏族,,,,,"<p>
	<a href=""/biographies/view/Samten-Gyatso/TBRC_P1003"">Samten Gyatso</a>, a 17th century figure and the third abbot of Rongwo Monastery, belonged to the Yungok clan.</p>",C11MS188,1564
Zamtsa Ngorang,TOL676,zam tsha ngo rang,ཟམ་ཚ་ངོ་རང་།,,,,,4,clan,rigs,རིགས།,氏族,,,,,"<p>
	It seems likely that the clan was settled around a small town called Dentang (ldan thang) in Amdo. The Fifty-fifth Ganden Tripa, <a href=""/biographies/view/Ngawang-Namkha-Zangpo/TBRC_P2761"">Ngawang Namkha Zangpo</a> was born to the Pakpatsang family of the Zamtsa Ngorang clan.</p>",,
Zeu,TOL550,ze'u,ཟེའུ།,,,,,4,clan,rigs,རིགས།,氏族,,,,,"<p>
	A clan. <a href=""http://treasuryoflives.org/biographies/view/Zeu-Drakpa-Tsondru/TBRC_P1304"">Zeu Drakpa Tsondru</a>, the 10th abbot of Nartang Monastery, and <a href=""http://treasuryoflives.org/biographies/view/Zeu-Drakpa-Sherab/TBRC_P1303"">Zeu Drakpa Sherab</a>, the 11th abbot of Nartang Monastery, were both born into the Zeu clan in the 13th century.</p>
<p>
	 </p>",,2578
Zhak,TOL645,bzhag,བཞག།,,,,,4,clan,rigs,རིགས།,氏族,,,,,"<p>
	The Zhak clan was a traditionally Bonpo clan. <a href=""/biographies/view/Gomchen-Barwa/TBRC_P3AG3"">Gomchen Barwa</a> was born to this clan in the late 11th century in Upper Nyang (nyang stod).</p>",C11MS177,13087
Zhalu Kuzhang,TOL1626,zhwa lu sku zhang,ཞྭ་ལུ་སྐུ་ཞང་།,,,,,4,clan,rigs,རིགས།,氏族,,,,,"<p>
	The Zhalu Kuzhang was an aristocratic family based in Tsang, members of the Je clan. They were the lords of the Zhalu region under the Yuan dynasty of the thirteenth and fourteenth centuries, and were intermarried with the <a href=""/communities/view/Khon/TBRC_C69"">Khon</a> family, thus earning their name, which means &ldquo;royal uncle.&rdquo; They were patrons of <a href=""/geographies/view/Zhalu-Monastery/TBRC_G275"">Zhalu Monastery</a> and of <a href=""/biographies/view/Buton-Rinchen-Drub/TBRC_P155"">Buton Rinchen Drub</a>, and later of <a href=""/geographies/view/Ngor/TBRC_G211"">Ngor</a> and <a href=""/geographies/view/Nalendra/TBRC_G233"">Nalendra</a> monasteries as well, sending sons to serve as abbots of all three monasteries. </p>",,11158; 13790
Zhang,TOL164,zhang,ཞང་།,,,,,4,clan,rigs,རིགས།,氏族,,,,,"<p>
	The Zhang clan was traditionally affiliated with Bon. <a href=""/biographies/view/Drilungpa-Tsultrim-Sherab/TBRC_P3AG5"">Drilungpa Tsultrim Sherab</a> ('bri lung pa tshul khrims shes rab) was born in Tolung in the twelfth century into a family that belonged to the Zhang clan.</p>",,
Zhangpa,TOL1375,zhang pa,ཞང་པ།,,,,,4,clan,rigs,རིགས།,氏族,,,,,"<p>
	According to his autobiography Zhuchen Tsultrim Rinchen belonged to the Zhangpa (zhang pa) clan (<em>rus</em>), which he claimed had included many skilled artists who came before him.</p>",,10699
Zhiwatsang,TOL670,zhi ba tshang,ཞི་བ་ཚང་།,,,,,4,clan,rigs,རིགས།,氏族,,,,,"<p>
	The Zhiwatsang family were wealthy descendants of a royal lineage in Nyarong. <a href=""/biographies/view/Lerab-Lingpa/TBRC_P5970"">Lerab Lingpa</a>, also called Terton Sogyel, a prominent Nyingma treasure revealer from  Kham who was a teacher to many of the twentieth century's major figures, including the Thirteenth Dalai Lama, came from the Zhiwatsang family.</p>",C11MS227,8538
Zi,TOL74,zi,ཟི།,,,gzi,གཟི།,4,clan,rigs,རིགས།,氏族,,,,,"<p>
	The Zi clan had a long history of Nyingma tantric teachings. <a href=""/biographies/view/Lhachuk-Kharwa-Nyida-O/TBRC_P4139"">Lhachuk Kharwa Nyida O</a>, one of the four main disciples of Lama Zhang Yudrakpa, was born to the Zi clan in the Dol area of Loro region in the 12th century.</p>",C11MS192,6547
Zira,TOL203,bzi ra,བཟི་ར།,,,,,4,clan,rigs,རིགས།,氏族,,,,,"<p>
	Clan. Family from the Budkang Da (bud khang mda') district of Dzamtang in Amdo. <a href=""/biographies/view/Ngawang-Lodro-Drakpa/TBRC_P6167"">Ngawang Lodro Drakpa</a> was born into this family in 1920.</p>",C11MS178,8752
Zur,TOL230,zur,ཟུར།,,,,,4,clan,rigs,རིགས།,氏族,,,,,"<p>
	The Zur Clan was a major supporter of the early Nyingma tradition in central Tibet. Their ancestry is traced to India, to a man named Osel Lhawang Zhonnu Tsuktorchen ('od gsal lha dbang gzhon nu gtsug tor can).</p>",,4630; 4632; 11352
Dekhar,TOL1583,bde mkhar,བདེ་མཁར།,,Lukhang,klu khang,ཀླུ་ཁང་།,689,Lhasa Aristocracy,sku drag nang mi,སྐུ་དྲག་ནང་མི།,卫藏贵族,,,,,"<p>
	Dekhar, also known as Lukhang, was a Kudrag family originating in U in central Tibet. <a href=""/biographies/view/Tsewang-Rabten/TBRC_P5387"">Tsewang Rabten</a>, who served in numerous government posts including Prime Minister, was the family's most prominent member. </p>",C24,13724
Delek Rabten,TOL1571,bde legs rab brtan,བདེ་ལེགས་རབ་བརྟན།,,,,,689,Lhasa Aristocracy,sku drag nang mi,སྐུ་དྲག་ནང་མི།,卫藏贵族,Gerpa; Midrak,mi drag; sger pa,མི་དྲག།; སྒེར་པ།,,"<p>
        The Delek Rabten family was a noble gerpa family from Shigatse whose members included <a href=""/biographies/view/Tsawa-Tulku/TBRC_P1160"">Tsawa Tulku</a>, <a href=""/biographies/view/General-Dingja/TBRC_P2265"">General Dingja</a>, Dorje Yugyal (also known as Delek Rabten) and <a href=""/biographies/view/Rigdzin-Chodron/TBRC_P2LS290"">Rigdzin Chodron</a>. They were allied through marriage to the <a href=""/communities/view/Tsarongs/TBRC_C35"">Tsarongs</a>. Delek Rabten married Tsarong Norbu Yudron and Rigdzin Chodron was married to <a href=""/biographies/view/Tsarong-Samdrub-Tsering/TBRC_TBRC_P2LS287"">Tsarong Samdrub Tsering</a>. After Samdrub Tsering was killed, Rigdzin Chodron married <a href=""/biographies/view/Tsarong-Dasang-Damdul/TBRC_P5410"">Tsarong Dasang Damdul</a> but later became a nun.</p>",C2CN11019,2418; 3950
Dokhar,TOL1590,mdo mkhar,མདོ་མཁར།,,,rag kha shar,རག་ཁ་ཤར།,689,Lhasa Aristocracy,sku drag nang mi,སྐུ་དྲག་ནང་མི།,卫藏贵族,Depon,de dpon,དེ་དཔོན།,,"<p>
	Dokhar, also known as Rakhashar, was a depon family originating in Taklung to the north of Lhasa. The family was affiliated with <a href=""/geographies/view/Taklung-monastery/TBRC_G67"">Taklung Monastery</a> and also had a town house in Lhasa near the Jokhang.</p>",C10,9343; 13788; 13843
Doring,TOL671,rdo ring,རྡོ་རིང་།,,,,,689,Lhasa Aristocracy,sku drag nang mi,སྐུ་དྲག་ནང་མི།,卫藏贵族,Depon,de dpon,དེ་དཔོན།,,"<p>
	The Doring family, also known as the Gazhi, ruled over Nakchu during the time of Ganden Podrang rule. The family's Gazhi estate lay north of Gyantse. The family became powerful with <a href=""/biographies/view/Sonam-Gyalpo/TBRC_P347"">Sonam Gyelpo</a> of Khangchen in Shang, known as Khangchenne, who Lhazang Khan appointed governor (<em>sgar dpon</em>) of Ngari Korsum, Western Tibet in 1715 or 1716. The name of Doring for the Gazhi family comes from their manor house in Lhasa, which was in front of the pillar (<em>rdo ring</em>) bearing the text of the treaty of 822. <a href=""/biographies/view/Doring-Tendzin-Peljor/TBRC_P300"">Doring Tendzin Peljor</a> recorded the family's history in <em>Doring Paṇḍita's Biography.</em></p>",C8,3738; 5306; 13690
Horkhang,TOL1643,hor khang,ཧོར་ཁང་།,,,,,689,Lhasa Aristocracy,sku drag nang mi,སྐུ་དྲག་ནང་མི།,卫藏贵族,,,,,"<p>
	The Horkhang family traces its lineage to a Hor Karpo (Tsagaan Mongol, meaning &quot;white Mongol&quot;), the eldest son of a Oirat Taiji (&quot;Mongol chief&quot;) in around Barta near Tibet's northern region. The chief had fled China and settled in Inner Mongolia following the fall of the Yuan Empire in 1368. When the <a href=""/biographies/view/Fifth-Dalai-Lama/TBRC_P37"">Fifth Dalai Lama</a> assumed leadership over Tibet, the descendants of Hor Karpo arrived in Lhasa with other local chieftains to felicitate the Dalai Lama. In Lhasa, they built a house known as <a href=""/geographies/view/Hor-Khangsar/TBRC_G2CN10932"">Hor Khangsar</a>, meaning the &quot;new Mongol house.&quot; The family received an estate house with around twenty tenants or peasant families from the Fifth Dalai Lama. The possession of estates helped the family present itself as a Ger (<em>sger</em>, loosely equivalent to a baron or tenant-in-chief). Despite the honor received, the actual Tibetan ennoblement as <em>kutrak</em> (<em>sku drag</em>, aristocrat) came through intermarriage. When the family bore no sons in the early eighteenth century, it brought in three younger brothers of <a href=""/biographies/view/Polhane-Sonam-Tobgye/TBRC_P346"">Polhane Sonam Tobgye</a> as grooms, which not only elevated their standing in Lhasa but also tipped the family more towards a Tibetan ethnic identity. The Horkhang manor gradually began to enroll its members in the Tibetan Ganden Podrang government, with some holding the high title of jasagh, a ranked nobleman in the Manchu imperial system.</p>",C44,2424
Kyitopa,TOL1328,skyid stod pa,སྐྱིད་སྟོད་པ།,,,,,689,Lhasa Aristocracy,sku drag nang mi,སྐུ་དྲག་ནང་མི།,卫藏贵族,,,,,"<p>
	Kyitopa, a Kudrak family, first entered the higher strata of Tibetan government when Kyitod Sonam Puntsok was appointed the Governor of Western Tibet (To Garpon) in 1751. According to Petech, the estates were assumed by the Rampa family at some point when there were no remaining heirs.</p>",C16,
Lhagyari,TOL1076,lha rgya ri,ལྷ་རྒྱ་རི།,,,,,689,Lhasa Aristocracy,sku drag nang mi,སྐུ་དྲག་ནང་མི།,卫藏贵族,Depon,de dpon,དེ་དཔོན།,,"<p>
	The Lhagyari is a prominent family that descends from the ancient Yarlung emperors, through the line of <a href=""/biographies/view/Osung/TBRC_P8LS13668"">Osung</a>, the son of King <a href=""/biographies/view/Tri-Udumtsen/TBRC_P2MS13219"">Tri Udumtsen</a> also known as Langdarma. In the twelfth and thirteenth centuries, the ancestors of the Lhagyari family settled in Eyul in Lhokha, became local rulers and established the family seat at <a href=""/geographies/view/Gyari-Castle/TBRC_G1TD16"">Gyari Castle</a>. During the Ganden Podrang period, the Lhagyari family was categorized as one of five Depon families, a rank of aristocracy that was second only to the Yabzhi families of the Dalai Lamas. The title of Lhagyari traditionally passes down in an investiture ceremony to the eldest son. They are also known as E Lhagyari. </p>",C12,11796; 12865; 13534; 13535; 13536; 13537; 13538; 13539; 13541; 13542; 13543; 13558; 13559; 13560; 13561; 13562; 13563; 13564
Marlampa,TOL1584,rmar lam pa,རྨར་ལམ་པ།,,,smar lam pa,སྨར་ལམ་པ།,689,Lhasa Aristocracy,sku drag nang mi,སྐུ་དྲག་ནང་མི།,卫藏贵族,Gerpa; Midrak,mi drag; sger pa,མི་དྲག།; སྒེར་པ།,,"<p>
	Marlampa was one of five Gerpa families of Nyemo located to the west of Lhasa. Around sixty families lived at their estate. These families were a mixture of owners and lessees of their land, which was used for growing a variety of foods, as well as for grazing of livestock such as sheep, cows, yak and dzo. As several members were cabinet ministers, they also had a house in Lhasa in the Tromsikhang neighborhood. The family were patrons of <a href=""/geographies/view/Gyelje-Monastery/TBRC_G3255"">Gyelje Monastery</a> (rgyal byed dgon). </p>",,13724
Sadutshang,TOL1063,sa 'du tshang,ས་འདུ་ཚང་།,,Sadutsang,,,689,Lhasa Aristocracy,sku drag nang mi,སྐུ་དྲག་ནང་མི།,卫藏贵族,,,,,"<p>
        A trading family from Kandze that became one of the most successful family firms of Tibet in the twentieth century. The family's main business was exporting Tibetan wool and importing Indian and foreign goods. Their base in Lhasa was the <a href=""http://treasuryoflives.org/geographies/view/Sadutshang-Manor-House/TBRC_G1TD20"">Sadutshang Manor House</a>, which they bought from the Khyungrampa family, in the Banak Zhol neighborhood. When <a href=""http://treasuryoflives.org/biographies/view/Rinchen-Sadutshang/TBRC_P1TD17"">Rinchen Sadutshang</a> entered Tibetan government service in 1948 as an official of the fifth rank, the family was effectively ennobled as only Tibetan nobility could serve in the government.</p>",C1TD19,13545; 13546; 13548; 13549
Shatra,TOL1495,bshad sgra,བཤད་སྒྲ།,,,bshad grwa,བཤད་གྲྭ།,689,Lhasa Aristocracy,sku drag nang mi,སྐུ་དྲག་ནང་མི།,卫藏贵族,,,,,"<p>
	The Shatra Wokpa (bshad sgra 'og pa) family traces its history back at least to the time of the <a href=""/biographies/view/Fifth-Dalai-Lama/TBRC_P37"">Fifth Dalai Lama</a>. The name, which was originally Shara Worpa (sha ra 'or pa), taken from a a reliquary of the eleventh-century Kadampa master <a href=""/biographies/view/Shara-Yonten-Drak/TBRC_P1405"">Shara Yonten Drak</a>, was the name of an estate at the foot of the hill on which Ganden Monastery sits. It appears that the influence, if not the family line, died out duing the seventeenth and eighteenth centuries, and was founded anew in 1751 during a land redistribution. The first prominent member was <a href=""/biographies/view/Shatra-Wokpa-Kinga-Peljor/TBRC_P8LS3949"">Shatra Wokpa Kinga Peljor</a>, who served in the military during the Gorkha War and rose to the rank of kalon. The family's <a href=""/geographies/view/manor/TBRC_TOL902"">manor</a> in Lhasa was converted to a hotel in 2010.</p>
<p>
	 </p>",C42,9301
Surkhang,TOL1047,zur khang,ཟུར་ཁང་།,,Zurkhang,,,689,Lhasa Aristocracy,sku drag nang mi,སྐུ་དྲག་ནང་མི།,卫藏贵族,Gerpa; Midrak,mi drag; sger pa,མི་དྲག།; སྒེར་པ།,,"<p>
        The Surkhangs were an important Lhasa family with members in prominent government posts. They were from the midrak (mi drag) rank of aristocracy. The family originally came from Ladakh and settled in Lhasa during the time of the <a href=""/biographies/view/Seventh-Dalai-Lama-Kelzang-Gyatso/TBRC_P179"">Seventh Dalai Lama Kelzang Gyatso</a>, who gave them an estate. One explanation for the family's name is that when they came to Lhasa, they lived near the corner of the <a href=""/geographies/view/Jokhang/TBRC_G4261"">Jokhang</a> (jo khang) and people began to call them Surkhang, that is, 'corner house.' <a href=""/biographies/view/Surkhang-Wangchen-Gelek/TBRC_P1165"">Surkhang Wangchen Gelek</a>, an influential Kalon of the 1940s and 1950s, was from the Surkhang family. The family residence, <a href=""/geographies/view/Surkhang-House/TBRC_G1062 "">Surkhang House</a>, was demolished in 1993. </p>",C38,2423; 11790; 11798
Tsarong,TOL1132,tsha rong,ཚ་རོང་།,,,,,689,Lhasa Aristocracy,sku drag nang mi,སྐུ་དྲག་ནང་མི།,卫藏贵族,Yabzhi,yab gzhis,ཡབ་གཞིས།,,"<p>
	Originally from Sakya, the aristocratic Tsarong family claims descent from the famous medical master Yutok Yonten Gonpo. In the early 1910s, <a href=""/biographies/view/Tsarong-Dasang-Damdul,/TBRC_P5410"">Tsarong Dasang Damdul,</a> would become the Commander in Chief of the Tibetan army, married into the Tsarong family and built it into one of the great trading families of Tibet.</p>",C35,2424; 7929; 9305; 13583; 13625; 13708
Yabzhi Langdun,TOL930,yab gzhis glang mdun,ཡབ་གཞིས་གླང་མདུན་།,,,,,689,Lhasa Aristocracy,sku drag nang mi,སྐུ་དྲག་ནང་མི།,卫藏贵族,Yabzhi,yab gzhis,ཡབ་གཞིས།,,"<p>
	Yabzhi Langdun refers to the family members of the <a href=""/biographies/view/Thirteenth-Dalai-Lama,-Tubten-Gyatso/TBRC_P197"">Thirteenth Dalai Lama, Tubten Gyatso</a>. The custom of granting Yabzhi status to families of the Dalai Lamas began during the time of the <a href=""/biographies/view/Seventh-Dalai-Lama,-Kelzang-Gyatso/TBRC_P179"">Seventh Dalai Lama, Kelzang Gyatso</a>. The head of each Yabzhi, usually the Dalai Lama's father, was ennobled with a title and granted an estate. Yabzhi Langdun was named for Tubten Gyatso's hometown of Langdun in Dakpo, where his father, <a href=""/biographies/view/Kunga-Rinchen/TBRC_P6680"">Kunga Rinchen</a>, had been a farmer prior to his son's recognition.</p>",C1,9287; 9289; 13722
Yabzhi Lhalu (earlier),TOL933,yab gzhis lha klu,ཡབ་གཞིས་ལྷ་ཀླུ།,,,,,689,Lhasa Aristocracy,sku drag nang mi,སྐུ་དྲག་ནང་མི།,卫藏贵族,Yabzhi,yab gzhis,ཡབ་གཞིས།,,"<p>
	The earlier Yabzhi Lhalu refers to the family of the <a href=""/biographies/view/Eighth-Dalai-Lama,-Jampel-Gyatso/TBRC_P109"">Eighth Dalai Lama, Jampel Gyatso</a>. The family was ennobled with Yabzhi status, according to the custom that began with the recognition of the <a href=""/biographies/view/Seventh-Dalai-Lama,-Kelzang-Gyatso/TBRC_P179"">Seventh Dalai Lama, Kelzang Gyatso</a>. They took the title of Yabzhi Lhalu, named for the mansion near Lhasa they were given as their residence. A <a href=""/communities/view/later-Yabzhi-Lhalu/TBRC_C7"">later Yabzhi Lhalu</a> family arose in the nineteenth century, comprised of relatives of the <a href=""/biographies/view/Twelfth-Dalai-Lama,-Trinle-Gyatso/TBRC_P244"">Twelfth Dalai Lama, Trinle Gyatso</a>, who were granted the estate of the previous Lhalu family, became allied through marriage, and took their house name.</p>",C6,13428
Yabzhi Lhalu (later),TOL940,yab gzhis lha klu,ཡབ་གཞིས་ལྷ་ཀླུ།,,,lha klu dga' tshal,ལྷ་ཀླུ་དགའ་ཚལ།,689,Lhasa Aristocracy,sku drag nang mi,སྐུ་དྲག་ནང་མི།,卫藏贵族,Yabzhi,yab gzhis,ཡབ་གཞིས།,,"<p>
	The later Yabzhi Yutok refers to the family of the<a href=""/biographies/view/-Twelfth-Dalai-Lama,-Trinle-Gyatso/TBRC_P244""> Twelfth Dalai Lama, Trinle Gyatso</a>, whose father, <a href=""/biographies/view/Puntsok-Tsewang/TBRC_P2LS179"">Puntsok Tsewang</a>, was named head of the house. Instead of granting Puntsok Tsewang and his relatives their own estate, the government fostered an alliance with the <a href=""/communities/view/the-earlier-Lhalu/TBRC_C6"">earlier Lhalu</a> family, ennobled when their son was installed as the <a href=""/biographies/view/Eighth-Dalai-Lama/TBRC_P109"">Eighth Dalai Lama</a>. This prevented the government from having to allot an estate to a newly created Yabzhi family. The later Lhalu family were given the estate of the previous Lhalu family and they were also allied through marriage.</p>",C7,13427
Yabzhi Punkhang,TOL931,yab gzhi phun khang,ཡབ་གཞི་ཕུན་ཁང་།,,,phun tshogs khang gsar,ཕུན་ཚོགས་ཁང་གསར།,689,Lhasa Aristocracy,sku drag nang mi,སྐུ་དྲག་ནང་མི།,卫藏贵族,Yabzhi,yab gzhis,ཡབ་གཞིས།,,"<p>
	Yabzhi Punkhang refers to the family members of the <a href=""/biographies/view/Eleventh-Dalai-Lama,-Khedrub-Gyatso/TBRC_P255"">Eleventh Dalai Lama, Khedrub Gyatso</a>. The custom of granting Yabzhi status to families of the Dalai Lamas began during the time of the <a href=""/biographies/view/Seventh-Dalai-Lama,-Kelzang-Gyatso/TBRC_P179"">Seventh Dalai Lama, Kelzang Gyatso</a>. 1845, the Punkhang  estate near Trandruk in the Yarlung valley was granted to the ennobled family, and <a href=""/biographies/view/Kontse-Tsewang-Dondrub/TBRC_P2LS150"">Kontse Tsewang Dondrub</a> became the head of Yabzhi Punkhang, known also as Puntsok Khangsar. The<a href=""/geographies/view/-Punkhang-Manor-House/TBRC_G2CN10939""> Punkhang Manor House</a> was the Lhasa residence of the family.</p>",C2,13425
Yabzhi Sampo,TOL691,yab gzhis bsam pho,ཡབ་གཞིས་བསམ་ཕོ་།,,Yabzhi Sampho; Samdrub Podrang,sam grub pho brang,སམ་གྲུབ་ཕོ་བྲང་།,689,Lhasa Aristocracy,sku drag nang mi,སྐུ་དྲག་ནང་མི།,卫藏贵族,Yabzhi,yab gzhis,ཡབ་གཞིས།,,"<p>
	The Yabzhi Samdrub Podrang, or Sampo, took their name from their palace Samdrub Podrang in the Zangri Valley which was built in the eighteenth century by Sonam Dargye, the father of the <a href=""/biographies/view/Seventh-Dalai-Lama/TBRC_P179"">Seventh Dalai Lama</a>, and his son <a href=""/biographies/view/Kunga-Tendzin/TBRC_P2LS162"">Kunga Tendzin</a>. The family of the Seventh Dalai Lama was the first to be granted <em>Yabzhi</em> (<em>yab gzhis</em>) status by the Qing court; this status would henceforth be given to families of the Dalai Lamas along with an estate. As Yabzhi Sampho, they were ennobled to the highest rank of Tibetan aristocracy. In Lhasa, the Sampo family built a three storey stone building in the Jokhang area in 1880 which became known as the Sampo Zimshag or the Sampo Manor House. </p>",C5,13226
Yabzhi Yuthok,TOL932,yab gzhis g.yu thog,ཡབ་གཞིས་གཡུ་ཐོག།,,,,,689,Lhasa Aristocracy,sku drag nang mi,སྐུ་དྲག་ནང་མི།,卫藏贵族,Yabzhi,yab gzhis,ཡབ་གཞིས།,,"<p>
	Yabzhi Yuthok refers to the family of the <a href=""/biographies/view/Tenth-Dalai-Lama,-Tsultrim-Gyatso/TBRC_P260"">Tenth Dalai Lama, Tsultrim Gyatso</a>. Yabzhi status was granted to families of the Dalai Lamas, a tradition beginning with the family of the <a href=""/biographies/view/Seventh-Dalai-Lama,-Kelzang-Gyatso/TBRC_P179"">Seventh Dalai Lama, Kelzang Gyatso</a>. When Lobzang Nyendrak died, his younger son, <a href=""/biographies/view/Kelzang-Puntsok/TBRC_P2LS154"">Kelzang Puntsok</a>, succeeded him as head of the family and inherited his titles. In 1925, he was granted the Yuthok estate in Lhasa, which formerly belonged to the Bumtang family. The family, thus ennobled, became known as Yabzhi Yuthok. </p>",C4,9333; 11798; 13426