Person ID,Historical Period ID,Historical Period Name,Person Name
5,7,12th Century,Gyergom Tsultrim Sengge
8,14,19th Century,Pelden Chime Takpai Dorje
9,3,8th Century,Mandāravā
23,5,10th Century,Ratnākaraśānti
23,6,11th Century,Ratnākaraśānti
29,14,19th Century,Lobzang Tendzin Chokyi Wangchuk
61,7,12th Century,Dorje Sherab
61,8,13th Century,Dorje Sherab
84,3,8th Century,Lasum Gyelwa Jangchub
86,3,8th Century,Langdro Konchok Jungne
96,3,8th Century,Lang Pelgyi Sengge
276,15,20th Century,Lhagyari Namgyel Gyatso
303,3,8th Century,Nanam Dorje Dudjom
490,3,8th Century,Kharchen Pelgyi Wangchuk
494,6,11th Century,Dangma Lhungyel
495,7,12th Century,Chetsun Sengge Wangchuk
620,7,12th Century,Damcho Lingpa
620,8,13th Century,Damcho Lingpa
726,10,15th Century,Paṇchen Namkha Pelzang
726,11,16th Century,Paṇchen Namkha Pelzang
1029,8,13th Century,Khenchen Sonam Pel
1035,8,13th Century,Khenchen Tashi Tsultrim
1035,9,14th Century,Khenchen Tashi Tsultrim
1108,3,8th Century,Namkhai Nyingpo
1370,3,8th Century,Khon Lui Wangpo
1564,12,17th Century,Samten Gyatso
1575,11,16th Century,Gyelwa Gyatso
1575,12,17th Century,Gyelwa Gyatso
1628,6,11th Century,Machik Jobum
1628,7,12th Century,Machik Jobum
1637,10,15th Century,Paṇchen Sonam Drakpa
1637,11,16th Century,Paṇchen Sonam Drakpa
1639,10,15th Century,Namgyel Gonpo
1659,10,15th Century,Tashi Peljor
1659,11,16th Century,Tashi Peljor
1719,7,12th Century,Jomo Mangchungma
1720,7,12th Century,Jocham Purmo
1721,7,12th Century,Yalung Jomo Auma
1722,6,11th Century,Langlab Jangchub Dorje
1726,7,12th Century,Sumpa Lotsāwa Darma Yonten
1728,7,12th Century,Pelchok Dangpo Dorje
1754,8,13th Century,Trulzhik Sengge Gyabpa
1820,10,15th Century,Muchen Sanggye Rinchen
1831,10,15th Century,Ga Rabjampa Kunga Yeshe
1852,9,14th Century,Gendun Gyeltsen
1852,10,15th Century,Gendun Gyeltsen
1869,12,17th Century,Lodro Namgyel
1871,9,14th Century,Samlo Sanggye Tashi
1871,10,15th Century,Samlo Sanggye Tashi
1898,10,15th Century,Muchen Sempa Chenpo Konchok Gyeltsen
1901,14,19th Century,Kunga Chopak Tubten Nyima
1902,15,20th Century,Kelzang Lodro Kunga Lungtok Gyatso
1903,13,18th Century,Gendun Chokyi Wangchuk
1908,10,15th Century,Drakpa Dorje
1930,10,15th Century,Pelden Dorje
1963,10,15th Century,Kunga Wangchuk
1974,10,15th Century,Kunga Wangchuk
1981,11,16th Century,Kyabdak Drubchok Wangpo
1981,12,17th Century,Kyabdak Drubchok Wangpo
1985,10,15th Century,Gorampa Sonam Sengge
2029,8,13th Century,Shongton Dorje Gyeltsen
2051,8,13th Century,Pakpa Lodro Gyeltsen
2069,15,20th Century,Rinchen Dorje
2104,8,13th Century,Lotsāwa Chokden Lekpai Lodro
2118,13,18th Century,Kunzang Ngedon Wangpo
2118,14,19th Century,Kunzang Ngedon Wangpo
2137,7,12th Century,Sakya Paṇḍita Kunga Gyeltsen
2137,8,13th Century,Sakya Paṇḍita Kunga Gyeltsen
2162,10,15th Century,Tashi Namgyel
2162,11,16th Century,Tashi Namgyel
2180,12,17th Century,Lobzang Yeshe
2180,13,18th Century,Lobzang Yeshe
2181,8,13th Century,Chim Namkha Drak
2203,8,13th Century,Zhangton Konchok Pel
2232,10,15th Century,Kunkyong Lingpa
2235,15,20th Century,Kelzang Lungrik Gyatso
2237,14,19th Century,Kelzang Jigme Namkha
2238,14,19th Century,Lobzang Trinle Gyatso
2280,8,13th Century,Yeshe Rinchen
2314,8,13th Century,Rinchen Gyeltsen
2327,12,17th Century,Lobzang Donyo
2328,12,17th Century,Chokyi Gyelpo
2329,12,17th Century,Ngawang Jampa
2329,13,18th Century,Ngawang Jampa
2330,12,17th Century,Ngawang Chokyi Wangchuk
2336,12,17th Century,Kunga Puntsok
2338,11,16th Century,Nesar Jamyang Khyentse Wangchuk
2339,13,18th Century,Jampel Gyatso
2339,14,19th Century,Jampel Gyatso
2340,11,16th Century,Labsum Gyeltsen
2387,10,15th Century,Ngorchen Kunga Zangpo
2392,12,17th Century,Lobzang Dorje
2392,13,18th Century,Lobzang Dorje
2393,14,19th Century,Lobzang Tsultrim Jigme Gyatso
2393,15,20th Century,Lobzang Tsultrim Jigme Gyatso
2399,13,18th Century,Yeshe Kelzang
2409,13,18th Century,Namkha Sengge
2418,14,19th Century,Ngawang Lobzang
2418,15,20th Century,Ngawang Lobzang
2419,15,20th Century,Dungkar Lobzang Trinle
2423,15,20th Century,Surkhang Wangchen Gelek
2424,15,20th Century,Horkhang Sonam Pelbar
2427,11,16th Century,Pelden Gyeltsen
2434,11,16th Century,Yonten Gyatso
2436,12,17th Century,Lobzang Dondrub
2436,13,18th Century,Lobzang Dondrub
2441,11,16th Century,Drakpa Wozer
2441,12,17th Century,Drakpa Wozer
2442,12,17th Century,Sumpa Damcho Gyatso
2456,14,19th Century,Khyenrab Yonten Gyatso
2456,15,20th Century,Khyenrab Yonten Gyatso
2462,12,17th Century,Gyelwa Gyatso
2462,13,18th Century,Gyelwa Gyatso
2469,14,19th Century,Lobzang Chopel Gyatso
2469,15,20th Century,Lobzang Chopel Gyatso
2483,8,13th Century,Kyoton Monlam Tsultrim
2491,9,14th Century,Lama Dampa Sonam Gyeltsen
2495,14,19th Century,Sherab Gyatso
2504,6,11th Century,Machik Zhama
2504,7,12th Century,Machik Zhama
2506,14,19th Century,Tubten Jigme Gyatso
2510,6,11th Century,Padampa Sanggye
2510,7,12th Century,Padampa Sanggye
2521,15,20th Century,Lobzang Trinle Lungtok Gyatso
2523,11,16th Century,Ngawang Chokyi Gyeltsen
2523,12,17th Century,Ngawang Chokyi Gyeltsen
2527,14,19th Century,Ngawang Chokdrub Tenpai Gyeltsen
2539,7,12th Century,Pakmodrupa Dorje Gyelpo
2541,15,20th Century,Takla Norbu
2561,7,12th Century,Lobpon Tsilungpa
2561,8,13th Century,Lobpon Tsilungpa
2577,8,13th Century,Drakpa Sherab
2577,9,14th Century,Drakpa Sherab
2578,8,13th Century,Zeu Drakpa Tsondru
2578,9,14th Century,Zeu Drakpa Tsondru
2584,8,13th Century,Won Sherab Jungne
2589,7,12th Century,Katokpa Dampa Deshek
2591,6,11th Century,Neuzurpa Yeshe Bar
2591,7,12th Century,Neuzurpa Yeshe Bar
2592,9,14th Century,Drubchen Namkha Gyeltsen
2593,7,12th Century,Shupu Namkha Sengge
2595,7,12th Century,Chennga Drakpa Jungne
2595,8,13th Century,Chennga Drakpa Jungne
2598,6,11th Century,Gonpawa Wangchuk Gyeltsen
2606,7,12th Century,Ngoje Repa
2606,8,13th Century,Ngoje Repa
2638,7,12th Century,Duldzinpa Takmapa Kawa Darseng
2639,13,18th Century,Karma Ngedon Tendzin Trinle Rabgye
2639,14,19th Century,Karma Ngedon Tendzin Trinle Rabgye
2640,13,18th Century,Karma Ngelek Tendzin Trinle Rabgye
2661,10,15th Century,Peljor Dondrub
2662,12,17th Century,Choying Dorje
2665,11,16th Century,Tsuklak Gyatso
2665,12,17th Century,Tsuklak Gyatso
2670,9,14th Century,Dolpopa Sherab Gyeltsen
2683,7,12th Century,Dusum Khyenpa
2712,12,17th Century,Tāranātha
2720,12,17th Century,Sonam Puntsok
2720,13,18th Century,Sonam Puntsok
2730,14,19th Century,Karma Shedrub Chokyi Sengge
2730,15,20th Century,Karma Shedrub Chokyi Sengge
2733,8,13th Century,Orgyenpa Rinchen Pel
2740,8,13th Century,Yungton Dorje Pel
2740,9,14th Century,Yungton Dorje Pel
2755,12,17th Century,Ngawang Sonam Gyatso
2755,13,18th Century,Ngawang Sonam Gyatso
2758,14,19th Century,Kelzang Tubten Wangchuk
2758,15,20th Century,Kelzang Tubten Wangchuk
2774,9,14th Century,Chokyi Gyelpo
2776,8,13th Century,Karma Pakshi
2780,8,13th Century,Sonam Bumpa
2781,7,12th Century,Jampa Bum
2781,8,13th Century,Jampa Bum
2784,15,20th Century,Lobzang Jamyang Yeshe Tenpai Gyeltsen
2787,13,18th Century,Jamyang Khyenrab Gyatso
2787,14,19th Century,Jamyang Khyenrab Gyatso
2788,14,19th Century,Jigme Trinle Gyatso
2788,15,20th Century,Jigme Trinle Gyatso
2789,7,12th Century,Nyo Gyelwa Lhanangpa Sanggye Rinchen
2789,8,13th Century,Nyo Gyelwa Lhanangpa Sanggye Rinchen
2790,8,13th Century,Yonten Gyatso
2790,9,14th Century,Yonten Gyatso
2791,8,13th Century,Tsonawa Sherab Zangpo
2798,7,12th Century,Kunden Repa
2799,7,12th Century,Tropu Gyeltsa Rinchen Gon
2801,9,14th Century,Sabzang Mati Paṇchen Lodro Gyeltsen
2803,8,13th Century,Jangsem Gyelwa Yeshe 
2803,9,14th Century,Jangsem Gyelwa Yeshe 
2806,8,13th Century,Kodrakpa Sonam Gyeltsen
2810,7,12th Century,Śākyaśrībhadra
2810,8,13th Century,Śākyaśrībhadra
2812,9,14th Century,Chokle Namgyel
2814,12,17th Century,Tenzin Lekshe
2816,4,9th Century,Lachen Gongpa Rabsel
2816,5,10th Century,Lachen Gongpa Rabsel
2819,13,18th Century,Yeshe Tardo
2819,14,19th Century,Yeshe Tardo
2823,9,14th Century,Jonang Lotsāwa Lodro Pel
2845,8,13th Century,Buton Rinchen Drub
2845,9,14th Century,Buton Rinchen Drub
2854,9,14th Century,Dondrub Rinchen
2866,10,15th Century,Jamyang Sherab Gyatso
2871,11,16th Century,Gendun Tenpa Dargye
2872,12,17th Century,Lodro Gyatso
2882,9,14th Century,Longchenpa Drime Wozer
2891,9,14th Century,Duldzin Drakpa Gyeltsen
2891,10,15th Century,Duldzin Drakpa Gyeltsen
2896,10,15th Century,Jamyang Donyo Pelden
2896,11,16th Century,Jamyang Donyo Pelden
2899,7,12th Century,Jikten Gonpo Rinchen Pel
2912,10,15th Century,Lobzang Nyima
2915,7,12th Century,Drakpa Gyeltsen
2916,7,12th Century,Sachen Kunga Nyingpo
2919,7,12th Century,Sonam Tsemo
2926,12,17th Century,Lobzang Samten
2926,13,18th Century,Lobzang Samten
2931,12,17th Century,Drakpa Shedrub
2931,13,18th Century,Drakpa Shedrub
2943,14,19th Century,Konchok Gyatso
2943,15,20th Century,Konchok Gyatso
2945,14,19th Century,Sungrab Gyatso
2945,15,20th Century,Sungrab Gyatso
2948,15,20th Century,Jigme Rigpai Lodro
2949,15,20th Century,Muge Samten Gyatso
2952,11,16th Century,Gendun Rinchen Gyeltsen
2952,12,17th Century,Gendun Rinchen Gyeltsen
2973,7,12th Century,Khyunggo Tsel
2973,8,13th Century,Khyunggo Tsel
2974,13,18th Century,Shingza Paṇḍita Lobzang Dargye Gyatso
2974,14,19th Century,Shingza Paṇḍita Lobzang Dargye Gyatso
2980,9,14th Century,Nyamme Sherab Gyeltsen
2980,10,15th Century,Nyamme Sherab Gyeltsen
2987,13,18th Century,Kundrol Drakpa
2996,13,18th Century,Konchok Jigme Wangpo
2997,11,16th Century,Tenzin Norbu
2997,12,17th Century,Tenzin Norbu
3000,10,15th Century,Pema Lingpa
3000,11,16th Century,Pema Lingpa
3006,10,15th Century,Ngari Paṇchen Pema Wanggyel
3006,11,16th Century,Ngari Paṇchen Pema Wanggyel
3008,13,18th Century,Lobzang Chokyi Nyima
3010,11,16th Century,Lekden Dorje
3010,12,17th Century,Lekden Dorje
3020,14,19th Century,Mingyur Namkhai Dorje
3028,9,14th Century,Lodro Sengge
3040,12,17th Century,Drakpa Gyeltsen
3049,13,18th Century,Lobzang Tenpai Gyeltsen
3061,13,18th Century,Lobzang Tubten Gelek Gyeltsen
3062,12,17th Century,Ngawang Lobzang Tenpai Gyeltsen
3062,13,18th Century,Ngawang Lobzang Tenpai Gyeltsen
3064,12,17th Century,Ngawang Trinle
3064,13,18th Century,Ngawang Trinle
3072,13,18th Century,Jamyang Norbu
3074,13,18th Century,Konchok Gyeltsen
3074,14,19th Century,Konchok Gyeltsen
3080,13,18th Century,Konchok Chopel
3080,14,19th Century,Konchok Chopel
3085,11,16th Century,Yonten Gyatso
3085,12,17th Century,Yonten Gyatso
3086,13,18th Century,Lobzang Neten Tsondru
3101,8,13th Century,Kuyelwa Rinchen Gon
3107,13,18th Century,Kelzang Gyatso
3109,12,17th Century,Lobzang Chodrak
3109,13,18th Century,Lobzang Chodrak
3121,9,14th Century,"Dungtso Repa The Earlier"""""
3125,10,15th Century,Trulzhik Nauwa
3134,13,18th Century,Ngawang Jamyang Tenzin Gyatso
3139,8,13th Century,Sanggye Yarjon
3141,13,18th Century,Rolpai Dorje
3152,15,20th Century,Shukseb Jetsun Choying Zangmo
3153,9,14th Century,Gyelse Tokme Zangpo
3165,7,12th Century,Gomchung Sherab Jangchub
3168,6,11th Century,Gampopa Sonam Rinchen
3168,7,12th Century,Gampopa Sonam Rinchen
3169,7,12th Century,Gompo Tsultrim Nyingpo
3171,12,17th Century,Ngawang Tsepel
3171,13,18th Century,Ngawang Tsepel
3173,12,17th Century,Gendun Puntsok
3173,13,18th Century,Gendun Puntsok
3175,7,12th Century,Dakpo Duldzin
3175,8,13th Century,Dakpo Duldzin
3178,6,11th Century,Milarepa
3178,7,12th Century,Milarepa
3181,7,12th Century,Barompa Darma Wangchuk
3182,7,12th Century,Zhang Yudrakpa Tsondru Drakpa
3188,9,14th Century,Tawen Kunga Rinchen
3189,9,14th Century,Namkha Lekpai Gyeltsen
3191,9,14th Century,Jamyang Donyo Gyeltsen
3194,8,13th Century,Dharmapālarakṣita
3200,10,15th Century,Konchok Pelwa
3200,11,16th Century,Konchok Pelwa
3204,8,13th Century,Zangpo Pel
3204,9,14th Century,Zangpo Pel
3208,10,15th Century,Jamyang Namkha Gyeltsen
3211,10,15th Century,Dakchen Sherab Gyeltsen
3225,12,17th Century,Ngawang Chokyi Gyatso
3225,13,18th Century,Ngawang Chokyi Gyatso
3266,9,14th Century,Barawa Gyeltsen Pelzang
3274,14,19th Century,Jampa Gyatso
3296,14,19th Century,Gendun Tendzin Gyatso
3296,15,20th Century,Gendun Tendzin Gyatso
3307,14,19th Century,Tubten Gyatso
3307,15,20th Century,Tubten Gyatso
3414,13,18th Century,Lobzang Jampa
3414,14,19th Century,Lobzang Jampa
3469,7,12th Century,Marpa Sherab Yeshe
3485,15,20th Century,Do Dasel Wangmo
3627,14,19th Century,Khaying Dolma
3660,9,14th Century,Rinchen Chok
3671,9,14th Century,Nyakpuwa Sonam Zangpo
3671,10,15th Century,Nyakpuwa Sonam Zangpo
3673,9,14th Century,Nyawon Kunga Pel
3708,11,16th Century,Yonten Gyatso
3712,10,15th Century,Dawa Gyeltsen
3712,11,16th Century,Dawa Gyeltsen
3730,14,19th Century,Kelzang Jamyang Gyatso
3733,14,19th Century,Tubten Jigme Kelzang
3734,14,19th Century,Lobzang Tenpai Nyima
3735,14,19th Century,Lobzang Jigme Tsultrim Gyatso
3735,15,20th Century,Lobzang Jigme Tsultrim Gyatso
3736,9,14th Century,Vanaratna
3736,10,15th Century,Vanaratna
3738,15,20th Century,Lobzang Tubten Lungtok Shedrub Gyatso
3739,15,20th Century,Lobzang Jangchub Tendzin Gyatso
3743,11,16th Century,Ngawang Chodrak
3744,10,15th Century,Jampel Gyatso
3758,12,17th Century,Ngawang Lobzang Choden
3758,13,18th Century,Ngawang Lobzang Choden
3759,8,13th Century,Gotsangpa Gonpo Dorje
3762,9,14th Century,Sherab Sengge
3762,10,15th Century,Sherab Sengge
3769,13,18th Century,Konchok Sengge
3769,14,19th Century,Konchok Sengge
3770,15,20th Century,Tamdrin Lhamo
3778,11,16th Century,Tongwa Donden
3782,13,18th Century,Jigme Tenpai Gyatso
3783,13,18th Century,Jigme Tenpai Gonpo
3784,14,19th Century,Lobzang Jigme Pelden Tenpai Nyima
3785,14,19th Century,Ngawang Lobzang Jigme Tenpai Gyeltsen
3786,15,20th Century,Lobzang Tubten Mipam Tsultrim Gyeltsen
3788,10,15th Century,Pelden Chokdrub
3788,11,16th Century,Pelden Chokdrub
3789,11,16th Century,Sanggye Jungne
3789,12,17th Century,Sanggye Jungne
3791,12,17th Century,Zhiwa Zangpo
3792,13,18th Century,Pakpa Gelek Gyeltsen
3793,14,19th Century,Lobzang Dondrub Gyatso
3794,14,19th Century,Ngawang Jigme Khenrab Tendzin Trinle
3794,15,20th Century,Ngawang Jigme Khenrab Tendzin Trinle
3795,15,20th Century,Ngawang Trinle Tenzin Khyenrab
3822,14,19th Century,Tubten Chokyi Nyima
3822,15,20th Century,Tubten Chokyi Nyima
3866,15,20th Century,Gendun Chopel
3877,14,19th Century,Longdol Lama Ngawang Lobzang
3881,7,12th Century,Kharakpa Dulwa O
3883,13,18th Century,Pema Rangdol
3889,15,20th Century,Jigme Damcho Gyatso
3890,7,12th Century,Gurawa Tsultrim Dorje
3890,8,13th Century,Gurawa Tsultrim Dorje
3902,8,13th Century,Chung Dorje Drakpa
3903,8,13th Century,Tokkhawa Rinchen Sengge
3904,8,13th Century,Tsamchepa Drakpa Sonam
3906,8,13th Century,Dorje Rinchen
3906,9,14th Century,Dorje Rinchen
3907,8,13th Century,Dorje Gyelpo
3907,9,14th Century,Dorje Gyelpo
3936,8,13th Century,Drigung Lotsāwa Maṇikaśrījñāna
3937,9,14th Century,Zhangton Gyawo Sonam Drakpa
3938,9,14th Century,Tangpoche Kunga Bum
3939,9,14th Century,Menchukhawa Lodro Gyeltsen
3940,9,14th Century,Rinchen Tsultrim
3955,15,20th Century,Khyenrab Norbu
3957,6,11th Century,Droton Dutsi Drakpa
3957,7,12th Century,Droton Dutsi Drakpa
3977,14,19th Century,Giteng Lobzang Pelden
3977,15,20th Century,Giteng Lobzang Pelden
3989,14,19th Century,Dechen Nyingpo
3989,15,20th Century,Dechen Nyingpo
4000,14,19th Century,Pema Vajra Jampel Tenpai Ngodrub
4000,15,20th Century,Pema Vajra Jampel Tenpai Ngodrub
4002,11,16th Century,Gendun Tashi
4028,10,15th Century,Yeshe Gyeltsen
4043,8,13th Century,Kumārarāja
4043,9,14th Century,Kumārarāja
4077,14,19th Century,Lobzang Jangchub Tenpei Dronme
4077,15,20th Century,Lobzang Jangchub Tenpei Dronme
4080,12,17th Century,Konchok Chodrak
4080,13,18th Century,Konchok Chodrak
4085,11,16th Century,Kunga Drolchok
4086,9,14th Century,Jangchub Tsemo
4092,11,16th Century,Damcho Pelwa
4092,12,17th Century,Damcho Pelwa
4113,9,14th Century,Tangpo Chungwa Lodro Pel
4114,9,14th Century,Puntsok Pelzang
4115,9,14th Century,Gharungwa Lhai Gyeltsen
4119,10,15th Century,Orgyen Dzongpa Chokyong Gyeltsen
4119,11,16th Century,Orgyen Dzongpa Chokyong Gyeltsen
4125,14,19th Century,Nyakla Pema Dudul
4140,7,12th Century,Pomdrakpa Sonam Dorje
4140,8,13th Century,Pomdrakpa Sonam Dorje
4141,14,19th Century,Trinle Gyatso
4150,12,17th Century,Kunga Rinchen Gyatso
4163,14,19th Century,Ngawang Pelden Chokyi Gyeltsen
4164,9,14th Century,Nyakpuwa Sonam Zangpo
4164,10,15th Century,Nyakpuwa Sonam Zangpo
4166,9,14th Century,Jampa Khawoche
4167,9,14th Century,Drubchen Kunga Lodro
4167,10,15th Century,Drubchen Kunga Lodro
4168,10,15th Century,Jamyang Konchok Zangpo
4170,10,15th Century,Namkha Chokyong
4175,7,12th Century,Rokam Nyima Sherab
4177,6,11th Century,Konchok Kyab
4185,14,19th Century,Jigme Tenpai Nyima
4185,15,20th Century,Jigme Tenpai Nyima
4206,14,19th Century,Ngawang Norbu
4217,10,15th Century,Lhachok Sengge
4217,11,16th Century,Lhachok Sengge
4219,11,16th Century,Sanggye Sengge
4220,11,16th Century,Kunga Sonam Lhundrub
4220,12,17th Century,Kunga Sonam Lhundrub
4221,11,16th Century,Sherab Jungne
4221,12,17th Century,Sherab Jungne
4222,12,17th Century,Namkha Rinchen
4223,11,16th Century,Ngawang Sonam Gyeltsen
4223,12,17th Century,Ngawang Sonam Gyeltsen
4224,12,17th Century,Pelchok Gyeltsen
4224,13,18th Century,Pelchok Gyeltsen
4225,12,17th Century,Jamyang Namkha Pelzang
4227,12,17th Century,Sanggye Tendzin
4228,14,19th Century,Mipam Gyatso
4228,15,20th Century,Mipam Gyatso
4249,12,17th Century,Kunga Tashi
4249,13,18th Century,Kunga Tashi
4259,14,19th Century,Khedrub Gyatso
4261,6,11th Century,Ngok Lotsāwa Loden Sherab
4265,11,16th Century,Tsultrim Chopel
4265,12,17th Century,Tsultrim Chopel
4267,6,11th Century,Dromton Gyelwa Jungne
4272,14,19th Century,Jigme Puntsok Jungne
4276,11,16th Century,Konchok Chopel
4276,12,17th Century,Konchok Chopel
4277,14,19th Century,Yeshe Chopel
4278,14,19th Century,Jangchub Namkha
4279,14,19th Century,Lobzang Tsultrim
4280,14,19th Century,Lobzang Tsultrim Pelden
4282,14,19th Century,Lobzang Gyeltsen
4282,15,20th Century,Lobzang Gyeltsen
4285,14,19th Century,Jigme Chokyi Wangchuk
4285,15,20th Century,Jigme Chokyi Wangchuk
4291,14,19th Century,Jamyang Khyentse Wangpo
4301,6,11th Century,Yumo Mikyo Dorje
4301,7,12th Century,Yumo Mikyo Dorje
4302,14,19th Century,Ngawang Yeshe Tubten
4309,15,20th Century,Lobzang Yeshe Tenzin Gyatso
4310,14,19th Century,Jampa Kunga Tenzin
4310,15,20th Century,Jampa Kunga Tenzin
4314,14,19th Century,Tsultrim Gyatso
4327,9,14th Century,Lodro Gyeltsen
4327,10,15th Century,Lodro Gyeltsen
4348,10,15th Century,Sherab Zangpo
4349,10,15th Century,Namkha Pelzang
4350,9,14th Century,Jamyang Yeshe Rinchen
4350,10,15th Century,Jamyang Yeshe Rinchen
4352,9,14th Century,Dorje Rinchen
4354,6,11th Century,Marpa Chokyi Lodro
4358,14,19th Century,Jamgon Kongtrul Lodro Taye
4359,7,12th Century,Sanggye Gompa Sengge
4359,8,13th Century,Sanggye Gompa Sengge
4368,7,12th Century,Taklungtangpa Tashi Pel
4372,11,16th Century,Dawa Gyeltsen
4379,11,16th Century,Pema Trinle
4379,12,17th Century,Pema Trinle
4380,14,19th Century,Ngawang Lobzang Tenpai Gyeltsen
4402,14,19th Century,Yangchen Drupai Dorje
4425,14,19th Century,Patrul Orgyen Jigme Chokyi Wangpo
4469,14,19th Century,Lungtok Gyatso
4478,15,20th Century,Orgyen Trinle Dorje
4487,12,17th Century,Lobzang Chopel
4488,12,17th Century,Dondrub Gyatso
4488,13,18th Century,Dondrub Gyatso
4489,12,17th Century,Lobzang Dargye
4489,13,18th Century,Lobzang Dargye
4490,11,16th Century,Pelden Drakpa
4490,12,17th Century,Pelden Drakpa
4492,12,17th Century,Gyeltsen Sengge
4492,13,18th Century,Gyeltsen Sengge
4493,12,17th Century,Ngawang Namkha Zangpo
4493,13,18th Century,Ngawang Namkha Zangpo
4494,12,17th Century,Lobzang Drime
4494,13,18th Century,Lobzang Drime
4495,13,18th Century,Samten Puntsok
4496,13,18th Century,Ngawang Chodrak
4497,13,18th Century,Ngawang Chodrak
4498,13,18th Century,Lobzang Tenpa
4499,13,18th Century,Lobzang Monlam
4500,13,18th Century,Lobzang Khechok
4501,13,18th Century,Lobzang Tashi
4524,14,19th Century,Lobzang Chodrak Gyatso
4535,10,15th Century,Yeshe Zangpo
4607,13,18th Century,Konchok Dechen
4611,13,18th Century,Zhabkar Tsokdruk Rangdrol
4611,14,19th Century,Zhabkar Tsokdruk Rangdrol
4622,13,18th Century,Jigme Ngotsar Gyatso
4622,14,19th Century,Jigme Ngotsar Gyatso
4626,4,9th Century,Nubchen Sanggye Yeshe
4626,5,10th Century,Nubchen Sanggye Yeshe
4630,6,11th Century,Zurchen Shakya Jungne
4631,13,18th Century,Ngulchu Dharmabhadra
4631,14,19th Century,Ngulchu Dharmabhadra
4632,6,11th Century,Zurchung Sherab Drakpa
4642,15,20th Century,Sherab Gyatso
4659,14,19th Century,Sengdruk Pema Tashi
4665,13,18th Century,Bipa Mipam Dawa
4665,14,19th Century,Bipa Mipam Dawa
4669,9,14th Century,Lekpa Gyeltsen
4669,10,15th Century,Lekpa Gyeltsen
4676,13,18th Century,Jigme Trinle Wozer
4676,14,19th Century,Jigme Trinle Wozer
4720,13,18th Century,Drakpa Gyeltsen
4720,14,19th Century,Drakpa Gyeltsen
4727,13,18th Century,Konchok Tenpai Gyeltsen
4727,14,19th Century,Konchok Tenpai Gyeltsen
4730,13,18th Century,Konchok Tenpai Dronme
4730,14,19th Century,Konchok Tenpai Dronme
4820,15,20th Century,Druk Khenpo Ngawang Yonten Gyatso
4903,3,8th Century,Gyelwa Chokyang
4986,14,19th Century,Namkha Chokyi Gyatso
4987,14,19th Century,Jigme Choying Wosel
5024,14,19th Century,Ngawang Norbu
5024,15,20th Century,Ngawang Norbu
5041,14,19th Century,Gelek Namgyel
5044,14,19th Century,Tsering Norbu
5044,15,20th Century,Tsering Norbu
5048,14,19th Century,Konchok Zangpo
5048,15,20th Century,Konchok Zangpo
5078,14,19th Century,Gyurme Wosel
5078,15,20th Century,Gyurme Wosel
5099,15,20th Century,Pema Tsewang Gyatso
5115,15,20th Century,Wozer Taye
5117,15,20th Century,Konchok Yeshe Wozer
5120,15,20th Century,Tenzin Chozang
5121,15,20th Century,Chonam
5122,15,20th Century,Tsering Chojor
5151,12,17th Century,Orgyen Samten
5151,13,18th Century,Orgyen Samten
5159,13,18th Century,Kunzang Pema Wanggyel
5164,13,18th Century,Peljor Gyatso
5164,14,19th Century,Peljor Gyatso
5166,14,19th Century,Garwang Chokyi Gyeltsen
5234,3,8th Century,Ma Rinchen Chok
5234,4,9th Century,Ma Rinchen Chok
5281,3,8th Century,Sokpo Pelgyi Yeshe
5306,13,18th Century,Doring Tenzin Peljor
5306,14,19th Century,Doring Tenzin Peljor
5312,7,12th Century,Yutok Yonten Gonpo
5313,7,12th Century,Sumton Yeshe Zung
5317,13,18th Century,Ngawang Chopel
5317,14,19th Century,Ngawang Chopel
5326,10,15th Century,Dorje Palam
5326,11,16th Century,Dorje Palam
5328,13,18th Century,Yeshe Lobzang Tenpai Gonpo
5328,14,19th Century,Yeshe Lobzang Tenpai Gonpo
5331,11,16th Century,Lobzang Gyatso
5331,12,17th Century,Lobzang Gyatso
5338,13,18th Century,Ngawang Tendar
5338,14,19th Century,Ngawang Tendar
5360,13,18th Century,Lobzang Gyeltsen Sengge
5360,14,19th Century,Lobzang Gyeltsen Sengge
5371,13,18th Century,Jangchub Chopel
5371,14,19th Century,Jangchub Chopel
5381,13,18th Century,Jamyang Monlam
5381,14,19th Century,Jamyang Monlam
5386,6,11th Century,Tsurton Wanggi Dorje
5401,6,11th Century,Mel Lotsāwa Lodro Drakpa
5406,8,13th Century,Naza Drakpukpa Sonam Pel
5406,9,14th Century,Naza Drakpukpa Sonam Pel
5408,9,14th Century,Sharchen Yeshe Gyeltsen
5410,14,19th Century,Lobzang Tsultrim Gyatso
5415,14,19th Century,Ngawang Nyendrak
5426,13,18th Century,Lobzang Tsultrim
5432,11,16th Century,Peljor Gyatso
5436,13,18th Century,Gendun Trinle Rabgye
5437,10,15th Century,Janglingpa Tashi Gyeltsen
5457,13,18th Century,Jigme Lingpa
5461,6,11th Century,Ra Lotsāwa Dorje Drakpa
5479,13,18th Century,Arik Geshe Jampa Gelek Gyeltsen
5480,10,15th Century,Chokyong Gyatso
5480,11,16th Century,Chokyong Gyatso
5485,13,18th Century,Jampel Tsultrim
5485,14,19th Century,Jampel Tsultrim
5490,14,19th Century,Lobzang Tenpai Gyeltsen
5490,15,20th Century,Lobzang Tenpai Gyeltsen
5500,9,14th Century,Go Lotsāwa Zhonnu Pel
5500,10,15th Century,Go Lotsāwa Zhonnu Pel
5511,11,16th Century,Tsuklak Trengwa
5527,7,12th Century,Niṣkalaṅka
5555,8,13th Century,Nartangpa Tsultrim Gyeltsen
5588,8,13th Century,Guru Chowang
5615,6,11th Century,Drokmi Śākya Yeshe
5626,9,14th Century,Buddhaśrī
5626,10,15th Century,Buddhaśrī
5641,12,17th Century,Deumar Geshe Tendzin Puntsok
5641,13,18th Century,Deumar Geshe Tendzin Puntsok
5644,5,10th Century,Machik Labdron
5644,6,11th Century,Machik Labdron
5652,13,18th Century,Ngawang Tsultrim
5693,9,14th Century,Umapa Tsondru Sengge
5693,10,15th Century,Umapa Tsondru Sengge
5717,6,11th Century,Atiśa Dīpaṃkara
5729,13,18th Century,Sumpa Khenpo Yeshe Peljor
5750,8,13th Century,Bakton Zhonnu Tsultrim
5753,6,11th Century,Draktengpa Yonten Tsultrim
5777,11,16th Century,Gendun Gyeltsen
5786,6,11th Century,Potowa Rinchen Sel
5790,7,12th Century,Tumton Lodro Drakpa
5791,7,12th Century,Chekhawa Yeshe Dorje
5795,9,14th Century,Shākya Yeshe
5795,10,15th Century,Shākya Yeshe
5796,12,17th Century,Jinpa Gyatso
5801,6,11th Century,Naktso Lotsāwa Tsultrim Gyelwa
5803,6,11th Century,Go Khukpa Lhetse
5805,12,17th Century,Polhane Sonam Tobgye
5805,13,18th Century,Polhane Sonam Tobgye
5817,8,13th Century,Lhodrak Namkha Gyelpo
5817,9,14th Century,Lhodrak Namkha Gyelpo
5818,9,14th Century,Lhodrak Sengge Zangpo
5819,9,14th Century,Lhodrak Gyelse Zangpo
5820,6,11th Century,Chennga Tsultrim Bar
5822,6,11th Century,Jayulwa Zhonnu Wo
5822,7,12th Century,Jayulwa Zhonnu Wo
5824,9,14th Century,Tsakho Ngawang Drakpa
5849,9,14th Century,Jamyang Choje Tashi Pelden
5849,10,15th Century,Jamyang Choje Tashi Pelden
5858,10,15th Century,Gorumpa Kunga Lekpa
5858,11,16th Century,Gorumpa Kunga Lekpa
5871,12,17th Century,Tsangyang Gyatso
5871,13,18th Century,Tsangyang Gyatso
5889,12,17th Century,Ngawang Tendzin
5889,13,18th Century,Ngawang Tendzin
5894,15,20th Century,Tubten Lhundrub
5897,14,19th Century,Amdo Geshe Jampel Rolpai Lodro
5897,15,20th Century,Amdo Geshe Jampel Rolpai Lodro
5899,12,17th Century,Lobzang Rabten
5901,13,18th Century,Gendun Tsultrim
5901,14,19th Century,Gendun Tsultrim
5902,14,19th Century,Shedrub Gyatso
5910,13,18th Century,Konchok Gyepai Lodro
5910,14,19th Century,Konchok Gyepai Lodro
5924,9,14th Century,Chokyi Gyeltsen
5924,10,15th Century,Chokyi Gyeltsen
5926,11,16th Century,Tashi Peljor
5927,11,16th Century,Chokyi Gyeltsen
5927,12,17th Century,Chokyi Gyeltsen
5928,11,16th Century,Mutruk Chokyi Gocha
5932,13,18th Century,Lobzang Gelek
5932,14,19th Century,Lobzang Gelek
5953,11,16th Century,Chodrak Zangpo
5985,12,17th Century,Chakpa Chopel
5985,13,18th Century,Chakpa Chopel
5997,7,12th Century,Pelchen Chokyi Yeshe
5997,8,13th Century,Pelchen Chokyi Yeshe
5999,7,12th Century,Nyangrel Nyima Wozer
6009,11,16th Century,Depa Trinle Gyatso
6009,12,17th Century,Depa Trinle Gyatso
6010,8,13th Century,Namkha Pel
6025,13,18th Century,Jigme Gyeltsen
6025,14,19th Century,Jigme Gyeltsen
6037,7,12th Century,Ga Lotsāwa Zhonnu Pel
6045,13,18th Century,Ngawang Jamyang Tashi
6045,14,19th Century,Ngawang Jamyang Tashi
6065,12,17th Century,Ngawang Lobzang Gyatso
6076,6,11th Century,Pakpa Sherab
6099,14,19th Century,Ngawang Tendzin Gyatso
6100,6,11th Century,Khon Konchok Gyelpo
6110,14,19th Century,Konchok Tenpai Gyatso
6122,10,15th Century,Trulzhik Tsultrim Gyeltsen
6134,7,12th Century,Tsondru Sengge
6134,8,13th Century,Tsondru Sengge
6138,8,13th Century,Sonam Pel
6147,7,12th Century,Khenpo Zopa
6147,8,13th Century,Khenpo Zopa
6159,7,12th Century,Parpuwa Lodro Sengge
6161,12,17th Century,Lobzang Nyima
6161,13,18th Century,Lobzang Nyima
6175,12,17th Century,Khardo Zopa Gyatso
6175,13,18th Century,Khardo Zopa Gyatso
6185,13,18th Century,Tenzin Trinle
6194,6,11th Century,Rongzom Chokyi Zangpo
6194,7,12th Century,Rongzom Chokyi Zangpo
6198,13,18th Century,Jamyang Tubten Nyima
6198,14,19th Century,Jamyang Tubten Nyima
6205,3,8th Century,Nyang Tingdzin Zangpo
6214,6,11th Century,Vajrāsana the latter
6219,10,15th Century,Sherab Dar Lekpai Lodro
6219,11,16th Century,Sherab Dar Lekpai Lodro
6251,9,14th Century,Konchok Tsultrim
6257,9,14th Century,Sabzang Pakpa Zhonnu Lodro
6264,12,17th Century,Lobsang Jamyang
6275,6,11th Century,Gorub Lotsāwa Chokyi Sherab
6278,10,15th Century,Namgyel Drakpa Zangpo
6285,6,11th Century,Khyungpo Neljor
6285,7,12th Century,Khyungpo Neljor
6286,10,15th Century,Lobzang Drakpa
6286,11,16th Century,Lobzang Drakpa
6331,15,20th Century,Pema Wangchuk
6333,14,19th Century,Tsewang Sonam Tobgyel
6333,15,20th Century,Tsewang Sonam Tobgyel
6334,14,19th Century,Rinchen Tendzin Trinle Dorje
6335,9,14th Century,Changtul
6335,10,15th Century,Changtul
6336,10,15th Century,Tsenpo Pellek
6337,10,15th Century,Tashi Bum
6338,10,15th Century,Gakye
6339,10,15th Century,Wangchuk
6339,11,16th Century,Wangchuk
6340,11,16th Century,Sanggye Pel
6341,11,16th Century,Gonpo Dargye
6342,11,16th Century,Kelzang Wangchuk
6342,12,17th Century,Kelzang Wangchuk
6343,12,17th Century,Tashi Rabten
6344,12,17th Century,Tsewang Dondrub
6345,12,17th Century,Lobzang Dondrub
6346,12,17th Century,Makzor Gonpo
6346,13,18th Century,Makzor Gonpo
6348,13,18th Century,Tensung Tsering
6349,13,18th Century,Tenzin Rinchen
6349,14,19th Century,Tenzin Rinchen
6350,13,18th Century,Jigme Topgye
6350,14,19th Century,Jigme Topgye
6351,10,15th Century,Shākya Chokden
6353,14,19th Century,Konchok Damcho Gyatso
6367,7,12th Century,Kyobpa Pel Zangpo
6373,10,15th Century,Sherab Peltsek
6374,8,13th Century,Drakpa Gyeltsen
6393,6,11th Century,Chokyi Lama
6393,7,12th Century,Chokyi Lama
6395,15,20th Century,Tsunma Yulha
6405,7,12th Century,Tropu Lotsāwa Jampa Pel
6405,8,13th Century,Tropu Lotsāwa Jampa Pel
6412,11,16th Century,Buddhagupta-nātha
6419,14,19th Century,Tubten Jigme Gyatso
6441,6,11th Century,Tolungpa Rinchen Nyingpo
6441,7,12th Century,Tolungpa Rinchen Nyingpo
6452,6,11th Century,Puchungwa Zhonnu Gyeltsen
6466,11,16th Century,Konchok Chozang
6466,12,17th Century,Konchok Chozang
6470,14,19th Century,Minyak Kunzang Sonam
6489,9,14th Century,Drungchen Khachopa Namkha Gyeltsen
6489,10,15th Century,Drungchen Khachopa Namkha Gyeltsen
6491,7,12th Century,Doton Sherab Drakpa
6493,12,17th Century,Ngawang Trinle Gyatso
6493,13,18th Century,Ngawang Trinle Gyatso
6498,14,19th Century,Lobzang Khyenrab Wangchuk
6499,12,17th Century,Tenpa Tsering
6499,13,18th Century,Tenpa Tsering
6502,13,18th Century,Jigme Lungrik Gyatso
6505,12,17th Century,Ngawang Tashi
6505,13,18th Century,Ngawang Tashi
6526,12,17th Century,Ngawang Chokden
6526,13,18th Century,Ngawang Chokden
6529,13,18th Century,Lobzang Nyendrak
6535,14,19th Century,Jigme Tenpai Nyima
6536,13,18th Century,Jigme Rigpai Sengge
6536,14,19th Century,Jigme Rigpai Sengge
6547,7,12th Century,Lhachuk Kharwa Nyida O
6548,12,17th Century,Taktsang Lobzang Rabten
6548,13,18th Century,Taktsang Lobzang Rabten
6567,11,16th Century,Dutsi Gyurme
6568,10,15th Century,Lekdrub Pel
6578,7,12th Century,Sanggye Dorje
6578,8,13th Century,Sanggye Dorje
6580,12,17th Century,Ngawang Konchok Nyima
6580,13,18th Century,Ngawang Konchok Nyima
6586,12,17th Century,Puntsok Namgyel
6587,6,11th Century,Sumpa Yeshe Lodro
6620,8,13th Century,Zang Samlingpa
6622,13,18th Century,Sonam Drakpa
6634,14,19th Century,Lobzang Trinle Gyatso
6635,12,17th Century,Sherab Tashi
6635,13,18th Century,Sherab Tashi
6646,12,17th Century,Jamyang Zhepai Dorje
6646,13,18th Century,Jamyang Zhepai Dorje
6648,12,17th Century,Lobzang Gyeltsen
6653,3,8th Century,Pelgyi Sengge
6667,12,17th Century,Lodro Gyatso
6668,12,17th Century,Nyima Drakpa
6668,13,18th Century,Nyima Drakpa
6670,11,16th Century,Tsoknyi Gyatso
6671,8,13th Century,Lorepa Wangchuk Tsondru
6672,8,13th Century,Jamyang Gonpo
6678,3,8th Century,Pelgyi Lhunpo
6681,3,8th Century,Drenpa Namkha
6690,10,15th Century,Pakpa Dechen Dorje
6721,7,12th Century,Rinchen Sherab
6721,8,13th Century,Rinchen Sherab
6723,5,10th Century,Mahāvajrāsana
6726,7,12th Century,Rokben Sherab O
6726,8,13th Century,Rokben Sherab O
6729,12,17th Century,Lobzang Tenpa Dargye
6729,13,18th Century,Lobzang Tenpa Dargye
6731,13,18th Century,Ra Sonam Wanggyel
6733,6,11th Century,Tsur Lotsāwa Yeshe Jungne
6735,9,14th Century,Rongton Sheja Kunrik
6735,10,15th Century,Rongton Sheja Kunrik
6746,10,15th Century,Baso Chokyi Gyeltsen
6749,7,12th Century,Yabzang Choje Chokyi Monlam
6749,8,13th Century,Yabzang Choje Chokyi Monlam
6756,7,12th Century,Zarawa Kelden Yeshe Sengge
6760,13,18th Century,Rabten Gyatso
6770,10,15th Century,Chowang Drakpa
6779,10,15th Century,Konchok Delek
6779,11,16th Century,Konchok Delek
6788,10,15th Century,Jampa Tashi
6788,11,16th Century,Jampa Tashi
6793,11,16th Century,Lhawang Chokyi Gyeltsen
6801,11,16th Century,Konchok Pendar
6818,14,19th Century,Jigme Samdrub Gyatso
6872,11,16th Century,Jampa Gyatso
6874,12,17th Century,Sonam Chopel
6892,6,11th Century,Ziji Bar
6895,7,12th Century,Zhangtsun Dorje Wozer
6910,10,15th Century,Chokyi Shenyen
6910,11,16th Century,Chokyi Shenyen
6928,14,19th Century,Lobzang Lungrik Nyima
6929,14,19th Century,Jigme Tubten Nyima
6935,10,15th Century,Wonpo Lhakyab
6935,11,16th Century,Wonpo Lhakyab
6953,10,15th Century,Monlam Pelwa
6962,6,11th Century,Dzeng Dharmabodhi
6962,7,12th Century,Dzeng Dharmabodhi
6978,14,19th Century,Ngawang Lobzang Tenpai Gyeltsen
6978,15,20th Century,Ngawang Lobzang Tenpai Gyeltsen
6979,13,18th Century,Ngawang Jampel Tsultrim Gyatso
6979,14,19th Century,Ngawang Jampel Tsultrim Gyatso
6982,12,17th Century,Ngawang Sanggye Pelzang
6982,13,18th Century,Ngawang Sanggye Pelzang
6997,10,15th Century,Rinchen Wozer
6997,11,16th Century,Rinchen Wozer
7007,15,20th Century,Thupten Lungtok Namgyal Trinley
7024,6,11th Century,Zhangton Chobar
7024,7,12th Century,Zhangton Chobar
7038,8,13th Century,Won Sonam Drakpa
7040,9,14th Century,Rinchen Wanggyel
7040,10,15th Century,Rinchen Wanggyel
7053,11,16th Century,Ngawang Kunga Rinchen
7064,10,15th Century,Sakya Lotsāwa Jampai Dorje
7064,11,16th Century,Sakya Lotsāwa Jampai Dorje
7069,13,18th Century,Lobzang Tenpai Dronme
7083,11,16th Century,Damcho Pelbar
7093,10,15th Century,Lodro Tenpa
7105,13,18th Century,Ngawang Trinle
7107,13,18th Century,Ngawang Tenpai Gyeltsen
7113,6,11th Century,Tsen Khawoche
7114,6,11th Century,Drapa Ngonshe
7130,10,15th Century,Jampel Zangpo
7152,8,13th Century,Yeshe Bumpa
7152,9,14th Century,Yeshe Bumpa
7162,13,18th Century,Ngawang Khedrub
7162,14,19th Century,Ngawang Khedrub
7164,10,15th Century,Ratna Lingpa
7169,15,20th Century,Lobzang Shedrub Gyatso
7170,14,19th Century,Lobzang Tashi Rabgye
7171,14,19th Century,Lobzang Tashi Tenpai Gyeltsen
7172,13,18th Century,Lobzang Tashi Trinle Gyatso
7172,14,19th Century,Lobzang Tashi Trinle Gyatso
7182,14,19th Century,Lobzang Lhundrub
7230,11,16th Century,Gyeltsen Zangpo
7232,9,14th Century,Lodro Rinchen Sengge
7232,10,15th Century,Lodro Rinchen Sengge
7240,10,15th Century,Chokyi Gyeltsen
7240,11,16th Century,Chokyi Gyeltsen
7272,14,19th Century,Bamda Gelek
7272,15,20th Century,Bamda Gelek
7294,10,15th Century,Peljor Lhundrub
7294,11,16th Century,Peljor Lhundrub
7297,14,19th Century,Damcho Tsomo
7297,15,20th Century,Damcho Tsomo
7305,10,15th Century,Sherab Zangpo
7326,6,11th Century,Smṛtijñānakīrti
7348,10,15th Century,Lodro Gyeltsen
7370,10,15th Century,Paṇchen Bumdrak Sumpa
7373,7,12th Century,Chegompa Sherab Dorje
7429,9,14th Century,Orgyen Lingpa
7442,3,8th Century,Padmasambhava
7462,7,12th Century,Tashi Gon
7473,13,18th Century,Gonbujab
7512,9,14th Century,Pelden Tsultrim
7521,7,12th Century,Trulzhik Menpa
7523,9,14th Century,Dondrub Gyelpo
7523,10,15th Century,Dondrub Gyelpo
7525,13,18th Century,Lobzang Tsondru
7525,14,19th Century,Lobzang Tsondru
7545,9,14th Century,Lodro Gyeltsen
7551,14,19th Century,Orgyen Tendzin Norbu
7559,14,19th Century,Tubten Kelzang Gyatso
7565,11,16th Century,Ara Drubtob Tarpai Gyeltsen
7581,12,17th Century,Sanggye Tenpa
7582,12,17th Century,Pema Norbu
7582,13,18th Century,Pema Norbu
7601,12,17th Century,Sonam Wozer
7613,15,20th Century,Dondrub Gyel
7622,12,17th Century,Tenzin Rabgye
7636,7,12th Century,Yelpa Yeshe Tsek
7637,7,12th Century,Tishri Repa Sherab Sengge
7637,8,13th Century,Tishri Repa Sherab Sengge
7641,8,13th Century,Repa Karpo
7644,12,17th Century,Tendzin Lekpai Dondrub
7644,13,18th Century,Tendzin Lekpai Dondrub
7673,7,12th Century,Wolkhawa Drolgom Choyung
7676,12,17th Century,Damcho Pekar
7681,12,17th Century,Lhundrub Gyatso
7681,13,18th Century,Lhundrub Gyatso
7718,12,17th Century,Sheja Zangpo
7719,12,17th Century,Gyelse Kunga Gyeltsen
7719,13,18th Century,Gyelse Kunga Gyeltsen
7732,14,19th Century,Dola Jigme Kelzang
7736,10,15th Century,Jangchub Lodro
7767,9,14th Century,Rigdzin Godemchen Ngodrub Gyeltsen
7767,10,15th Century,Rigdzin Godemchen Ngodrub Gyeltsen
7775,8,13th Century,Yanggonpa Gyeltsen Pel
7803,12,17th Century,Jamgon Ngawang Gyeltsen
7803,13,18th Century,Jamgon Ngawang Gyeltsen
7815,13,18th Century,Shakya Rinchen
7870,14,19th Century,Jampa Chodrak
7870,15,20th Century,Jampa Chodrak
7874,13,18th Century,Shakya Tendzin
7876,15,20th Century,Kelzang Khyenrab Gyatso
7877,15,20th Century,Jamyang Tenpai Gyeltsen
7879,14,19th Century,Jamyang Tenpai Nyima
7879,15,20th Century,Jamyang Tenpai Nyima
7881,14,19th Century,Jamyang Tenzin Gyatso
7881,15,20th Century,Jamyang Tenzin Gyatso
7882,15,20th Century,Jigme Tsultrim Namgyel
7895,13,18th Century,Kunga Gyatso
7918,13,18th Century,Sherab Sengge
7929,15,20th Century,Tsarong Dasang Damdul
7937,15,20th Century,Lobzang Pelden Gyatso
7945,15,20th Century,Dongak Chokyi Gyatso
8027,10,15th Century,Khedrubje Gelek Pelzang
8028,13,18th Century,Yonten Taye
8069,13,18th Century,Dondrub Gyatso
8076,10,15th Century,Kunga Pelwa
8076,11,16th Century,Kunga Pelwa
8079,10,15th Century,Pelden Lodro
8079,11,16th Century,Pelden Lodro
8085,10,15th Century,Kunga Pelden
8085,11,16th Century,Kunga Pelden
8086,11,16th Century,Tseten Gyatso
8097,11,16th Century,Sanggye Rinchen
8097,12,17th Century,Sanggye Rinchen
8099,11,16th Century,Dorje Zangpo
8101,11,16th Century,Kunga Lodro
8103,11,16th Century,Jedrung Sherab Wangpo
8105,11,16th Century,Drakpa Gyatso
8105,12,17th Century,Drakpa Gyatso
8106,11,16th Century,Shenyen Drakpa
8106,12,17th Century,Shenyen Drakpa
8107,12,17th Century,Tenpa Gyeltsen
8108,12,17th Century,Pelden Gyeltsen
8109,12,17th Century,Jampa Tashi
8116,11,16th Century,Khedrub Shakya Lhawang
8116,12,17th Century,Khedrub Shakya Lhawang
8126,13,18th Century,Pema Nyinje Wangpo
8126,14,19th Century,Pema Nyinje Wangpo
8128,15,20th Century,Jigme Tenpai Wangchuk
8156,15,20th Century,Kachen Lobzang Zotpa
8177,15,20th Century,Nyoshul Khenpo Jamyang Dorje
8181,14,19th Century,Chokgyur Lingpa
8184,13,18th Century,Lobzang Chodar
8184,14,19th Century,Lobzang Chodar
8342,2,7th Century,Tonmi Sambhota
8343,13,18th Century,Sherab Gyeltsen
8343,14,19th Century,Sherab Gyeltsen
8354,10,15th Century,Lodro Gyeltsen
8355,14,19th Century,Jigme Norbu
8361,9,14th Century,Khyentse Tokden
8397,14,19th Century,Yeshe Ngodrub
8397,15,20th Century,Yeshe Ngodrub
8454,8,13th Century,Kunpang Delek Rinchen
8455,8,13th Century,Kunden Rema
8455,9,14th Century,Kunden Rema
8456,7,12th Century,Jangsem Choje Sonam Gyeltsen
8456,8,13th Century,Jangsem Choje Sonam Gyeltsen
8459,7,12th Century,Machik Ongjo
8459,8,13th Century,Machik Ongjo
8460,7,12th Century,Khyungtsangpa Yeshe Lama
8472,10,15th Century,"Dungtso Repa The Later"""""
8474,8,13th Century,Machik Kunga Bum
8474,9,14th Century,Machik Kunga Bum
8507,15,20th Century,Chokyi Wozer
8536,15,20th Century,Jamyang Gyeltsen
8538,14,19th Century,Lerab Lingpa
8538,15,20th Century,Lerab Lingpa
8539,12,17th Century,Gyelse Sonam Deutsen
8539,13,18th Century,Gyelse Sonam Deutsen
8543,12,17th Century,Tsondru Gyatso
8543,13,18th Century,Tsondru Gyatso
8549,13,18th Century,Namkha Chowang
8551,13,18th Century,Orgyen Jamyang
8562,13,18th Century,Jigme Rigdzin Gonpo
8562,14,19th Century,Jigme Rigdzin Gonpo
8563,14,19th Century,Jigme Yonten Gonpo
8566,14,19th Century,Jampel Dorje
8566,15,20th Century,Jampel Dorje
8567,14,19th Century,Drodul Tobden Lingpa
8567,15,20th Century,Drodul Tobden Lingpa
8571,9,14th Century,Rendawa Zhonnu Lodro
8571,10,15th Century,Rendawa Zhonnu Lodro
8574,14,19th Century,Drodul Pawo Dorje
8575,15,20th Century,Jigme Dechen Dorje
8578,13,18th Century,Pema Kundrol Namgyel
8580,13,18th Century,Choying Dorje
8580,14,19th Century,Choying Dorje
8583,13,18th Century,Choying Rangdrol
8584,13,18th Century,Wosel Dorje Nyingpo
8584,14,19th Century,Wosel Dorje Nyingpo
8585,14,19th Century,Jangchub Chokyi Nyima
8596,15,20th Century,Gyurme Kelzang Tobgyel Dorje
8600,14,19th Century,Jigme Dorje
8603,14,19th Century,Zhenpen Dorje
8609,13,18th Century,Jikdrel Tutob Dorje
8609,14,19th Century,Jikdrel Tutob Dorje
8610,14,19th Century,Jikdrel Chokyi Langpo
8612,15,20th Century,Zong Lobzang Tsondru Tubten Gyeltsen
8616,12,17th Century,Jangchub Dorje
8616,13,18th Century,Jangchub Dorje
8617,14,19th Century,Sonam Dorje
8618,14,19th Century,Kunzang Pema Trinle
8618,15,20th Century,Kunzang Pema Trinle
8624,14,19th Century,Tubten Gyeltsen Wozer
8625,14,19th Century,Drime Wosel Lingpa
8625,15,20th Century,Drime Wosel Lingpa
8629,15,20th Century,Pema Trinle
8630,13,18th Century,Pelden Dorje
8630,14,19th Century,Pelden Dorje
8631,12,17th Century,Chopa Lugu
8631,13,18th Century,Chopa Lugu
8633,14,19th Century,Hor Donyon Rinpoche
8637,8,13th Century,Sengge Gyelpo
8637,9,14th Century,Sengge Gyelpo
8650,15,20th Century,Namtrul Jigme Puntsok
8651,15,20th Century,Khandro Tāre Lhamo
8675,14,19th Century,Nangdze Dorje
8730,8,13th Century,Dromton Zhonnu Lodro
8730,9,14th Century,Dromton Zhonnu Lodro
8750,9,14th Century,Dorje Lingpa
8752,15,20th Century,Ngawang Lodro Drakpa
8753,14,19th Century,Jamyang Sherab Chokyi Nangwa
8753,15,20th Century,Jamyang Sherab Chokyi Nangwa
8754,14,19th Century,Dongak Tendzin
8757,14,19th Century,Dongak Chokyi Nyima
8757,15,20th Century,Dongak Chokyi Nyima
8782,13,18th Century,Shākya Shrī
8782,14,19th Century,Shākya Shrī
8825,15,20th Century,Dilgo Khyentse Tashi Peljor
8857,8,13th Century,Melong Dorje
8860,14,19th Century,Khetsun Gyatso
8861,14,19th Century,Gendun Tendzin Norbu
8861,15,20th Century,Gendun Tendzin Norbu
8868,8,13th Century,Jomo Menmo
8891,8,13th Century,Guru Jober
8892,13,18th Century,Karma Gyurme Ngedon Tendzin
8892,14,19th Century,Karma Gyurme Ngedon Tendzin
8906,15,20th Century,Karma Chopel
8912,7,12th Century,Nyima Bum
8923,7,12th Century,Zhangton Tashi Dorje
8964,11,16th Century,Sherab Wozer
8972,15,20th Century,Lekshe Chokyi Drayang
8972,16,21st Century,Lekshe Chokyi Drayang
8975,11,16th Century,Ngakgi Wangpo
8975,12,17th Century,Ngakgi Wangpo
8986,9,14th Century,Tsongkhapa Lobzang Drakpa
8986,10,15th Century,Tsongkhapa Lobzang Drakpa
9030,12,17th Century,Gyurme Dechen
9049,14,19th Century,Lobzang Gyeltsen
9049,15,20th Century,Lobzang Gyeltsen
9050,14,19th Century,Tubten Nyinje
9050,15,20th Century,Tubten Nyinje
9051,14,19th Century,Yeshe Wangden
9051,15,20th Century,Yeshe Wangden
9052,11,16th Century,Tashi Tobgyel
9052,12,17th Century,Tashi Tobgyel
9053,14,19th Century,Lhundrub Tsondru
9053,15,20th Century,Lhundrub Tsondru
9055,14,19th Century,Drakpa Dondrub
9056,14,19th Century,Lobzang Nyendrak Gyatso
9056,15,20th Century,Lobzang Nyendrak Gyatso
9057,14,19th Century,Lobzang Jinpa
9058,14,19th Century,Jamyang Damcho
9059,14,19th Century,Tsultrim Dargye
9062,11,16th Century,Peljor Lhundrub
9062,12,17th Century,Peljor Lhundrub
9095,9,14th Century,Gyeltsabje Darma Rinchen
9095,10,15th Century,Gyeltsabje Darma Rinchen
9121,3,8th Century,Nyak Jñānakumara
9126,12,17th Century,Pema Rigdzin
9158,12,17th Century,Garwang Dorje
9169,12,17th Century,Pema Trinle
9171,14,19th Century,Choden Zangmo
9171,15,20th Century,Choden Zangmo
9172,14,19th Century,Chonyi Wangmo
9172,15,20th Century,Chonyi Wangmo
9190,12,17th Century,Namcho Mingyur Dorje
9201,8,13th Century,Rangjung Dorje
9201,9,14th Century,Rangjung Dorje
9203,15,20th Century,Yonten Gonpo
9213,12,17th Century,Tenpai Gyeltsen
9254,13,18th Century,Pelden Tashi
9287,14,19th Century,Langdun Kunga Rinchen
9287,15,20th Century,Langdun Kunga Rinchen
9297,12,17th Century,Pema Dechen Lingpa
9297,13,18th Century,Pema Dechen Lingpa
9301,14,19th Century,Shatra Peljor Dorje
9301,15,20th Century,Shatra Peljor Dorje
9305,14,19th Century,Tsarong Wangchuk Gyalpo
9305,15,20th Century,Tsarong Wangchuk Gyalpo
9333,15,20th Century,Yuthok Tashi Dhondup
9343,14,19th Century,Dokhar Tsewang Norbu
9343,15,20th Century,Dokhar Tsewang Norbu
9355,14,19th Century,Pema Vajra
9355,15,20th Century,Pema Vajra
9361,13,18th Century,Lobzang Trinle
9372,13,18th Century,Rigdzin Tsewang Norbu
9383,13,18th Century,Gyurme Tekchok Tendzin
9394,13,18th Century,Mingyur Peldron
9442,14,19th Century,Orgyen Tendzin Gyatso
9442,15,20th Century,Orgyen Tendzin Gyatso
9482,9,14th Century,Kunpang Chodrak Pelzang
9513,13,18th Century,Kelzang Pema Wangchuk
9523,13,18th Century,Lobzang Jigme Namkha
9523,14,19th Century,Lobzang Jigme Namkha
9525,13,18th Century,Gyurme Kunzang Namgyel
9546,13,18th Century,Pema Tekchok Tenpai Gyeltsen
9572,9,14th Century,Zangpo Drakpa
9574,9,14th Century,Drime Kunga
9579,12,17th Century,Jigme Gyelwai Nyugu
9579,13,18th Century,Jigme Gyelwai Nyugu
9585,15,20th Century,Pema Tekchok Loden
9588,14,19th Century,Tubten Nyendrak
9588,15,20th Century,Tubten Nyendrak
9589,14,19th Century,Chime Yeshe
9589,15,20th Century,Chime Yeshe
9590,13,18th Century,Changlung Pelchen Namkha Jigme
9593,14,19th Century,Kunzang Pelden
9593,15,20th Century,Kunzang Pelden
9594,14,19th Century,Kunga Pelden
9594,15,20th Century,Kunga Pelden
9601,14,19th Century,Gyelse Zhenpen Taye Wozer
9612,14,19th Century,Do Khyentse Yeshe Dorje
9618,3,8th Century,Lhalung Pelgyi Dorje
9618,4,9th Century,Lhalung Pelgyi Dorje
9622,14,19th Century,Khenpo Zhenga Zhenpen Chokyi Nangwa
9622,15,20th Century,Khenpo Zhenga Zhenpen Chokyi Nangwa
9624,3,8th Century,Denma Tsemang
9634,8,13th Century,Drakpa Sengge
9646,14,19th Century,Tubten Chokyi Dorje
9646,15,20th Century,Tubten Chokyi Dorje
9688,14,19th Century,Dudjom Lingpa
9690,13,18th Century,Lobzang Tendzin Gyatso
9693,13,18th Century,Lobzang Pelden Gyeltsen
9703,15,20th Century,Tenpa Tsering
9712,15,20th Century,Gendun Tendzin Gyeltsen
9750,11,16th Century,Sherab Puntsok
9750,12,17th Century,Sherab Puntsok
9753,12,17th Century,Shar Kelden Gyatso
9761,12,17th Century,Konchok Gyeltsen
9788,8,13th Century,Lama Ngawang Drakpa
9789,8,13th Century,Lama Jangchub Sengge
9795,11,16th Century,Lodro Gyatso
9795,12,17th Century,Lodro Gyatso
9839,11,16th Century,Lobzang Chokyi Gyeltsen
9839,12,17th Century,Lobzang Chokyi Gyeltsen
9873,12,17th Century,Dogyu Gyatso
9884,14,19th Century,Pema Tekchok Tenpai Gyeltsen
9884,15,20th Century,Pema Tekchok Tenpai Gyeltsen
9923,11,16th Century,Namdrol Zangpo
9929,15,20th Century,Khenpo Munsel
9935,14,19th Century,Tubten Chowang Nyamnyi Dorje
9935,15,20th Century,Tubten Chowang Nyamnyi Dorje
9945,15,20th Century,Choying Khyabdel
9983,15,20th Century,Tsongkha Lhamo Tsering
9985,3,8th Century,Vimalamitra
9990,15,20th Century,Jamyang Khyentse Chokyi Lodro
10018,14,19th Century,Rigdzin Pelchen Dupa
10018,15,20th Century,Rigdzin Pelchen Dupa
10068,13,18th Century,Ngedon Tendzin Zangpo
10083,15,20th Century,Sera Khandro Kunzang Dekyong Wangmo
10093,15,20th Century,Botrul Dongak Tenpai Nyima
10146,15,20th Century,Tubten Tsondru
10168,10,15th Century,Khedrub Norzang Gyatso
10168,11,16th Century,Khedrub Norzang Gyatso
10169,15,20th Century,Jikdrel Jangchub Dorje
10171,11,16th Century,Ngawang Drakpa
10199,5,10th Century,Rinchen Zangpo
10199,6,11th Century,Rinchen Zangpo
10202,11,16th Century,Khedrub Sherab Gyeltsen
10203,14,19th Century,Ngawang Khyenrab Jampel Nyingpo
10203,15,20th Century,Ngawang Khyenrab Jampel Nyingpo
10258,7,12th Century,Layakpa Jangchub Ngodrub
10280,7,12th Century,Mitrayogin
10301,9,14th Century,Pema Ledrel Tsel
10311,10,15th Century,Katokpa Tulku Sonam Gyeltsen
10311,11,16th Century,Katokpa Tulku Sonam Gyeltsen
10315,14,19th Century,Jampa Jungne
10315,15,20th Century,Jampa Jungne
10319,11,16th Century,Lingza Chokyi
10320,12,17th Century,Karma Wangdzin
10355,15,20th Century,Kunga Tenpai Nyima
10372,14,19th Century,Lama Monlam Rabzang
10372,15,20th Century,Lama Monlam Rabzang
10373,3,8th Century,Yeshe Tsogyel
10394,13,18th Century,Ngawang Tubten Kelzang Tenpai Dronme
10394,14,19th Century,Ngawang Tubten Kelzang Tenpai Dronme
10412,13,18th Century,Mingyur Pende Gyatso
10412,14,19th Century,Mingyur Pende Gyatso
10414,15,20th Century,Tubten Wosel Tenpai Nyima
10415,14,19th Century,Tenzin Trinle Wangchuk
10422,12,17th Century,Khyungdrak Dorje
10442,10,15th Century,Humrel Dung Dung Gyelchok
10442,11,16th Century,Humrel Dung Dung Gyelchok
10452,11,16th Century,Drangti Paṇchen Namkha Pelzang
10457,15,20th Century,Khenpo Jigme Puntsok
10462,11,16th Century,Jampa Kunga Tashi
10470,10,15th Century,Pelden Dondrub
10470,11,16th Century,Pelden Dondrub
10480,10,15th Century,Khyenrab Wangchuk Drakpa Zangpo
10482,15,20th Century,Lama Pema Tsewang
10497,10,15th Century,Lowo Khenchen Sonam Lhundrub
10497,11,16th Century,Lowo Khenchen Sonam Lhundrub
10507,11,16th Century,Konchok Lhundrub
10528,11,16th Century,Konchok Pelden
10531,8,13th Century,Pajo Drukgom Zhikpo
10536,11,16th Century,Taktsang Repa Ngawang Gyatso
10536,12,17th Century,Taktsang Repa Ngawang Gyatso
10546,3,8th Century,Buddhaguhya
10548,11,16th Century,Ngawang Chodrak
10548,12,17th Century,Ngawang Chodrak
10561,13,18th Century,Yungdrung Puntsok
10561,14,19th Century,Yungdrung Puntsok
10571,9,14th Century,Jangchub Sengge
10571,10,15th Century,Jangchub Sengge
10572,9,14th Century,Lodro Sengge
10572,10,15th Century,Lodro Sengge
10573,7,12th Century,Tsangton Dorje Gyeltsen
10573,8,13th Century,Tsangton Dorje Gyeltsen
10579,10,15th Century,Taktsang Lotsāwa Sherab Rinchen
10580,11,16th Century,Jamyang Tutob Wangchuk
10580,12,17th Century,Jamyang Tutob Wangchuk
10591,12,17th Century,Jamyang Amnye Zhab Ngawang Kunga Sonam
10613,11,16th Century,Ngawang Kunga Wanggyel
10613,12,17th Century,Ngawang Kunga Wanggyel
10617,14,19th Century,Rigpai Reltri
10623,12,17th Century,Sonam Gyatso
10633,12,17th Century,Ngawang Sonam Wangchuk
10644,12,17th Century,Sanggye Puntsok
10644,13,18th Century,Sanggye Puntsok
10649,9,14th Century,Kunga Bum
10654,8,13th Century,Jangchub Bumpa
10654,9,14th Century,Jangchub Bumpa
10656,9,14th Century,Sonam Zangpo
10658,9,14th Century,Lodro Bum
10658,10,15th Century,Lodro Bum
10659,9,14th Century,Wangchuk Pel
10673,14,19th Century,Kunzang Tenpai Nyinje
10676,15,20th Century,Tubten Lodro Chokyi Gyeltsen
10678,14,19th Century,Kunzang Jampa Sengge
10683,9,14th Century,Yakton Sanggye Pel
10687,10,15th Century,Gendun Drub
10742,13,18th Century,Ngawang Kunga Lodro
10753,13,18th Century,Sonam Rinchen
10794,9,14th Century,Lodro Chokyong
10794,10,15th Century,Lodro Chokyong
10811,2,7th Century,Wencheng Kongjo
10815,14,19th Century,Gaton Ngawang Lekpa
10815,15,20th Century,Gaton Ngawang Lekpa
10824,8,13th Century,Gar Dampa Chodingpa
10827,13,18th Century,Pema Sangngak Tendzin
10828,13,18th Century,Namkha Tsewang Chokdrub
10832,13,18th Century,Namkha Wosel
10857,10,15th Century,Drukpa Kunle
10857,11,16th Century,Drukpa Kunle
10878,10,15th Century,Chowang Lhundrub
10881,3,8th Century,Kawa Peltsek
10892,6,11th Century,Padmakaravarma
10898,10,15th Century,Tashi Namgyel
10900,3,8th Century,Śīlendrabodhi
10900,4,9th Century,Śīlendrabodhi
10904,3,8th Century,Nanam Yeshe De
10908,3,8th Century,Jinamitra
10908,4,9th Century,Jinamitra
10911,3,8th Century,Vidyākaraprabha
10911,4,9th Century,Vidyākaraprabha
10957,12,17th Century,Lobzang Chodrak
10961,14,19th Century,Hortsun Tenzin Lodro Gyatso
10961,15,20th Century,Hortsun Tenzin Lodro Gyatso
10970,3,8th Century,Dharmatāśīla
10970,4,9th Century,Dharmatāśīla
10980,3,8th Century,Wangpabzhun
10981,6,11th Century,Gyatso De
10982,6,11th Century,Gewai Lodro
11003,15,20th Century,Jampel Gyepai Dorje
11056,5,10th Century,Lha Lama Yeshe Wo
11056,6,11th Century,Lha Lama Yeshe Wo
11114,10,15th Century,Gendun Gyatso
11114,11,16th Century,Gendun Gyatso
11117,3,8th Century,Drokmi Pelgyi Yeshe
11141,9,14th Century,Tashi Peltsek
11141,10,15th Century,Tashi Peltsek
11158,14,19th Century,Jampa Rinchen Khyentse Wangpo
11158,15,20th Century,Jampa Rinchen Khyentse Wangpo
11183,11,16th Century,Jetsunma Kunga Trinle Wangmo
11183,12,17th Century,Jetsunma Kunga Trinle Wangmo
11231,15,20th Century,Chogyam Trungpa
11245,13,18th Century,Karma Lhawang
11245,14,19th Century,Karma Lhawang
11246,13,18th Century,Karma Tashi
11258,14,19th Century,Jampel Dorje
11258,15,20th Century,Jampel Dorje
11277,14,19th Century,Tashi Puntsok
11278,15,20th Century,Shedrub Gyatso
11279,14,19th Century,Kunzang Gyurme
11279,15,20th Century,Kunzang Gyurme
11285,10,15th Century,Chokyong Zangpo
11285,11,16th Century,Chokyong Zangpo
11290,15,20th Century,Jigme Tsewang Dudul
11299,8,13th Century,Jonub Dorje Yeshe
11307,8,13th Century,Tukje Tsondru
11352,14,19th Century,Jangchub Tsondru
11385,15,20th Century,Rangjung Rigpai Dorje
11417,15,20th Century,Sanggye Tsepel
11426,14,19th Century,Tubten Nyinje Gyeltsen
11427,14,19th Century,Sonam Chopel
11427,15,20th Century,Sonam Chopel
11428,14,19th Century,Yilhung Sonam Namgyel
11428,15,20th Century,Yilhung Sonam Namgyel
11432,15,20th Century,Guru Tsewang
11435,14,19th Century,Jigme Lodro
11435,15,20th Century,Jigme Lodro
11437,15,20th Century,Jampel Namdrol Chokyi Gyeltsen
11437,16,21st Century,Jampel Namdrol Chokyi Gyeltsen
11441,10,15th Century,Jamyang Chodrak
11441,11,16th Century,Jamyang Chodrak
11443,13,18th Century,Sonam Jinpa
11443,14,19th Century,Sonam Jinpa
11444,14,19th Century,Purtsa Khenpo Akon
11445,14,19th Century,Konchok Drakpa
11453,7,12th Century,Nyamme Śākya Yeshe
11462,10,15th Century,Yonten Yeshe
11471,7,12th Century,Ngok Kunga Dorje
11487,14,19th Century,Rigdzin Zangpo
11488,14,19th Century,Pema Sheja
11489,14,19th Century,Kelden Gyatso
11490,14,19th Century,Dorje Rabten
11491,14,19th Century,Sonam Gelek
11565,11,16th Century,Jedrung Miyowa Zhonnu Lodro
11569,10,15th Century,Tenpa Rinchen
11569,11,16th Century,Tenpa Rinchen
11572,12,17th Century,Jatson Nyingpo
11575,11,16th Century,Tenpa Rabgye
11575,12,17th Century,Tenpa Rabgye
11597,11,16th Century,Jedrung Jamyang Shenyin
11603,15,20th Century,Jazi Amnye Drodul Pema Garwang Lingpa
11618,12,17th Century,Ngawang Trinle Zangpo
11632,9,14th Century,Rinchen Pel
11632,10,15th Century,Rinchen Pel
11731,12,17th Century,Ngawang Trinle
11731,13,18th Century,Ngawang Trinle
11741,15,20th Century,Khenchen Dazer
11790,14,19th Century,Surkhang Wangchen Tseten
11790,15,20th Century,Surkhang Wangchen Tseten
11796,14,19th Century,Tseten Chodzom
11796,15,20th Century,Tseten Chodzom
11798,15,20th Century,Yuthok Dorje Yudon
11865,7,12th Century,Tsangpa Gyare Yeshe Dorje
11866,13,18th Century,Chime Tenpai Nyima
11866,14,19th Century,Chime Tenpai Nyima
11877,7,12th Century,Lingrepa Pema Dorje
11883,14,19th Century,Tamdrin Wangmo
11898,8,13th Century,Wonre Darma Sengge
11909,8,13th Century,Zhonnu Sengge
11942,8,13th Century,Sengge Sherab
11972,13,18th Century,Lodro Gyatso
11986,10,15th Century,Kunga Peljor
12096,15,20th Century,Sanggye Tendzin
12100,14,19th Century,Tsultrim Wangmo
12100,15,20th Century,Tsultrim Wangmo
12171,15,20th Century,Lobzang Dorje
12180,15,20th Century,Karma Rangjung Kunkhyab
12264,12,17th Century,Chogyel Mipam Trinle Rabten
12340,12,17th Century,Lekshe Mawai Nyima
12403,13,18th Century,Tsultrim Nyima
12403,14,19th Century,Tsultrim Nyima
12405,8,13th Century,Drakpa Rinchen
12405,9,14th Century,Drakpa Rinchen
12439,15,20th Century,Tashi Yangphel Tashigang
12439,16,21st Century,Tashi Yangphel Tashigang
12479,15,20th Century,Tubten Lekshe Gyatso
12500,14,19th Century,Dezhung Chopel Jamyang Kunga Namgyel
12500,15,20th Century,Dezhung Chopel Jamyang Kunga Namgyel
12521,11,16th Century,Sanggye Yeshe
12553,14,19th Century,Dampa Rinpoche Ngawang Lodro Zhenpen Nyingpo
12553,15,20th Century,Dampa Rinpoche Ngawang Lodro Zhenpen Nyingpo
12613,14,19th Century,Ngawang Lodro Rinchen
12613,15,20th Century,Ngawang Lodro Rinchen
12741,14,19th Century,Nyiga Kunga Nyima
12741,15,20th Century,Nyiga Kunga Nyima
12742,15,20th Century,Khyenrab Sengge
12743,15,20th Century,Damcho Wozer
12745,14,19th Century,Ngawang Lodro Nyingpo
12745,15,20th Century,Ngawang Lodro Nyingpo
12785,14,19th Century,Japa Dongak Gyatso
12817,11,16th Century,Gelek Pelzang
12828,11,16th Century,Sonam Gyatso
12838,8,13th Century,Tsembupa Darma Wozer
12839,15,20th Century,Tulku Urgyen
12865,13,18th Century,Lhagyari Dechen Trinle Rolpa
12865,14,19th Century,Lhagyari Dechen Trinle Rolpa
12883,10,15th Century,Chokyi Dorje
12906,15,20th Century,Tubten Trinle Gyatso
12981,15,20th Century,Pema Gargyi Wangchuk
13026,11,16th Century,Wensapa Lobzang Dondrub
13057,3,8th Century,Gyelwai Lodro
13058,3,8th Century,Wodren Pelgyi Wangchuk
13060,14,19th Century,Multi-facet Test
13060,15,20th Century,Multi-facet Test
13061,7,12th Century,Ngok Jo Tsultrim Sherab
13062,7,12th Century,Tropu Gyeltsa Rinchen Gonpo 
13063,11,16th Century,Khenchen Lungrik Gyatso
13064,11,16th Century,Kunga Pelzang 
13065,11,16th Century,Lochen Ratnabhadra
13066,7,12th Century,Vairocanavajra
13067,11,16th Century,Tsokye Dorje
13068,12,17th Century,Drakpa Gyeltsen
13069,13,18th Century,Drakpa Rinchen Sherab
13070,13,18th Century,Rinchen Lekdrub
13070,14,19th Century,Rinchen Lekdrub
13071,12,17th Century,Drakpa Lekdrub
13072,14,19th Century,Gara Lama Sonam Rabten
13072,15,20th Century,Gara Lama Sonam Rabten
13073,9,14th Century,Chennga Sonam Zangpo
13073,10,15th Century,Chennga Sonam Zangpo
13074,8,13th Century,Tsangpopa Konchok Sengge
13075,11,16th Century,Oluk Darhan Nangso
13076,8,13th Century,Kangyurpa
13077,3,8th Century,Khyeuchung Lotsāwa
13078,10,15th Century,Jangsem Sherab Zangpo
13079,6,11th Century,Meu Gongdzo
13080,7,12th Century,Bonzhik Khyungnak
13081,8,13th Century,Dampa Yuzhik
13082,15,20th Century,Kyabje Yongdzin Tsultrim Gyeltsen
13083,7,12th Century,Trulzhik Dombu
13083,8,13th Century,Trulzhik Dombu
13084,8,13th Century,Zhikpo Kunga
13086,8,13th Century,Donggom Zhikpo
13087,6,11th Century,Gomchen Barwa
13087,7,12th Century,Gomchen Barwa
13088,7,12th Century,Joyung
13089,7,12th Century,Drilungpa Tsultrim Sherab
13090,7,12th Century,Yorpo Mepel
13091,7,12th Century,Drogon Dutsi Gyeltsen
13092,8,13th Century,Azha Lodro Gyeltsen
13093,8,13th Century,Druton Dulwa Gyeltsen
13094,13,18th Century,Ngawang Trinle Pelzang
13095,10,15th Century,Sanggye Peljor
13095,11,16th Century,Sanggye Peljor
13096,11,16th Century,Choje Ngawang
13097,11,16th Century,Ngawang Chojor Zangpo
13097,12,17th Century,Ngawang Chojor Zangpo
13098,14,19th Century,Ngawang Pelden Gyeltsen Chokyi Wangchuk
13099,14,19th Century,Ngawang Tenpai Jungne Trinle Chokyi Gyeltsen
13099,15,20th Century,Ngawang Tenpai Jungne Trinle Chokyi Gyeltsen
13100,15,20th Century,Lobzang Trinle Namgyel
13101,15,20th Century,Jampel Kelzang Jigme Chokyi Gyeltsen
13102,12,17th Century,Lobzang Wangchuk
13102,13,18th Century,Lobzang Wangchuk
13103,13,18th Century,Lobzang Chokle Namgyel
13103,14,19th Century,Lobzang Chokle Namgyel
13104,14,19th Century,Lobzang Jampel Tendzin Namgyel
13105,15,20th Century,Lobzang Namgyel Tendzin Lhundrub
13106,12,17th Century,Konchok Tendzin
13107,12,17th Century,Lobzang Puntsok Namgyel
13108,12,17th Century,Lobzang Tendzin Trinle
13108,13,18th Century,Lobzang Tendzin Trinle
13109,13,18th Century,Kelzang Chodrak Pelden
13110,14,19th Century,Lobzang Chopel
13111,15,20th Century,Jampa Taye
13112,10,15th Century,Chopel Zangpo
13113,11,16th Century,Shākya Gyeltsen
13115,8,13th Century,Dru Gyelwa Yungdrung
13116,8,13th Century,Drusha Namkha Wozer
13117,8,13th Century,Druton Sonam Gyeltsen
13118,11,16th Century,Godzung Lodro Gyeltsen
13119,8,13th Century,Tsungme Sonam Lodro
13120,15,20th Century,Drodul Dorji Tenzin
13121,13,18th Century,Drubtob Namgyel Lhundrub
13122,14,19th Century,Jigme Drodon Dorje
13123,13,18th Century,Jigme Tenpai Gyeltsen
13123,14,19th Century,Jigme Tenpai Gyeltsen
13124,13,18th Century,Jigme Kundrol Namgyel
13124,14,19th Century,Jigme Kundrol Namgyel
13125,10,15th Century,Namkha Gyeltsen
13125,11,16th Century,Namkha Gyeltsen
13127,15,20th Century,Ngawang Tenzin Gyatso
13128,15,20th Century,Tekchok Tenpai Gyeltsen
13129,8,13th Century,Tsenden Namgyel Kara
13129,9,14th Century,Tsenden Namgyel Kara
13131,9,14th Century,Khedrub Rinchen Lodro
13131,10,15th Century,Khedrub Rinchen Lodro
13132,9,14th Century,Rinchen Gyeltsen
13132,10,15th Century,Rinchen Gyeltsen
13133,13,18th Century,Kunzang Trinle Namgyel
13134,9,14th Century,Katokpa Jangchub Gyeltsen
13134,10,15th Century,Katokpa Jangchub Gyeltsen
13135,10,15th Century,Namtrul Namkha Yeshe
13139,14,19th Century,Ayu Khandro Dorje Peldron
13139,15,20th Century,Ayu Khandro Dorje Peldron
13140,10,15th Century,Khedrub Kunzang Gyeltsen
13141,8,13th Century,Sanggye Won Drakpa Pel
13142,14,19th Century,Tenpai Nyima
13143,14,19th Century,Orgyen Tenpai Nyinje
13143,15,20th Century,Orgyen Tenpai Nyinje
13144,15,20th Century,Orgyen Trinle Dorje
13145,13,18th Century,Tendzin Sizhi Namgyel
13146,13,18th Century,Orgyen Gelek Namgyel
13146,14,19th Century,Orgyen Gelek Namgyel
13147,13,18th Century,Drubwang Drakpa Gyeltsen
13147,14,19th Century,Drubwang Drakpa Gyeltsen
13148,15,20th Century,Konchok Tenpai Gyeltsen
13149,15,20th Century,Konchok Jigme Wangpo
13150,15,20th Century,Zhonnu Lodro
13151,15,20th Century,Konchok Tenpai Nyima
13152,15,20th Century,Jikdrel Tsewang Dorje
13157,14,19th Century,Gyakob Tulku Kunzang
13157,15,20th Century,Gyakob Tulku Kunzang
13161,14,19th Century,Danzanravjaa
13162,15,20th Century,Garwang Lerab Lingpa
13163,14,19th Century,Tenpai Nyima
13163,15,20th Century,Tenpai Nyima
13164,3,8th Century,Nangzher Lopo
13165,3,8th Century,Tongyung Tuchen
13166,14,19th Century,Ngawang Dogyu Yonten Rabgye
13166,15,20th Century,Ngawang Dogyu Yonten Rabgye
13167,14,19th Century,Lobzang Dogyu Yeshe
13168,12,17th Century,Lobzang Jamyang
13168,13,18th Century,Lobzang Jamyang
13169,13,18th Century,Sonam Tseten
13170,12,17th Century,Tashi Wozer
13171,15,20th Century,Lobzang Tubten Jigme Tsultrim Gyatso
13173,13,18th Century,Jampel Gendun Gyatso
13174,12,17th Century,Bondrong Tenpa Wozer
13175,13,18th Century,Ngawang Trinle Pelzang
13175,14,19th Century,Ngawang Trinle Pelzang
13176,15,20th Century,Lobzang Shedrub Tendzin Gyatso
13177,15,20th Century,Lobzang Jigme Tendzin Gyatso
13178,15,20th Century,Tubten Lungrik Gyatso
13179,14,19th Century,Lobzang Khedrub Nyima
13180,14,19th Century,Name Unknown
13181,14,19th Century,Tubten Tsultrim Gyatso
13181,15,20th Century,Tubten Tsultrim Gyatso
13182,9,14th Century,Lobpon Galeb
13183,9,14th Century,Takleb Jangchub Gyeltsen
13183,10,15th Century,Takleb Jangchub Gyeltsen
13186,15,20th Century,Pema Trinle
13187,14,19th Century,Tsewang Lhamo
13188,14,19th Century,Gyelse Tsewang Gyurme
13189,14,19th Century,Kelzang Pema Wanggyel
13190,13,18th Century,Ngawang Jampel Mingyur Lhundrub Dorje
13191,13,18th Century,Kunzang Gyurme Lhundrub
13191,14,19th Century,Kunzang Gyurme Lhundrub
13195,9,14th Century,Drakpa Rinchen
13196,8,13th Century,Sonam Peldren
13196,9,14th Century,Sonam Peldren
13197,12,17th Century,Chowang Dorje Dzinpa
13197,13,18th Century,Chowang Dorje Dzinpa
13198,3,8th Century,Takdra Lukong
13199,8,13th Century,Nyima Gyeltsen
13199,9,14th Century,Nyima Gyeltsen
13201,14,19th Century,Lobzang Gyatso
13202,14,19th Century,Lobzang Khechok
13203,13,18th Century,Gendun Konchok Lobzang Tendzin
13203,14,19th Century,Gendun Konchok Lobzang Tendzin
13204,14,19th Century,Demchok Dorje
13204,15,20th Century,Demchok Dorje
13205,10,15th Century,Chokyi Dronma
13206,11,16th Century,Kunga Zangmo
13217,12,17th Century,Ngawang Rinchen
13217,13,18th Century,Ngawang Rinchen
13220,12,17th Century,Tagu Nyima Gyeltsen
13221,12,17th Century,Dampa Lodro Gyeltsen
13221,13,18th Century,Dampa Lodro Gyeltsen
13222,12,17th Century,Yungdrung Yeshe
13225,12,17th Century,Tokden Yungdrung Gyeltsen
13225,13,18th Century,Tokden Yungdrung Gyeltsen
13226,13,18th Century,Kunga Tendzin
13227,15,20th Century,Gyurme Pema Tekchok
13228,13,18th Century,Gyurme Tekchok Tenpa Namgyel
13228,14,19th Century,Gyurme Tekchok Tenpa Namgyel
13230,8,13th Century,Jangchub Lingpa
13231,8,13th Century,Rinchen Gyelpo
13231,9,14th Century,Rinchen Gyelpo
13232,7,12th Century,Pelchen Ngepuwa
13232,8,13th Century,Pelchen Ngepuwa
13233,7,12th Century,Chennga Namtsowa
13233,8,13th Century,Chennga Namtsowa
13234,7,12th Century,Lobpon Tsangpa Jamseng
13234,8,13th Century,Lobpon Tsangpa Jamseng
13236,8,13th Century,Pa Rinpoche
13237,7,12th Century,Chennga Rinchen Zangpo
13237,8,13th Century,Chennga Rinchen Zangpo
13238,7,12th Century,Dordzin Gowoche
13238,8,13th Century,Dordzin Gowoche
13239,7,12th Century,Gejong Tashi Bum
13239,8,13th Century,Gejong Tashi Bum
13240,6,11th Century,Geshe Yakru Peldrak
13240,7,12th Century,Geshe Yakru Peldrak
13241,6,11th Century,Nub Lotsāwa Yonten Drak
13241,7,12th Century,Nub Lotsāwa Yonten Drak
13242,7,12th Century,Rinchen Jangchub
13242,8,13th Century,Rinchen Jangchub
13246,15,20th Century,Jamyang Kunzang Tubten Chokyi Gyeltsen
13249,15,20th Century,Jampa Namkha Kunzang Tenpai Gyeltsen
13404,10,15th Century,Namkha Pelwa
13423,11,16th Century,Miyowa Zhonnu Lodro
13425,14,19th Century,Kontse Tsewang Dondrub
13426,13,18th Century,Lobzang Nyendrak
13426,14,19th Century,Lobzang Nyendrak
13427,14,19th Century,Puntsok Tsewang
13428,13,18th Century,Sonam Dargye
13429,7,12th Century,Chennga Darma Tsultrim
13429,8,13th Century,Chennga Darma Tsultrim
13430,7,12th Century,Chennga Rinchen Jungne
13430,8,13th Century,Chennga Rinchen Jungne
13431,7,12th Century,Choje Gangpa Rinchen Wozer
13431,8,13th Century,Choje Gangpa Rinchen Wozer
13432,7,12th Century,Choje Tsadrelwa
13432,8,13th Century,Choje Tsadrelwa
13433,7,12th Century,Dordzin Sonam Gyatso
13433,8,13th Century,Dordzin Sonam Gyatso
13434,7,12th Century,Zhonnu Rinchen
13434,8,13th Century,Zhonnu Rinchen
13435,7,12th Century,Drubtob Tsangzhikpa
13435,8,13th Century,Drubtob Tsangzhikpa
13436,7,12th Century,Drubtob Sengge Yeshe
13436,8,13th Century,Drubtob Sengge Yeshe
13437,8,13th Century,Drakpa Tsondru
13438,8,13th Century,Lama Tsentrangwa
13439,7,12th Century,Sonyompa Sherab Pel
13439,8,13th Century,Sonyompa Sherab Pel
13440,7,12th Century,Drubtob Nyakre Sewo
13440,8,13th Century,Drubtob Nyakre Sewo
13442,7,12th Century,Dorje Khyung
13442,8,13th Century,Dorje Khyung
13443,7,12th Century,Jangtang Repa
13443,8,13th Century,Jangtang Repa
13444,7,12th Century,Shen Gonkarwa Dorje Wangchuk
13445,7,12th Century,Lobpon Gonkarwa
13446,7,12th Century,Nyene Rinchen Drak
13447,7,12th Century,Drubchen Bardrokpa
13447,8,13th Century,Drubchen Bardrokpa
13448,8,13th Century,Lobpon Yeshe Jangchub
13449,8,13th Century,Dorje Sengge
13450,8,13th Century,Shākya Rinchen
13451,8,13th Century,Gompa Choseng
13452,13,18th Century,Nyida Sanggye
13453,13,18th Century,Getse Pema
13453,14,19th Century,Getse Pema
13454,14,19th Century,Gyurme Tenpel Chozang
13455,15,20th Century,Gyurme Tubten Nyinje
13462,7,12th Century,Machik Rema
13502,10,15th Century,Rinchen Lhunpo
13507,13,18th Century,Rinchen Peldzom
13509,2,7th Century,Trimalo
13509,3,8th Century,Trimalo
13510,14,19th Century,Agvan Dorjiev
13510,15,20th Century,Agvan Dorjiev
13511,11,16th Century,Jampa Puntsok
13511,12,17th Century,Jampa Puntsok
13512,11,16th Century,Ponchen Lhuntub
13512,12,17th Century,Ponchen Lhuntub
13513,12,17th Century,Lachen Chemchok
13514,12,17th Century,Lupel
13514,13,18th Century,Lupel
13515,12,17th Century,Orgyen Tashi
13515,13,18th Century,Orgyen Tashi
13516,10,15th Century,Botar Lodro Tobden
13517,10,15th Century,Gyeltsen Bum
13517,11,16th Century,Gyeltsen Bum
13518,11,16th Century,Ponchen A-nga
13519,14,19th Century,Nyigyel Pangdatsang
13519,15,20th Century,Nyigyel Pangdatsang
13520,15,20th Century,Nyima Pangdatsang
13521,15,20th Century,Rapga Pangdatsang
13522,15,20th Century,Tobgyal Pangdatsang
13523,15,20th Century,Lobzang Yampel Pangdatsang
13527,11,16th Century,Yagyel Pel
13528,11,16th Century,Kunga Rinchen
13528,12,17th Century,Kunga Rinchen
13531,12,17th Century,Yungdrung Tendzin
13531,13,18th Century,Yungdrung Tendzin
13532,13,18th Century,Puntsok Tenpa
13533,13,18th Century,Yangchen Dolma
13534,7,12th Century,Tsepo Tsawarong
13535,8,13th Century,Nangso Damepa
13536,10,15th Century,Jampa Rabten
13537,10,15th Century,Lhagyari Drale Namgyel
13538,10,15th Century,Lhagyari Jikten Wangchuk
13538,11,16th Century,Lhagyari Jikten Wangchuk
13539,11,16th Century,Lhagyari Yulkhor Wangchuk
13540,5,10th Century,Lhai Metok
13541,10,15th Century,Lhagyari Sonam Rabten
13542,10,15th Century,Lhagyari Ganden Pelbar
13543,11,16th Century,Lhagyari Lobzang Tutob Chogyel
13543,12,17th Century,Lhagyari Lobzang Tutob Chogyel
13544,12,17th Century,Menjangma
13544,13,18th Century,Menjangma
13545,15,20th Century,Rinchen Sadutshang
13546,15,20th Century,Lo Gendun Sadutshang
13547,12,17th Century,Ngawang Trinle Gyatso
13547,13,18th Century,Ngawang Trinle Gyatso
13548,15,20th Century,Wangchuk Dorje Sadutshang
13549,15,20th Century,Lo Nyendrak Sadutshang
13550,15,20th Century,Lobzang Tenzin Trinle Gyatso
13558,13,18th Century,Lhagyari Tsering Pelbar
13558,14,19th Century,Lhagyari Tsering Pelbar
13559,14,19th Century,Lhagyari Zilnon Wangchuk
13560,14,19th Century,Lhagyari Tri Songwanggyel
13561,14,19th Century,Lhagyari Namgyel Wangchuk
13561,15,20th Century,Lhagyari Namgyel Wangchuk
13562,15,20th Century,Lhagyari Tobjor Wangchuk
13563,15,20th Century,Lhagyari Jigme Wangchuk
13564,15,20th Century,Lhagyari Kelzang Nyendrak
13566,2,7th Century,Semarkar
13572,8,13th Century,Trewo Alu
13574,13,18th Century,Yeshe Tendzin
13574,14,19th Century,Yeshe Tendzin
13583,15,20th Century,Tsarong Dundul Namgyal
13588,14,19th Century,Danzan Ravjaa
13596,15,20th Century,Lungtok Tenpai Nyima
13597,12,17th Century,Dawo Wangmo
13598,15,20th Century,Yangchen Lhamo
13611,15,20th Century,K. Dhondup
13612,14,19th Century,Kunzang Chokyi Dolma
13613,14,19th Century,Nene Metokma
13613,15,20th Century,Nene Metokma
13614,12,17th Century,Depa Norbu
13615,13,18th Century,Tamdrin Wangmo
13615,14,19th Century,Tamdrin Wangmo
13616,6,11th Century,Nangsa Wobum
13616,7,12th Century,Nangsa Wobum
13617,14,19th Century,Khordong Terchen Nuden Dorje
13625,15,20th Century,Tsarong Pema Dolkar
13627,3,8th Century,Śākyaprabha
13627,4,9th Century,Śākyaprabha
13628,15,20th Century,Lobsang Phuntsok Lhalungpa
13631,3,8th Century,Tong Ācārya
13631,4,9th Century,Tong Ācārya
13633,2,7th Century,Woncheuk
13634,3,8th Century,Go Chodrub
13634,4,9th Century,Go Chodrub
13636,6,11th Century,Yonten Pel
13638,9,14th Century,Rinchen Gyeltsen
13642,3,8th Century,Prajñāvarman
13647,14,19th Century,Jamyang Kunzang Tenpai Gyeltsen
13647,15,20th Century,Jamyang Kunzang Tenpai Gyeltsen
13648,15,20th Century,Sindrang Yab Gomchen Dorje Lopen Chewang Rinzin Tagchungdarpa
13650,12,17th Century,Drubtob Pema Trinle
13652,15,20th Century,Ngawang Lobzang Thubstan Choknor
13653,14,19th Century,Jamyang Chokyi Wangpo
13653,15,20th Century,Jamyang Chokyi Wangpo
13654,15,20th Century,Jamyang Khyentse Chokyi Wangchuk
13655,15,20th Century,Pelgon Trinle Rabten
13659,14,19th Century,Tokden Orgyen Tenzin
13659,15,20th Century,Tokden Orgyen Tenzin
13666,15,20th Century,Pawo Wangchuk Tengpa Lobzang Nyima
13677,14,19th Century,Ngawang Nyima
13677,15,20th Century,Ngawang Nyima
13679,14,19th Century,Ga Lama Gendun Zangpo
13679,15,20th Century,Ga Lama Gendun Zangpo
13683,15,20th Century,Jampa Gyeltsen Lhalungpa
13684,15,20th Century,Ani Trinle Chodron
13686,14,19th Century,Samten Gyatso
13686,15,20th Century,Samten Gyatso
13687,15,20th Century,Lobzang Mingyur Dorje
13688,13,18th Century,Khamtrul Sherab Mebar
13688,14,19th Century,Khamtrul Sherab Mebar
13689,15,20th Century,Chime Rigdzin
13690,12,17th Century,Khangchenne Sonam Gyelpo
13690,13,18th Century,Khangchenne Sonam Gyelpo
13692,14,19th Century,Konchok Peldron
13692,15,20th Century,Konchok Peldron
13693,15,20th Century,Lobzang Wanggyel
13694,15,20th Century,Tenzin Chodrak
13697,15,20th Century,Tsering Chodron
13698,15,20th Century,Samten Gyatso
13699,14,19th Century,Ngawang Jampel Rinchen
13699,15,20th Century,Ngawang Jampel Rinchen
13700,14,19th Century,Dorje Sengge
13700,15,20th Century,Dorje Sengge
13701,15,20th Century,Jago Tobden
13702,15,20th Century,Orgyen Kyab
13703,15,20th Century,Jamyang Pelmo
13704,15,20th Century,Jago Tsewang Dolma
13706,9,14th Century,Jetsun Khacho Wangmo
13707,15,20th Century,Tubten Gyeltsen
13708,15,20th Century,Rigdzin Chodron
13718,15,20th Century,Khangsar Dechen Wangmo
13719,15,20th Century,Gyari Chime Drolma
13720,14,19th Century,Khangsar Yangchen Drolma
13720,15,20th Century,Khangsar Yangchen Drolma
13721,15,20th Century,Drayab Tubten Zangpo
13722,15,20th Century,Drumpa Namgyel Gyeltsen
13724,15,20th Century,Sonam Dekyi
13725,15,20th Century,Lhalung Gyeltsen Tarchin
13731,15,20th Century,Golok Menpa
13737,15,20th Century,Ngawang Jungne
13738,14,19th Century,Konchok Stanzin Damchos Gyurmed
13738,15,20th Century,Konchok Stanzin Damchos Gyurmed
13740,13,18th Century,Gyelpo Zhabdrung
13744,15,20th Century,Lama Chimpa Gyatso
13745,15,20th Century,Kunzang Tendron
13747,14,19th Century,Chime Dorje
13747,15,20th Century,Chime Dorje
13748,14,19th Century,Lama Sangngak
13748,15,20th Century,Lama Sangngak
13749,14,19th Century,Tersey Tulku
13749,15,20th Century,Tersey Tulku
13750,14,19th Century,Tashi Chime
13750,15,20th Century,Tashi Chime
13773,5,10th Century,Gelongma Pelmo
13773,6,11th Century,Gelongma Pelmo
13787,14,19th Century,Sonam Sengge Wangchuk
13787,15,20th Century,Sonam Sengge Wangchuk
13788,14,19th Century,Chime Dolkar
13788,15,20th Century,Chime Dolkar
13789,15,20th Century,Khyenrab Jigme Gyatso
13790,15,20th Century,Kelzang Chodron
13791,15,20th Century,Jampel Tenzin Dradul
13793,14,19th Century,Jampa Ngawang Kunga Chopel
13793,15,20th Century,Jampa Ngawang Kunga Chopel
13794,14,19th Century,Sonam Dolma
13794,15,20th Century,Sonam Dolma
13795,14,19th Century,Wara Zhabdrung Tenpai Nyima
13795,15,20th Century,Wara Zhabdrung Tenpai Nyima
13796,14,19th Century,Wara Zhabdrung Jamyang Namkha Gyeltsen
13796,15,20th Century,Wara Zhabdrung Jamyang Namkha Gyeltsen
13797,14,19th Century,Tartse Zhabdrung Namkha Zangpo
13797,15,20th Century,Tartse Zhabdrung Namkha Zangpo
13798,14,19th Century,Nyendrak Tarpa
13798,15,20th Century,Nyendrak Tarpa
13803,14,19th Century,Nun of the Cemeteries
13803,15,20th Century,Nun of the Cemeteries
13805,15,20th Century,Tseyang Sadutshang
13806,15,20th Century,Gepel Tulku Jamyang Kunga Chokyi Nyima
13809,15,20th Century,Tsering Wangmo
13810,15,20th Century,Lama Dribdel
13810,16,21st Century,Lama Dribdel
13811,15,20th Century,Lama Gyurdrak
13812,14,19th Century,Pelling Ani Wangdzin
13812,15,20th Century,Pelling Ani Wangdzin
13815,15,20th Century,Delok Dawa Dolma
13816,15,20th Century,Pema Tseden
13816,16,21st Century,Pema Tseden
13817,14,19th Century,Gonpo Wanggyel
13817,15,20th Century,Gonpo Wanggyel
13819,15,20th Century,Kunzang Wangmo
13820,15,20th Century,Kunzang Dechen
13821,15,20th Century,Gergan Konchok Sonam
13822,12,17th Century,Geshe Mila Lobzang Tashi
13823,14,19th Century,Khenpo Lobzang Puntsok
13823,15,20th Century,Khenpo Lobzang Puntsok
13824,15,20th Century,Konchok Tokdrol
13825,14,19th Century,Ngawang Tashi Dechen Dorje
13825,15,20th Century,Ngawang Tashi Dechen Dorje
13828,15,20th Century,Gyarong Khandro Dechen Wangmo
person_id,historical_period_id,historical_period_name,default_name