person_id,default_name,historical_period_name,historical_period_id
13509,Trimalo,7th Century,25
8342,Tonmi Sambhota,7th Century,25
10811,Wencheng Kongjo,7th Century,25
13633,Woncheuk,7th Century,25
13566,Semarkar,7th Century,25
13164,Nangzher Lopo,8th Century,29
13198,Takdra Lukong,8th Century,29
13077,Khyeuchung Lotsāwa,8th Century,29
86,Langdro Konchok Jungne,8th Century,29
84,Lasum Gyelwa Jangchub,8th Century,29
5234,Ma Rinchen Chok,8th Century,29
10904,Nanam Yeshe De,8th Century,29
9624,Denma Tsemang,8th Century,29
13057,Gyelwai Lodro,8th Century,29
13509,Trimalo,8th Century,29
6653,Pelgyi Sengge,8th Century,29
1108,Namkhai Nyingpo,8th Century,29
4903,Gyelwa Chokyang,8th Century,29
490,Kharchen Pelgyi Wangchuk,8th Century,29
5281,Sokpo Pelgyi Yeshe,8th Century,29
9121,Nyak Jñānakumara,8th Century,29
96,Lang Pelgyi Sengge,8th Century,29
13165,Tongyung Tuchen,8th Century,29
10373,Yeshe Tsogyel,8th Century,29
10881,Kawa Peltsek,8th Century,29
10911,Vidyākaraprabha,8th Century,29
13631,Tong Ācārya,8th Century,29
13627,Śākyaprabha,8th Century,29
10980,Wangpabzhun,8th Century,29
10546,Buddhaguhya,8th Century,29
13642,Prajñāvarman,8th Century,29
13058,Wodren Pelgyi Wangchuk,8th Century,29
9618,Lhalung Pelgyi Dorje,8th Century,29
303,Nanam Dorje Dudjom,8th Century,29
10900,Śīlendrabodhi,8th Century,29
6205,Nyang Tingdzin Zangpo,8th Century,29
1370,Khon Lui Wangpo,8th Century,29
6681,Drenpa Namkha,8th Century,29
11117,Drokmi Pelgyi Yeshe,8th Century,29
10908,Jinamitra,8th Century,29
6678,Pelgyi Lhunpo,8th Century,29
13634,Go Chodrub,8th Century,29
10970,Dharmatāśīla,8th Century,29
13853,Margyel Dongkar,8th Century,29
9,Mandāravā,8th Century,29
7442,Padmasambhava,8th Century,29
9985,Vimalamitra,8th Century,29
5234,Ma Rinchen Chok,9th Century,33
4626,Nubchen Sanggye Yeshe,9th Century,33
10911,Vidyākaraprabha,9th Century,33
13631,Tong Ācārya,9th Century,33
13627,Śākyaprabha,9th Century,33
2816,Lachen Gongpa Rabsel,9th Century,33
9618,Lhalung Pelgyi Dorje,9th Century,33
10900,Śīlendrabodhi,9th Century,33
10908,Jinamitra,9th Century,33
13634,Go Chodrub,9th Century,33
10970,Dharmatāśīla,9th Century,33
4626,Nubchen Sanggye Yeshe,10th Century,37
6723,Mahāvajrāsana,10th Century,37
23,Ratnākaraśānti,10th Century,37
10199,Rinchen Zangpo,10th Century,37
2816,Lachen Gongpa Rabsel,10th Century,37
11056,Lha Lama Yeshe Wo,10th Century,37
13540,Lhai Metok,10th Century,37
5644,Machik Labdron,10th Century,37
13773,Gelongma Pelmo,10th Century,37
7024,Zhangton Chobar,11th Century,41
3957,Droton Dutsi Drakpa,11th Century,41
6393,Chokyi Lama,11th Century,41
5753,Draktengpa Yonten Tsultrim,11th Century,41
4630,Zurchen Shakya Jungne,11th Century,41
5615,Drokmi Śākya Yeshe,11th Century,41
5401,Mel Lotsāwa Lodro Drakpa,11th Century,41
4301,Yumo Mikyo Dorje,11th Century,41
2598,Gonpawa Wangchuk Gyeltsen,11th Century,41
5786,Potowa Rinchen Sel,11th Century,41
4177,Konchok Kyab,11th Century,41
4261,Ngok Lotsāwa Loden Sherab,11th Century,41
6100,Khon Konchok Gyelpo,11th Century,41
7114,Drapa Ngonshe,11th Century,41
6452,Puchungwa Zhonnu Gyeltsen,11th Century,41
10892,Padmakaravarma,11th Century,41
494,Dangma Lhungyel,11th Century,41
6285,Khyungpo Neljor,11th Century,41
1722,Langlab Jangchub Dorje,11th Century,41
2591,Neuzurpa Yeshe Bar,11th Century,41
7113,Tsen Khawoche,11th Century,41
4267,Dromton Gyelwa Jungne,11th Century,41
5803,Go Khukpa Lhetse,11th Century,41
23,Ratnākaraśānti,11th Century,41
5801,Naktso Lotsāwa Tsultrim Gyelwa,11th Century,41
5717,Atiśa Dīpaṃkara,11th Century,41
6962,Dzeng Dharmabodhi,11th Century,41
3168,Gampopa Sonam Rinchen,11th Century,41
10199,Rinchen Zangpo,11th Century,41
13240,Geshe Yakru Peldrak,11th Century,41
10982,Gewai Lodro,11th Century,41
10981,Gyatso De,11th Century,41
3178,Milarepa,11th Century,41
13636,Yonten Pel,11th Century,41
6275,Gorub Lotsāwa Chokyi Sherab,11th Century,41
6733,Tsur Lotsāwa Yeshe Jungne,11th Century,41
5386,Tsurton Wanggi Dorje,11th Century,41
6441,Tolungpa Rinchen Nyingpo,11th Century,41
5822,Jayulwa Zhonnu Wo,11th Century,41
5820,Chennga Tsultrim Bar,11th Century,41
11056,Lha Lama Yeshe Wo,11th Century,41
6194,Rongzom Chokyi Zangpo,11th Century,41
6587,Sumpa Yeshe Lodro,11th Century,41
4632,Zurchung Sherab Drakpa,11th Century,41
2504,Machik Zhama,11th Century,41
4354,Marpa Chokyi Lodro,11th Century,41
5461,Ra Lotsāwa Dorje Drakpa,11th Century,41
6892,Ziji Bar,11th Century,41
6076,Pakpa Sherab,11th Century,41
6214,Vajrāsana the latter,11th Century,41
1628,Machik Jobum,11th Century,41
5644,Machik Labdron,11th Century,41
13241,Nub Lotsāwa Yonten Drak,11th Century,41
13087,Gomchen Barwa,11th Century,41
13079,Meu Gongdzo,11th Century,41
13773,Gelongma Pelmo,11th Century,41
2510,Padampa Sanggye,11th Century,41
7326,Smṛtijñānakīrti,11th Century,41
13616,Nangsa Wobum,11th Century,41
3469,Marpa Sherab Yeshe,12th Century,45
2799,Tropu Gyeltsa Rinchen Gon,12th Century,45
7024,Zhangton Chobar,12th Century,45
10573,Tsangton Dorje Gyeltsen,12th Century,45
4140,Pomdrakpa Sonam Dorje,12th Century,45
2589,Katokpa Dampa Deshek,12th Century,45
3181,Barompa Darma Wangchuk,12th Century,45
5790,Tumton Lodro Drakpa,12th Century,45
3957,Droton Dutsi Drakpa,12th Century,45
6393,Chokyi Lama,12th Century,45
4359,Sanggye Gompa Sengge,12th Century,45
2781,Jampa Bum,12th Century,45
13237,Chennga Rinchen Zangpo,12th Century,45
620,Damcho Lingpa,12th Century,45
7636,Yelpa Yeshe Tsek,12th Century,45
6721,Rinchen Sherab,12th Century,45
2919,Sonam Tsemo,12th Century,45
2915,Drakpa Gyeltsen,12th Century,45
13434,Zhonnu Rinchen,12th Century,45
13439,Sonyompa Sherab Pel,12th Century,45
13444,Shen Gonkarwa Dorje Wangchuk,12th Century,45
13440,Drubtob Nyakre Sewo,12th Century,45
13447,Drubchen Bardrokpa,12th Century,45
6491,Doton Sherab Drakpa,12th Century,45
6726,Rokben Sherab O,12th Century,45
7373,Chegompa Sherab Dorje,12th Century,45
11471,Ngok Kunga Dorje,12th Century,45
13442,Dorje Khyung,12th Century,45
2916,Sachen Kunga Nyingpo,12th Century,45
2798,Kunden Repa,12th Century,45
13534,Tsepo Tsawarong,12th Century,45
4301,Yumo Mikyo Dorje,12th Century,45
7521,Trulzhik Menpa,12th Century,45
7462,Tashi Gon,12th Century,45
5313,Sumton Yeshe Zung,12th Century,45
10258,Layakpa Jangchub Ngodrub,12th Century,45
6749,Yabzang Choje Chokyi Monlam,12th Century,45
6756,Zarawa Kelden Yeshe Sengge,12th Century,45
5791,Chekhawa Yeshe Dorje,12th Century,45
6578,Sanggye Dorje,12th Century,45
7637,Tishri Repa Sherab Sengge,12th Century,45
2593,Shupu Namkha Sengge,12th Century,45
2595,Chennga Drakpa Jungne,12th Century,45
2789,Nyo Gyelwa Lhanangpa Sanggye Rinchen,12th Century,45
4175,Rokam Nyima Sherab,12th Century,45
8912,Nyima Bum,12th Century,45
3890,Gurawa Tsultrim Dorje,12th Century,45
5,Gyergom Tsultrim Sengge,12th Century,45
13066,Vairocanavajra,12th Century,45
61,Dorje Sherab,12th Century,45
495,Chetsun Sengge Wangchuk,12th Century,45
6285,Khyungpo Neljor,12th Century,45
1726,Sumpa Lotsāwa Darma Yonten,12th Century,45
2561,Lobpon Tsilungpa,12th Century,45
2606,Ngoje Repa,12th Century,45
13232,Pelchen Ngepuwa,12th Century,45
13091,Drogon Dutsi Gyeltsen,12th Century,45
13233,Chennga Namtsowa,12th Century,45
6037,Ga Lotsāwa Zhonnu Pel,12th Century,45
4368,Taklungtangpa Tashi Pel,12th Century,45
2899,Jikten Gonpo Rinchen Pel,12th Century,45
2591,Neuzurpa Yeshe Bar,12th Century,45
1728,Pelchok Dangpo Dorje,12th Century,45
11453,Nyamme Śākya Yeshe,12th Century,45
10280,Mitrayogin,12th Century,45
13429,Chennga Darma Tsultrim,12th Century,45
13430,Chennga Rinchen Jungne,12th Century,45
13238,Dordzin Gowoche,12th Century,45
13436,Drubtob Sengge Yeshe,12th Century,45
13239,Gejong Tashi Bum,12th Century,45
13242,Rinchen Jangchub,12th Century,45
13443,Jangtang Repa,12th Century,45
6147,Khenpo Zopa,12th Century,45
13445,Lobpon Gonkarwa,12th Century,45
13446,Nyene Rinchen Drak,12th Century,45
6159,Parpuwa Lodro Sengge,12th Century,45
11865,Tsangpa Gyare Yeshe Dorje,12th Century,45
5527,Niṣkalaṅka,12th Century,45
6405,Tropu Lotsāwa Jampa Pel,12th Century,45
3182,Zhang Yudrakpa Tsondru Drakpa,12th Century,45
6962,Dzeng Dharmabodhi,12th Century,45
7673,Wolkhawa Drolgom Choyung,12th Century,45
3168,Gampopa Sonam Rinchen,12th Century,45
6134,Tsondru Sengge,12th Century,45
13240,Geshe Yakru Peldrak,12th Century,45
13234,Lobpon Tsangpa Jamseng,12th Century,45
3178,Milarepa,12th Century,45
6441,Tolungpa Rinchen Nyingpo,12th Century,45
5822,Jayulwa Zhonnu Wo,12th Century,45
13431,Choje Gangpa Rinchen Wozer,12th Century,45
5312,Yutok Yonten Gonpo,12th Century,45
6547,Lhachuk Kharwa Nyida O,12th Century,45
2137,Sakya Paṇḍita Kunga Gyeltsen,12th Century,45
2683,Dusum Khyenpa,12th Century,45
5999,Nyangrel Nyima Wozer,12th Century,45
6895,Zhangtsun Dorje Wozer,12th Century,45
6194,Rongzom Chokyi Zangpo,12th Century,45
2638,Duldzinpa Takmapa Kawa Darseng,12th Century,45
2973,Khyunggo Tsel,12th Century,45
5997,Pelchen Chokyi Yeshe,12th Century,45
13462,Machik Rema,12th Century,45
13080,Bonzhik Khyungnak,12th Century,45
13083,Trulzhik Dombu,12th Century,45
13061,Ngok Jo Tsultrim Sherab,12th Century,45
3175,Dakpo Duldzin,12th Century,45
13090,Yorpo Mepel,12th Century,45
3165,Gomchung Sherab Jangchub,12th Century,45
3169,Gompo Tsultrim Nyingpo,12th Century,45
2504,Machik Zhama,12th Century,45
6367,Kyobpa Pel Zangpo,12th Century,45
8460,Khyungtsangpa Yeshe Lama,12th Century,45
11877,Lingrepa Pema Dorje,12th Century,45
8459,Machik Ongjo,12th Century,45
2539,Pakmodrupa Dorje Gyelpo,12th Century,45
1628,Machik Jobum,12th Century,45
1721,Yalung Jomo Auma,12th Century,45
1719,Jomo Mangchungma,12th Century,45
8456,Jangsem Choje Sonam Gyeltsen,12th Century,45
1720,Jocham Purmo,12th Century,45
13432,Choje Tsadrelwa,12th Century,45
13433,Dordzin Sonam Gyatso,12th Century,45
13435,Drubtob Tsangzhikpa,12th Century,45
13241,Nub Lotsāwa Yonten Drak,12th Century,45
13088,Joyung,12th Century,45
13087,Gomchen Barwa,12th Century,45
13089,Drilungpa Tsultrim Sherab,12th Century,45
3881,Kharakpa Dulwa Wo,12th Century,45
2510,Padampa Sanggye,12th Century,45
2810,Śākyaśrībhadra,12th Century,45
8923,Zhangton Tashi Dorje,12th Century,45
2918,Jangsem Dawa Gyeltsen,12th Century,45
13616,Nangsa Wobum,12th Century,45
2803,Jangsem Gyelwa Yeshe ,13th Century,49
11898,Wonre Darma Sengge,13th Century,49
8637,Sengge Gyelpo,13th Century,49
10573,Tsangton Dorje Gyeltsen,13th Century,49
4140,Pomdrakpa Sonam Dorje,13th Century,49
2776,Karma Pakshi,13th Century,49
7152,Yeshe Bumpa,13th Century,49
10654,Jangchub Bumpa,13th Century,49
9788,Lama Ngawang Drakpa,13th Century,49
4359,Sanggye Gompa Sengge,13th Century,49
2483,Kyoton Monlam Tsultrim,13th Century,49
2578,Zeu Drakpa Tsondru,13th Century,49
2577,Drakpa Sherab,13th Century,49
3906,Dorje Rinchen,13th Century,49
3907,Dorje Gyelpo,13th Century,49
11299,Jonub Dorje Yeshe,13th Century,49
13141,Sanggye Won Drakpa Pel,13th Century,49
2781,Jampa Bum,13th Century,49
3903,Tokkhawa Rinchen Sengge,13th Century,49
3902,Chung Dorje Drakpa,13th Century,49
3904,Tsamchepa Drakpa Sonam,13th Century,49
13199,Nyima Gyeltsen,13th Century,49
13231,Rinchen Gyelpo,13th Century,49
13237,Chennga Rinchen Zangpo,13th Century,49
620,Damcho Lingpa,13th Century,49
6721,Rinchen Sherab,13th Century,49
6138,Sonam Pel,13th Century,49
3204,Zangpo Pel,13th Century,49
2314,Rinchen Gyeltsen,13th Century,49
13434,Zhonnu Rinchen,13th Century,49
13438,Lama Tsentrangwa,13th Century,49
13439,Sonyompa Sherab Pel,13th Century,49
13440,Drubtob Nyakre Sewo,13th Century,49
13447,Drubchen Bardrokpa,13th Century,49
13448,Lobpon Yeshe Jangchub,13th Century,49
13450,Shākya Rinchen,13th Century,49
13451,Gompa Choseng,13th Century,49
2790,Yonten Gyatso,13th Century,49
3101,Kuyelwa Rinchen Gon,13th Century,49
6620,Zang Samlingpa,13th Century,49
13074,Tsangpopa Konchok Sengge,13th Century,49
11307,Tukje Tsondru,13th Century,49
6726,Rokben Sherab O,13th Century,49
9789,Lama Jangchub Sengge,13th Century,49
13442,Dorje Khyung,13th Century,49
13449,Dorje Sengge,13th Century,49
1035,Khenchen Tashi Tsultrim,13th Century,49
5588,Guru Chowang,13th Century,49
8868,Jomo Menmo,13th Century,49
13081,Dampa Yuzhik,13th Century,49
3936,Drigung Lotsāwa Maṇikaśrījñāna,13th Century,49
2733,Orgyenpa Rinchen Pel,13th Century,49
13535,Nangso Damepa,13th Century,49
13437,Drakpa Tsondru,13th Century,49
12405,Drakpa Rinchen,13th Century,49
6749,Yabzang Choje Chokyi Monlam,13th Century,49
6578,Sanggye Dorje,13th Century,49
7637,Tishri Repa Sherab Sengge,13th Century,49
5817,Lhodrak Namkha Gyelpo,13th Century,49
2280,Yeshe Rinchen,13th Century,49
6672,Jamyang Gonpo,13th Century,49
10824,Gar Dampa Chodingpa,13th Century,49
2595,Chennga Drakpa Jungne,13th Century,49
10531,Pajo Drukgom Zhikpo,13th Century,49
3759,Gotsangpa Gonpo Dorje,13th Century,49
2789,Nyo Gyelwa Lhanangpa Sanggye Rinchen,13th Century,49
7641,Repa Karpo,13th Century,49
13572,Trewo Alu,13th Century,49
3890,Gurawa Tsultrim Dorje,13th Century,49
9201,Rangjung Dorje,13th Century,49
2845,Buton Rinchen Drub,13th Century,49
2051,Pakpa Lodro Gyeltsen,13th Century,49
61,Dorje Sherab,13th Century,49
1029,Khenchen Sonam Pel,13th Century,49
2029,Shongton Dorje Gyeltsen,13th Century,49
2561,Lobpon Tsilungpa,13th Century,49
2606,Ngoje Repa,13th Century,49
13230,Jangchub Lingpa,13th Century,49
13232,Pelchen Ngepuwa,13th Century,49
2791,Tsonawa Sherab Zangpo,13th Century,49
11909,Zhonnu Sengge,13th Century,49
2203,Zhangton Konchok Pel,13th Century,49
2584,Won Sherab Jungne,13th Century,49
13233,Chennga Namtsowa,13th Century,49
6671,Lorepa Wangchuk Tsondru,13th Century,49
13129,Tsenden Namgyel Kara,13th Century,49
2780,Sonam Bumpa,13th Century,49
11942,Sengge Sherab,13th Century,49
2806,Kodrakpa Sonam Gyeltsen,13th Century,49
3194,Dharmapālarakṣita,13th Century,49
7775,Yanggonpa Gyeltsen Pel,13th Century,49
13429,Chennga Darma Tsultrim,13th Century,49
13430,Chennga Rinchen Jungne,13th Century,49
13238,Dordzin Gowoche,13th Century,49
13436,Drubtob Sengge Yeshe,13th Century,49
13239,Gejong Tashi Bum,13th Century,49
13242,Rinchen Jangchub,13th Century,49
13443,Jangtang Repa,13th Century,49
6147,Khenpo Zopa,13th Century,49
2740,Yungton Dorje Pel,13th Century,49
6405,Tropu Lotsāwa Jampa Pel,13th Century,49
6134,Tsondru Sengge,13th Century,49
13234,Lobpon Tsangpa Jamseng,13th Century,49
3139,Sanggye Yarjon,13th Century,49
6374,Drakpa Gyeltsen,13th Century,49
13431,Choje Gangpa Rinchen Wozer,13th Century,49
13086,Donggom Zhikpo,13th Century,49
13196,Sonam Peldren,13th Century,49
12838,Tsembupa Darma Wozer,13th Century,49
8730,Dromton Zhonnu Lodro,13th Century,49
2137,Sakya Paṇḍita Kunga Gyeltsen,13th Century,49
2973,Khyunggo Tsel,13th Century,49
5406,Naza Drakpukpa Sonam Pel,13th Century,49
5555,Nartangpa Tsultrim Gyeltsen,13th Century,49
5997,Pelchen Chokyi Yeshe,13th Century,49
6010,Namkha Pel,13th Century,49
13083,Trulzhik Dombu,13th Century,49
13084,Zhikpo Kunga,13th Century,49
13076,Kangyurpa,13th Century,49
3175,Dakpo Duldzin,13th Century,49
5750,Bakton Zhonnu Tsultrim,13th Century,49
2104,Lotsāwa Chokden Lekpai Lodro,13th Century,49
8459,Machik Ongjo,13th Century,49
13236,Pa Rinpoche,13th Century,49
7038,Won Sonam Drakpa,13th Century,49
2181,Chim Namkha Drak,13th Century,49
8474,Machik Kunga Bum,13th Century,49
8454,Kunpang Delek Rinchen,13th Century,49
8456,Jangsem Choje Sonam Gyeltsen,13th Century,49
8455,Kunden Rema,13th Century,49
9634,Drakpa Sengge,13th Century,49
13432,Choje Tsadrelwa,13th Century,49
13433,Dordzin Sonam Gyatso,13th Century,49
13435,Drubtob Tsangzhikpa,13th Century,49
10647,Tsade Zhanakpa Namkha Dorje,13th Century,49
3417,Meban Rinchen Lingpa,13th Century,49
13117,Druton Sonam Gyeltsen,13th Century,49
13093,Druton Dulwa Gyeltsen,13th Century,49
13116,Drusha Namkha Wozer,13th Century,49
13115,Dru Gyelwa Yungdrung,13th Century,49
13119,Tsungme Sonam Lodro,13th Century,49
13092,Azha Lodro Gyeltsen,13th Century,49
8891,Guru Jober,13th Century,49
4043,Kumārarāja,13th Century,49
8857,Melong Dorje,13th Century,49
2810,Śākyaśrībhadra,13th Century,49
1754,Trulzhik Sengge Gyabpa,13th Century,49
2803,Jangsem Gyelwa Yeshe ,14th Century,53
3028,Lodro Sengge,14th Century,53
3940,Rinchen Tsultrim,14th Century,53
8637,Sengge Gyelpo,14th Century,53
4350,Jamyang Yeshe Rinchen,14th Century,53
10656,Sonam Zangpo,14th Century,53
10649,Kunga Bum,14th Century,53
10658,Lodro Bum,14th Century,53
10572,Lodro Sengge,14th Century,53
10571,Jangchub Sengge,14th Century,53
3673,Nyawon Kunga Pel,14th Century,53
10794,Lodro Chokyong,14th Century,53
7152,Yeshe Bumpa,14th Century,53
10654,Jangchub Bumpa,14th Century,53
11141,Tashi Peltsek,14th Century,53
10683,Yakton Sanggye Pel,14th Century,53
1852,Gendun Gyeltsen,14th Century,53
2578,Zeu Drakpa Tsondru,14th Century,53
2577,Drakpa Sherab,14th Century,53
13183,Takleb Jangchub Gyeltsen,14th Century,53
2774,Chokyi Gyelpo,14th Century,53
3906,Dorje Rinchen,14th Century,53
3907,Dorje Gyelpo,14th Century,53
5849,Jamyang Choje Tashi Pelden,14th Century,53
3762,Sherab Sengge,14th Century,53
2980,Nyamme Sherab Gyeltsen,14th Century,53
7512,Pelden Tsultrim,14th Century,53
7523,Dondrub Gyelpo,14th Century,53
5924,Chokyi Gyeltsen,14th Century,53
13199,Nyima Gyeltsen,14th Century,53
13231,Rinchen Gyelpo,14th Century,53
6257,Sabzang Pakpa Zhonnu Lodro,14th Century,53
3204,Zangpo Pel,14th Century,53
4327,Lodro Gyeltsen,14th Century,53
7545,Lodro Gyeltsen,14th Century,53
3188,Tawen Kunga Rinchen,14th Century,53
13073,Chennga Sonam Zangpo,14th Century,53
2790,Yonten Gyatso,14th Century,53
8361,Khyentse Tokden,14th Century,53
3937,Zhangton Gyawo Sonam Drakpa,14th Century,53
1035,Khenchen Tashi Tsultrim,14th Century,53
2823,Jonang Lotsāwa Lodro Pel,14th Century,53
7767,Rigdzin Godemchen Ngodrub Gyeltsen,14th Century,53
3939,Menchukhawa Lodro Gyeltsen,14th Century,53
4113,Tangpo Chungwa Lodro Pel,14th Century,53
4114,Puntsok Pelzang,14th Century,53
6735,Rongton Sheja Kunrik,14th Century,53
6335,Changtul,14th Century,53
13195,Drakpa Rinchen,14th Century,53
12405,Drakpa Rinchen,14th Century,53
13182,Lobpon Galeb,14th Century,53
7232,Lodro Rinchen Sengge,14th Century,53
2801,Sabzang Mati Paṇchen Lodro Gyeltsen,14th Century,53
2670,Dolpopa Sherab Gyeltsen,14th Century,53
5817,Lhodrak Namkha Gyelpo,14th Century,53
5818,Lhodrak Sengge Zangpo,14th Century,53
5819,Lhodrak Gyelse Zangpo,14th Century,53
5795,Shākya Yeshe,14th Century,53
7040,Rinchen Wanggyel,14th Century,53
7429,Orgyen Lingpa,14th Century,53
3938,Tangpoche Kunga Bum,14th Century,53
9095,Gyeltsabje Darma Rinchen,14th Century,53
9201,Rangjung Dorje,14th Century,53
2845,Buton Rinchen Drub,14th Century,53
4167,Drubchen Kunga Lodro,14th Century,53
2491,Lama Dampa Sonam Gyeltsen,14th Century,53
2891,Duldzin Drakpa Gyeltsen,14th Century,53
9572,Zangpo Drakpa,14th Century,53
3121,"Dungtso Repa The Earlier""""",14th Century,53
13134,Katokpa Jangchub Gyeltsen,14th Century,53
4166,Jampa Khawoche,14th Century,53
13129,Tsenden Namgyel Kara,14th Century,53
6489,Drungchen Khachopa Namkha Gyeltsen,14th Century,53
13132,Rinchen Gyeltsen,14th Century,53
10659,Wangchuk Pel,14th Century,53
5693,Umapa Tsondru Sengge,14th Century,53
4086,Jangchub Tsemo,14th Century,53
2854,Dondrub Rinchen,14th Century,53
2740,Yungton Dorje Pel,14th Century,53
2812,Chokle Namgyel,14th Century,53
9574,Drime Kunga,14th Century,53
3736,Vanaratna,14th Century,53
3660,Rinchen Chok,14th Century,53
13638,Rinchen Gyeltsen,14th Century,53
4164,Nyakpuwa Sonam Zangpo,14th Century,53
1871,Samlo Sanggye Tashi,14th Century,53
13196,Sonam Peldren,14th Century,53
8571,Rendawa Zhonnu Lodro,14th Century,53
2592,Drubchen Namkha Gyeltsen,14th Century,53
8730,Dromton Zhonnu Lodro,14th Century,53
5408,Sharchen Yeshe Gyeltsen,14th Century,53
2882,Longchenpa Drime Wozer,14th Century,53
5824,Tsakho Ngawang Drakpa,14th Century,53
9482,Kunpang Chodrak Pelzang,14th Century,53
4352,Dorje Rinchen,14th Century,53
5406,Naza Drakpukpa Sonam Pel,14th Century,53
6251,Konchok Tsultrim,14th Century,53
3266,Barawa Gyeltsen Pelzang,14th Century,53
4669,Lekpa Gyeltsen,14th Century,53
4115,Gharungwa Lhai Gyeltsen,14th Century,53
3153,Gyelse Tokme Zangpo,14th Century,53
3191,Jamyang Donyo Gyeltsen,14th Century,53
3189,Namkha Lekpai Gyeltsen,14th Century,53
8474,Machik Kunga Bum,14th Century,53
13706,Jetsun Khacho Wangmo,14th Century,53
8455,Kunden Rema,14th Century,53
11632,Rinchen Pel,14th Century,53
5626,Buddhaśrī,14th Century,53
13131,Khedrub Rinchen Lodro,14th Century,53
10301,Pema Ledrel Tsel,14th Century,53
3417,Meban Rinchen Lingpa,14th Century,53
13870,Sanggye Gyeltsen,14th Century,53
8750,Dorje Lingpa,14th Century,53
5500,Go Lotsāwa Zhonnu Pel,14th Century,53
4043,Kumārarāja,14th Century,53
8986,Tsongkhapa Lobzang Drakpa,14th Century,53
5858,Gorumpa Kunga Lekpa,15th Century,57
4349,Namkha Pelzang,15th Century,57
4119,Orgyen Dzongpa Chokyong Gyeltsen,15th Century,57
4350,Jamyang Yeshe Rinchen,15th Century,57
6373,Sherab Peltsek,15th Century,57
1985,Gorampa Sonam Sengge,15th Century,57
7240,Chokyi Gyeltsen,15th Century,57
10658,Lodro Bum,15th Century,57
10572,Lodro Sengge,15th Century,57
10571,Jangchub Sengge,15th Century,57
1908,Drakpa Dorje,15th Century,57
1898,Muchen Sempa Chenpo Konchok Gyeltsen,15th Century,57
8027,Khedrubje Gelek Pelzang,15th Century,57
11986,Kunga Peljor,15th Century,57
10794,Lodro Chokyong,15th Century,57
7093,Lodro Tenpa,15th Century,57
6953,Monlam Pelwa,15th Century,57
4535,Yeshe Zangpo,15th Century,57
6219,Sherab Dar Lekpai Lodro,15th Century,57
6910,Chokyi Shenyen,15th Century,57
5480,Chokyong Gyatso,15th Century,57
11141,Tashi Peltsek,15th Century,57
3200,Konchok Pelwa,15th Century,57
1963,Kunga Wangchuk,15th Century,57
1820,Muchen Sanggye Rinchen,15th Century,57
726,Paṇchen Namkha Pelzang,15th Century,57
7370,Paṇchen Bumdrak Sumpa,15th Century,57
1930,Pelden Dorje,15th Century,57
1852,Gendun Gyeltsen,15th Century,57
11569,Tenpa Rinchen,15th Century,57
1831,Ga Rabjampa Kunga Yeshe,15th Century,57
6935,Wonpo Lhakyab,15th Century,57
7294,Peljor Lhundrub,15th Century,57
13183,Takleb Jangchub Gyeltsen,15th Century,57
8079,Pelden Lodro,15th Century,57
2896,Jamyang Donyo Pelden,15th Century,57
5849,Jamyang Choje Tashi Pelden,15th Century,57
3762,Sherab Sengge,15th Century,57
2980,Nyamme Sherab Gyeltsen,15th Century,57
7523,Dondrub Gyelpo,15th Century,57
5924,Chokyi Gyeltsen,15th Century,57
10898,Tashi Namgyel,15th Century,57
2661,Peljor Dondrub,15th Century,57
13404,Namkha Pelwa,15th Century,57
6122,Trulzhik Tsultrim Gyeltsen,15th Century,57
4327,Lodro Gyeltsen,15th Century,57
3744,Jampel Gyatso,15th Century,57
13073,Chennga Sonam Zangpo,15th Century,57
13078,Jangsem Sherab Zangpo,15th Century,57
6770,Chowang Drakpa,15th Century,57
7348,Lodro Gyeltsen,15th Century,57
11462,Yonten Yeshe,15th Century,57
7064,Sakya Lotsāwa Jampai Dorje,15th Century,57
7164,Ratna Lingpa,15th Century,57
7767,Rigdzin Godemchen Ngodrub Gyeltsen,15th Century,57
5326,Dorje Palam,15th Century,57
13502,Rinchen Lhunpo,15th Century,57
6735,Rongton Sheja Kunrik,15th Century,57
4028,Yeshe Gyeltsen,15th Century,57
13536,Jampa Rabten,15th Century,57
6568,Lekdrub Pel,15th Century,57
13517,Gyeltsen Bum,15th Century,57
13516,Botar Lodro Tobden,15th Century,57
13537,Lhagyari Drale Namgyel,15th Century,57
13542,Lhagyari Ganden Pelbar,15th Century,57
13538,Lhagyari Jikten Wangchuk,15th Century,57
6335,Changtul,15th Century,57
6338,Gakye,15th Century,57
6337,Tashi Bum,15th Century,57
6336,Tsenpo Pellek,15th Century,57
6339,Wangchuk,15th Century,57
7232,Lodro Rinchen Sengge,15th Century,57
6779,Konchok Delek,15th Century,57
5795,Shākya Yeshe,15th Century,57
4170,Namkha Chokyong,15th Century,57
7040,Rinchen Wanggyel,15th Century,57
10470,Pelden Dondrub,15th Century,57
8076,Kunga Pelwa,15th Century,57
8085,Kunga Pelden,15th Century,57
3712,Dawa Gyeltsen,15th Century,57
9095,Gyeltsabje Darma Rinchen,15th Century,57
2912,Lobzang Nyima,15th Century,57
6286,Lobzang Drakpa,15th Century,57
12883,Chokyi Dorje,15th Century,57
13541,Lhagyari Sonam Rabten,15th Century,57
2387,Ngorchen Kunga Zangpo,15th Century,57
4167,Drubchen Kunga Lodro,15th Century,57
2891,Duldzin Drakpa Gyeltsen,15th Century,57
11114,Gendun Gyatso,15th Century,57
10579,Taktsang Lotsāwa Sherab Rinchen,15th Century,57
10168,Khedrub Norzang Gyatso,15th Century,57
6278,Namgyel Drakpa Zangpo,15th Century,57
6788,Jampa Tashi,15th Century,57
7130,Jampel Zangpo,15th Century,57
10311,Katokpa Tulku Sonam Gyeltsen,15th Century,57
7736,Jangchub Lodro,15th Century,57
8472,"Dungtso Repa The Later""""",15th Century,57
13125,Namkha Gyeltsen,15th Century,57
13134,Katokpa Jangchub Gyeltsen,15th Century,57
13140,Khedrub Kunzang Gyeltsen,15th Century,57
3125,Trulzhik Nauwa,15th Century,57
4348,Sherab Zangpo,15th Century,57
10480,Khyenrab Wangchuk Drakpa Zangpo,15th Century,57
4168,Jamyang Konchok Zangpo,15th Century,57
10442,Humrel Dung Dung Gyelchok,15th Century,57
3788,Pelden Chokdrub,15th Century,57
1639,Namgyel Gonpo,15th Century,57
2232,Kunkyong Lingpa,15th Century,57
6489,Drungchen Khachopa Namkha Gyeltsen,15th Century,57
13132,Rinchen Gyeltsen,15th Century,57
3000,Pema Lingpa,15th Century,57
13112,Chopel Zangpo,15th Century,57
10857,Drukpa Kunle,15th Century,57
10687,Gendun Drub,15th Century,57
5693,Umapa Tsondru Sengge,15th Century,57
13205,Chokyi Dronma,15th Century,57
1974,Kunga Wangchuk,15th Century,57
11285,Chokyong Zangpo,15th Century,57
10878,Chowang Lhundrub,15th Century,57
3736,Vanaratna,15th Century,57
4164,Nyakpuwa Sonam Zangpo,15th Century,57
1871,Samlo Sanggye Tashi,15th Century,57
8354,Lodro Gyeltsen,15th Century,57
6690,Pakpa Dechen Dorje,15th Century,57
7305,Sherab Zangpo,15th Century,57
8571,Rendawa Zhonnu Lodro,15th Century,57
13095,Sanggye Peljor,15th Century,57
4217,Lhachok Sengge,15th Century,57
6997,Rinchen Wozer,15th Century,57
1637,Paṇchen Sonam Drakpa,15th Century,57
6351,Shākya Chokden,15th Century,57
13135,Namtrul Namkha Yeshe,15th Century,57
5437,Janglingpa Tashi Gyeltsen,15th Century,57
2162,Tashi Namgyel,15th Century,57
4669,Lekpa Gyeltsen,15th Century,57
1659,Tashi Peljor,15th Century,57
6746,Baso Chokyi Gyeltsen,15th Century,57
10497,Lowo Khenchen Sonam Lhundrub,15th Century,57
11441,Jamyang Chodrak,15th Century,57
3211,Dakchen Sherab Gyeltsen,15th Century,57
3208,Jamyang Namkha Gyeltsen,15th Century,57
2866,Jamyang Sherab Gyatso,15th Century,57
3006,Ngari Paṇchen Pema Wanggyel,15th Century,57
11632,Rinchen Pel,15th Century,57
5626,Buddhaśrī,15th Century,57
13131,Khedrub Rinchen Lodro,15th Century,57
13863,Khyentse Chenmo,15th Century,57
13870,Sanggye Gyeltsen,15th Century,57
5500,Go Lotsāwa Zhonnu Pel,15th Century,57
8986,Tsongkhapa Lobzang Drakpa,15th Century,57
5858,Gorumpa Kunga Lekpa,16th Century,61
13064,Kunga Pelzang ,16th Century,61
4119,Orgyen Dzongpa Chokyong Gyeltsen,16th Century,61
8101,Kunga Lodro,16th Century,61
7240,Chokyi Gyeltsen,16th Century,61
11565,Jedrung Miyowa Zhonnu Lodro,16th Century,61
6340,Sanggye Pel,16th Century,61
8116,Khedrub Shakya Lhawang,16th Century,61
6219,Sherab Dar Lekpai Lodro,16th Century,61
6910,Chokyi Shenyen,16th Century,61
12817,Gelek Pelzang,16th Century,61
5432,Peljor Gyatso,16th Century,61
5480,Chokyong Gyatso,16th Century,61
8099,Dorje Zangpo,16th Century,61
7230,Gyeltsen Zangpo,16th Century,61
2871,Gendun Tenpa Dargye,16th Century,61
6872,Jampa Gyatso,16th Century,61
9795,Lodro Gyatso,16th Century,61
5777,Gendun Gyeltsen,16th Century,61
8106,Shenyen Drakpa,16th Century,61
2523,Ngawang Chokyi Gyeltsen,16th Century,61
10507,Konchok Lhundrub,16th Century,61
3200,Konchok Pelwa,16th Century,61
726,Paṇchen Namkha Pelzang,16th Century,61
4379,Pema Trinle,16th Century,61
4372,Dawa Gyeltsen,16th Century,61
3708,Yonten Gyatso,16th Century,61
4221,Sherab Jungne,16th Century,61
13026,Wensapa Lobzang Dondrub,16th Century,61
11569,Tenpa Rinchen,16th Century,61
6935,Wonpo Lhakyab,16th Century,61
7294,Peljor Lhundrub,16th Century,61
8079,Pelden Lodro,16th Century,61
2896,Jamyang Donyo Pelden,16th Century,61
5926,Tashi Peljor,16th Century,61
5927,Chokyi Gyeltsen,16th Century,61
10202,Khedrub Sherab Gyeltsen,16th Century,61
5511,Tsuklak Trengwa,16th Century,61
2665,Tsuklak Gyatso,16th Century,61
4490,Pelden Drakpa,16th Century,61
13423,Miyowa Zhonnu Lodro,16th Century,61
13067,Tsokye Dorje,16th Century,61
9750,Sherab Puntsok,16th Century,61
9062,Peljor Lhundrub,16th Century,61
10613,Ngawang Kunga Wanggyel,16th Century,61
6793,Lhawang Chokyi Gyeltsen,16th Century,61
9839,Lobzang Chokyi Gyeltsen,16th Century,61
7064,Sakya Lotsāwa Jampai Dorje,16th Century,61
13065,Lochen Ratnabhadra,16th Century,61
10171,Ngawang Drakpa,16th Century,61
8975,Ngakgi Wangpo,16th Century,61
5326,Dorje Palam,16th Century,61
13206,Kunga Zangmo,16th Century,61
4085,Kunga Drolchok,16th Century,61
3010,Lekden Dorje,16th Century,61
6567,Dutsi Gyurme,16th Century,61
13527,Yagyel Pel,16th Century,61
13512,Ponchen Lhuntub,16th Century,61
13518,Ponchen A-nga,16th Century,61
13517,Gyeltsen Bum,16th Century,61
13528,Kunga Rinchen,16th Century,61
13543,Lhagyari Lobzang Tutob Chogyel,16th Century,61
13539,Lhagyari Yulkhor Wangchuk,16th Century,61
13538,Lhagyari Jikten Wangchuk,16th Century,61
6341,Gonpo Dargye,16th Century,61
6342,Kelzang Wangchuk,16th Century,61
6339,Wangchuk,16th Century,61
5331,Lobzang Gyatso,16th Century,61
2434,Yonten Gyatso,16th Century,61
2427,Pelden Gyeltsen,16th Century,61
6779,Konchok Delek,16th Century,61
6801,Konchok Pendar,16th Century,61
12521,Sanggye Yeshe,16th Century,61
11575,Tenpa Rabgye,16th Century,61
10462,Jampa Kunga Tashi,16th Century,61
10470,Pelden Dondrub,16th Century,61
13097,Ngawang Chojor Zangpo,16th Century,61
8076,Kunga Pelwa,16th Century,61
8085,Kunga Pelden,16th Century,61
3712,Dawa Gyeltsen,16th Century,61
6286,Lobzang Drakpa,16th Century,61
1575,Gyelwa Gyatso,16th Century,61
8086,Tseten Gyatso,16th Century,61
7083,Damcho Pelbar,16th Century,61
8097,Sanggye Rinchen,16th Century,61
11597,Jedrung Jamyang Shenyin,16th Century,61
10528,Konchok Pelden,16th Century,61
10452,Drangti Paṇchen Namkha Pelzang,16th Century,61
9923,Namdrol Zangpo,16th Century,61
7053,Ngawang Kunga Rinchen,16th Century,61
11114,Gendun Gyatso,16th Century,61
10168,Khedrub Norzang Gyatso,16th Century,61
10536,Taktsang Repa Ngawang Gyatso,16th Century,61
3085,Yonten Gyatso,16th Century,61
6788,Jampa Tashi,16th Century,61
10311,Katokpa Tulku Sonam Gyeltsen,16th Century,61
8103,Jedrung Sherab Wangpo,16th Century,61
13125,Namkha Gyeltsen,16th Century,61
9052,Tashi Tobgyel,16th Century,61
12828,Sonam Gyatso,16th Century,61
10442,Humrel Dung Dung Gyelchok,16th Century,61
3788,Pelden Chokdrub,16th Century,61
3789,Sanggye Jungne,16th Century,61
3778,Tongwa Donden,16th Century,61
3000,Pema Lingpa,16th Century,61
10548,Ngawang Chodrak,16th Century,61
10857,Drukpa Kunle,16th Century,61
4002,Gendun Tashi,16th Century,61
4220,Kunga Sonam Lhundrub,16th Century,61
13511,Jampa Puntsok,16th Century,61
2338,Nesar Jamyang Khyentse Wangchuk,16th Century,61
11285,Chokyong Zangpo,16th Century,61
4092,Damcho Pelwa,16th Century,61
4265,Tsultrim Chopel,16th Century,61
8105,Drakpa Gyatso,16th Century,61
4276,Konchok Chopel,16th Century,61
2952,Gendun Rinchen Gyeltsen,16th Century,61
11183,Jetsunma Kunga Trinle Wangmo,16th Century,61
13096,Choje Ngawang,16th Century,61
13095,Sanggye Peljor,16th Century,61
4219,Sanggye Sengge,16th Century,61
4217,Lhachok Sengge,16th Century,61
2441,Drakpa Wozer,16th Century,61
5928,Mutruk Chokyi Gocha,16th Century,61
6997,Rinchen Wozer,16th Century,61
1637,Paṇchen Sonam Drakpa,16th Century,61
13063,Khenchen Lungrik Gyatso,16th Century,61
2162,Tashi Namgyel,16th Century,61
13075,Oluk Darhan Nangso,16th Century,61
1659,Tashi Peljor,16th Century,61
8964,Sherab Wozer,16th Century,61
6009,Depa Trinle Gyatso,16th Century,61
10497,Lowo Khenchen Sonam Lhundrub,16th Century,61
2340,Labsum Gyeltsen,16th Century,61
11441,Jamyang Chodrak,16th Century,61
1981,Kyabdak Drubchok Wangpo,16th Century,61
6412,Buddhagupta-nātha,16th Century,61
7565,Ara Drubtob Tarpai Gyeltsen,16th Century,61
10580,Jamyang Tutob Wangchuk,16th Century,61
4223,Ngawang Sonam Gyeltsen,16th Century,61
6670,Tsoknyi Gyatso,16th Century,61
6466,Konchok Chozang,16th Century,61
3006,Ngari Paṇchen Pema Wanggyel,16th Century,61
13118,Godzung Lodro Gyeltsen,16th Century,61
2997,Tenzin Norbu,16th Century,61
13113,Shākya Gyeltsen,16th Century,61
3743,Ngawang Chodrak,16th Century,61
10319,Lingza Chokyi,16th Century,61
13836,Trinle Kunkyab Pelzangpo,16th Century,61
5953,Chodrak Zangpo,16th Century,61
6175,Khardo Zopa Gyatso,17th Century,65
2931,Drakpa Shedrub,17th Century,65
2462,Gyelwa Gyatso,17th Century,65
2329,Ngawang Jampa,17th Century,65
8116,Khedrub Shakya Lhawang,17th Century,65
13102,Lobzang Wangchuk,17th Century,65
2872,Lodro Gyatso,17th Century,65
9795,Lodro Gyatso,17th Century,65
8106,Shenyen Drakpa,17th Century,65
2523,Ngawang Chokyi Gyeltsen,17th Century,65
4492,Gyeltsen Sengge,17th Century,65
8109,Jampa Tashi,17th Century,65
5796,Jinpa Gyatso,17th Century,65
4489,Lobzang Dargye,17th Century,65
4488,Dondrub Gyatso,17th Century,65
3171,Ngawang Tsepel,17th Century,65
6505,Ngawang Tashi,17th Century,65
4379,Pema Trinle,17th Century,65
7719,Gyelse Kunga Gyeltsen,17th Century,65
7644,Tendzin Lekpai Dondrub,17th Century,65
6667,Lodro Gyatso,17th Century,65
3062,Ngawang Lobzang Tenpai Gyeltsen,17th Century,65
4221,Sherab Jungne,17th Century,65
4222,Namkha Rinchen,17th Century,65
5889,Ngawang Tendzin,17th Century,65
3064,Ngawang Trinle,17th Century,65
10957,Lobzang Chodrak,17th Century,65
6729,Lobzang Tenpa Dargye,17th Century,65
11731,Ngawang Trinle,17th Century,65
13168,Lobzang Jamyang,17th Century,65
10623,Sonam Gyatso,17th Century,65
4225,Jamyang Namkha Pelzang,17th Century,65
4227,Sanggye Tendzin,17th Century,65
6580,Ngawang Konchok Nyima,17th Century,65
1564,Samten Gyatso,17th Century,65
4493,Ngawang Namkha Zangpo,17th Century,65
3173,Gendun Puntsok,17th Century,65
6635,Sherab Tashi,17th Century,65
5927,Chokyi Gyeltsen,17th Century,65
12340,Lekshe Mawai Nyima,17th Century,65
4224,Pelchok Gyeltsen,17th Century,65
2665,Tsuklak Gyatso,17th Century,65
7718,Sheja Zangpo,17th Century,65
2442,Sumpa Damcho Gyatso,17th Century,65
6161,Lobzang Nyima,17th Century,65
7676,Damcho Pekar,17th Century,65
2926,Lobzang Samten,17th Century,65
4490,Pelden Drakpa,17th Century,65
2180,Lobzang Yeshe,17th Century,65
9750,Sherab Puntsok,17th Century,65
13107,Lobzang Puntsok Namgyel,17th Century,65
13071,Drakpa Lekdrub,17th Century,65
9062,Peljor Lhundrub,17th Century,65
10613,Ngawang Kunga Wanggyel,17th Century,65
9839,Lobzang Chokyi Gyeltsen,17th Century,65
9030,Gyurme Dechen,17th Century,65
9158,Garwang Dorje,17th Century,65
10422,Khyungdrak Dorje,17th Century,65
9297,Pema Dechen Lingpa,17th Century,65
8975,Ngakgi Wangpo,17th Century,65
11572,Jatson Nyingpo,17th Century,65
4080,Konchok Chodrak,17th Century,65
2336,Kunga Puntsok,17th Century,65
13513,Lachen Chemchok,17th Century,65
7681,Lhundrub Gyatso,17th Century,65
13531,Yungdrung Tendzin,17th Century,65
13106,Konchok Tendzin,17th Century,65
13108,Lobzang Tendzin Trinle,17th Century,65
13544,Menjangma,17th Century,65
3010,Lekden Dorje,17th Century,65
10644,Sanggye Puntsok,17th Century,65
5641,Deumar Geshe Tendzin Puntsok,17th Century,65
13512,Ponchen Lhuntub,17th Century,65
13515,Orgyen Tashi,17th Century,65
13528,Kunga Rinchen,17th Century,65
13514,Lupel,17th Century,65
6499,Tenpa Tsering,17th Century,65
13543,Lhagyari Lobzang Tutob Chogyel,17th Century,65
6342,Kelzang Wangchuk,17th Century,65
6346,Makzor Gonpo,17th Century,65
6343,Tashi Rabten,17th Century,65
3109,Lobzang Chodrak,17th Century,65
5331,Lobzang Gyatso,17th Century,65
5985,Chakpa Chopel,17th Century,65
13547,Ngawang Trinle Gyatso,17th Century,65
11575,Tenpa Rabgye,17th Century,65
7803,Jamgon Ngawang Gyeltsen,17th Century,65
3758,Ngawang Lobzang Choden,17th Century,65
5899,Lobzang Rabten,17th Century,65
3225,Ngawang Chokyi Gyatso,17th Century,65
13097,Ngawang Chojor Zangpo,17th Century,65
1575,Gyelwa Gyatso,17th Century,65
2755,Ngawang Sonam Gyatso,17th Century,65
9873,Dogyu Gyatso,17th Century,65
9579,Jigme Gyelwai Nyugu,17th Century,65
8097,Sanggye Rinchen,17th Century,65
2327,Lobzang Donyo,17th Century,65
2662,Choying Dorje,17th Century,65
10536,Taktsang Repa Ngawang Gyatso,17th Century,65
3085,Yonten Gyatso,17th Century,65
6264,Lobsang Jamyang,17th Century,65
6648,Lobzang Gyeltsen,17th Century,65
8543,Tsondru Gyatso,17th Century,65
2392,Lobzang Dorje,17th Century,65
4150,Kunga Rinchen Gyatso,17th Century,65
8616,Jangchub Dorje,17th Century,65
13197,Chowang Dorje Dzinpa,17th Century,65
13217,Ngawang Rinchen,17th Century,65
13220,Tagu Nyima Gyeltsen,17th Century,65
13221,Dampa Lodro Gyeltsen,17th Century,65
13222,Yungdrung Yeshe,17th Century,65
13225,Tokden Yungdrung Gyeltsen,17th Century,65
9052,Tashi Tobgyel,17th Century,65
6065,Ngawang Lobzang Gyatso,17th Century,65
3789,Sanggye Jungne,17th Century,65
3791,Zhiwa Zangpo,17th Century,65
9126,Pema Rigdzin,17th Century,65
2436,Lobzang Dondrub,17th Century,65
9169,Pema Trinle,17th Century,65
1869,Lodro Namgyel,17th Century,65
10548,Ngawang Chodrak,17th Century,65
13597,Dawo Wangmo,17th Century,65
13614,Depa Norbu,17th Century,65
6874,Sonam Chopel,17th Century,65
4494,Lobzang Drime,17th Century,65
4220,Kunga Sonam Lhundrub,17th Century,65
9753,Shar Kelden Gyatso,17th Century,65
13511,Jampa Puntsok,17th Century,65
13068,Drakpa Gyeltsen,17th Century,65
3040,Drakpa Gyeltsen,17th Century,65
4092,Damcho Pelwa,17th Century,65
4265,Tsultrim Chopel,17th Century,65
8105,Drakpa Gyatso,17th Century,65
4276,Konchok Chopel,17th Century,65
2814,Tenzin Lekshe,17th Century,65
2952,Gendun Rinchen Gyeltsen,17th Century,65
5871,Tsangyang Gyatso,17th Century,65
6668,Nyima Drakpa,17th Century,65
11183,Jetsunma Kunga Trinle Wangmo,17th Century,65
11618,Ngawang Trinle Zangpo,17th Century,65
8107,Tenpa Gyeltsen,17th Century,65
8108,Pelden Gyeltsen,17th Century,65
6345,Lobzang Dondrub,17th Century,65
6344,Tsewang Dondrub,17th Century,65
9213,Tenpai Gyeltsen,17th Century,65
13174,Bondrong Tenpa Wozer,17th Century,65
2441,Drakpa Wozer,17th Century,65
7601,Sonam Wozer,17th Century,65
13170,Tashi Wozer,17th Century,65
6548,Taktsang Lobzang Rabten,17th Century,65
6526,Ngawang Chokden,17th Century,65
6646,Jamyang Zhepai Dorje,17th Century,65
9761,Konchok Gyeltsen,17th Century,65
13650,Drubtob Pema Trinle,17th Century,65
6009,Depa Trinle Gyatso,17th Century,65
9190,Namcho Mingyur Dorje,17th Century,65
5805,Polhane Sonam Tobgye,17th Century,65
1981,Kyabdak Drubchok Wangpo,17th Century,65
8539,Gyelse Sonam Deutsen,17th Century,65
12264,Chogyel Mipam Trinle Rabten,17th Century,65
2328,Chokyi Gyelpo,17th Century,65
10580,Jamyang Tutob Wangchuk,17th Century,65
2330,Ngawang Chokyi Wangchuk,17th Century,65
6982,Ngawang Sanggye Pelzang,17th Century,65
4223,Ngawang Sonam Gyeltsen,17th Century,65
10633,Ngawang Sonam Wangchuk,17th Century,65
10591,Jamyang Amnye Zhab Ngawang Kunga Sonam,17th Century,65
6466,Konchok Chozang,17th Century,65
8631,Chopa Lugu,17th Century,65
2997,Tenzin Norbu,17th Century,65
7622,Tenzin Rabgye,17th Century,65
6586,Puntsok Namgyel,17th Century,65
10320,Karma Wangdzin,17th Century,65
7582,Pema Norbu,17th Century,65
13822,Geshe Mila Lobzang Tashi,17th Century,65
13837,Drubgyud Tulku,17th Century,65
13838,Jangchub Nyima,17th Century,65
4249,Kunga Tashi,17th Century,65
13690,Khangchenne Sonam Gyelpo,17th Century,65
9105,Dudul Dorje,17th Century,65
2712,Tāranātha,17th Century,65
6493,Ngawang Trinle Gyatso,17th Century,65
4487,Lobzang Chopel,17th Century,65
13855,Tenzin Nyida,17th Century,65
2992,Longsel Nyingpo,17th Century,65
5151,Orgyen Samten,17th Century,65
2720,Sonam Puntsok,17th Century,65
7581,Sanggye Tenpa,17th Century,65
6175,Khardo Zopa Gyatso,18th Century,69
3086,Lobzang Neten Tsondru,18th Century,69
10828,Namkha Tsewang Chokdrub,18th Century,69
2931,Drakpa Shedrub,18th Century,69
4727,Konchok Tenpai Gyeltsen,18th Century,69
2462,Gyelwa Gyatso,18th Century,69
2329,Ngawang Jampa,18th Century,69
3792,Pakpa Gelek Gyeltsen,18th Century,69
13103,Lobzang Chokle Namgyel,18th Century,69
10068,Ngedon Tendzin Zangpo,18th Century,69
10827,Pema Sangngak Tendzin,18th Century,69
13102,Lobzang Wangchuk,18th Century,69
4499,Lobzang Monlam,18th Century,69
4492,Gyeltsen Sengge,18th Century,69
4489,Lobzang Dargye,18th Century,69
4488,Dondrub Gyatso,18th Century,69
3171,Ngawang Tsepel,18th Century,69
3414,Lobzang Jampa,18th Century,69
4495,Samten Puntsok,18th Century,69
4496,Ngawang Chodrak,18th Century,69
4498,Lobzang Tenpa,18th Century,69
4500,Lobzang Khechok,18th Century,69
4501,Lobzang Tashi,18th Century,69
5932,Lobzang Gelek,18th Century,69
3074,Konchok Gyeltsen,18th Century,69
6505,Ngawang Tashi,18th Century,69
7719,Gyelse Kunga Gyeltsen,18th Century,69
7644,Tendzin Lekpai Dondrub,18th Century,69
13145,Tendzin Sizhi Namgyel,18th Century,69
3062,Ngawang Lobzang Tenpai Gyeltsen,18th Century,69
5164,Peljor Gyatso,18th Century,69
5889,Ngawang Tendzin,18th Century,69
7105,Ngawang Trinle,18th Century,69
6731,Ra Sonam Wanggyel,18th Century,69
6536,Jigme Rigpai Sengge,18th Century,69
6760,Rabten Gyatso,18th Century,69
4607,Konchok Dechen,18th Century,69
8184,Lobzang Chodar,18th Century,69
4720,Drakpa Gyeltsen,18th Century,69
3769,Konchok Sengge,18th Century,69
6025,Jigme Gyeltsen,18th Century,69
5910,Konchok Gyepai Lodro,18th Century,69
3080,Konchok Chopel,18th Century,69
2974,Shingza Paṇḍita Lobzang Dargye Gyatso,18th Century,69
13146,Orgyen Gelek Namgyel,18th Century,69
3064,Ngawang Trinle,18th Century,69
11443,Sonam Jinpa,18th Century,69
6729,Lobzang Tenpa Dargye,18th Century,69
11731,Ngawang Trinle,18th Century,69
13168,Lobzang Jamyang,18th Century,69
7172,Lobzang Tashi Trinle Gyatso,18th Century,69
1903,Gendun Chokyi Wangchuk,18th Century,69
6502,Jigme Lungrik Gyatso,18th Century,69
5328,Yeshe Lobzang Tenpai Gonpo,18th Century,69
9693,Lobzang Pelden Gyeltsen,18th Century,69
6580,Ngawang Konchok Nyima,18th Century,69
4493,Ngawang Namkha Zangpo,18th Century,69
3173,Gendun Puntsok,18th Century,69
6635,Sherab Tashi,18th Century,69
13226,Kunga Tendzin,18th Century,69
5159,Kunzang Pema Wanggyel,18th Century,69
13228,Gyurme Tekchok Tenpa Namgyel,18th Century,69
4224,Pelchok Gyeltsen,18th Century,69
4665,Bipa Mipam Dawa,18th Century,69
6161,Lobzang Nyima,18th Century,69
4730,Konchok Tenpai Dronme,18th Century,69
7895,Kunga Gyatso,18th Century,69
7918,Sherab Sengge,18th Century,69
2926,Lobzang Samten,18th Century,69
5426,Lobzang Tsultrim,18th Century,69
2180,Lobzang Yeshe,18th Century,69
13426,Lobzang Nyendrak,18th Century,69
13428,Sonam Dargye,18th Century,69
13453,Getse Pema,18th Century,69
13069,Drakpa Rinchen Sherab,18th Century,69
5479,Arik Geshe Jampa Gelek Gyeltsen,18th Century,69
9254,Pelden Tashi,18th Century,69
9546,Pema Tekchok Tenpai Gyeltsen,18th Century,69
10753,Sonam Rinchen,18th Century,69
10742,Ngawang Kunga Lodro,18th Century,69
13190,Ngawang Jampel Mingyur Lhundrub Dorje,18th Century,69
13191,Kunzang Gyurme Lhundrub,18th Century,69
13070,Rinchen Lekdrub,18th Century,69
9297,Pema Dechen Lingpa,18th Century,69
13452,Nyida Sanggye,18th Century,69
8549,Namkha Chowang,18th Century,69
5652,Ngawang Tsultrim,18th Century,69
4080,Konchok Chodrak,18th Century,69
9394,Mingyur Peldron,18th Century,69
7681,Lhundrub Gyatso,18th Century,69
13531,Yungdrung Tendzin,18th Century,69
13108,Lobzang Tendzin Trinle,18th Century,69
13109,Kelzang Chodrak Pelden,18th Century,69
8028,Yonten Taye,18th Century,69
13544,Menjangma,18th Century,69
10644,Sanggye Puntsok,18th Century,69
8126,Pema Nyinje Wangpo,18th Century,69
5641,Deumar Geshe Tendzin Puntsok,18th Century,69
13515,Orgyen Tashi,18th Century,69
13514,Lupel,18th Century,69
6499,Tenpa Tsering,18th Century,69
13532,Puntsok Tenpa,18th Century,69
13558,Lhagyari Tsering Pelbar,18th Century,69
12865,Lhagyari Dechen Trinle Rolpa,18th Century,69
3072,Jamyang Norbu,18th Century,69
6350,Jigme Topgye,18th Century,69
6346,Makzor Gonpo,18th Century,69
6348,Tensung Tsering,18th Century,69
3109,Lobzang Chodrak,18th Century,69
9513,Kelzang Pema Wangchuk,18th Century,69
5985,Chakpa Chopel,18th Century,69
10412,Mingyur Pende Gyatso,18th Century,69
13547,Ngawang Trinle Gyatso,18th Century,69
6198,Jamyang Tubten Nyima,18th Century,69
5381,Jamyang Monlam,18th Century,69
5360,Lobzang Gyeltsen Sengge,18th Century,69
7803,Jamgon Ngawang Gyeltsen,18th Century,69
13133,Kunzang Trinle Namgyel,18th Century,69
3758,Ngawang Lobzang Choden,18th Century,69
9525,Gyurme Kunzang Namgyel,18th Century,69
3225,Ngawang Chokyi Gyatso,18th Century,69
11866,Chime Tenpai Nyima,18th Century,69
2755,Ngawang Sonam Gyatso,18th Century,69
9579,Jigme Gyelwai Nyugu,18th Century,69
13574,Yeshe Tendzin,18th Century,69
9523,Lobzang Jigme Namkha,18th Century,69
3107,Kelzang Gyatso,18th Century,69
7162,Ngawang Khedrub,18th Century,69
13173,Jampel Gendun Gyatso,18th Century,69
6622,Sonam Drakpa,18th Century,69
8069,Dondrub Gyatso,18th Century,69
6979,Ngawang Jampel Tsultrim Gyatso,18th Century,69
2339,Jampel Gyatso,18th Century,69
3141,Rolpai Dorje,18th Century,69
5317,Ngawang Chopel,18th Century,69
9372,Rigdzin Tsewang Norbu,18th Century,69
10561,Yungdrung Puntsok,18th Century,69
4497,Ngawang Chodrak,18th Century,69
6529,Lobzang Nyendrak,18th Century,69
8543,Tsondru Gyatso,18th Century,69
8551,Orgyen Jamyang,18th Century,69
8583,Choying Rangdrol,18th Century,69
13121,Drubtob Namgyel Lhundrub,18th Century,69
13123,Jigme Tenpai Gyeltsen,18th Century,69
13147,Drubwang Drakpa Gyeltsen,18th Century,69
2392,Lobzang Dorje,18th Century,69
2987,Kundrol Drakpa,18th Century,69
8609,Jikdrel Tutob Dorje,18th Century,69
8616,Jangchub Dorje,18th Century,69
13169,Sonam Tseten,18th Century,69
13197,Chowang Dorje Dzinpa,18th Century,69
13217,Ngawang Rinchen,18th Century,69
13221,Dampa Lodro Gyeltsen,18th Century,69
13225,Tokden Yungdrung Gyeltsen,18th Century,69
9590,Changlung Pelchen Namkha Jigme,18th Century,69
5485,Jampel Tsultrim,18th Century,69
3008,Lobzang Chokyi Nyima,18th Century,69
8343,Sherab Gyeltsen,18th Century,69
2436,Lobzang Dondrub,18th Century,69
7069,Lobzang Tenpai Dronme,18th Century,69
13507,Rinchen Peldzom,18th Century,69
11972,Lodro Gyatso,18th Century,69
13203,Gendun Konchok Lobzang Tendzin,18th Century,69
13615,Tamdrin Wangmo,18th Century,69
4494,Lobzang Drime,18th Century,69
2399,Yeshe Kelzang,18th Century,69
9383,Gyurme Tekchok Tendzin,18th Century,69
2787,Jamyang Khyenrab Gyatso,18th Century,69
9361,Lobzang Trinle,18th Century,69
4622,Jigme Ngotsar Gyatso,18th Century,69
4611,Zhabkar Tsokdruk Rangdrol,18th Century,69
5871,Tsangyang Gyatso,18th Century,69
3883,Pema Rangdol,18th Century,69
5729,Sumpa Khenpo Yeshe Peljor,18th Century,69
7473,Gonbujab,18th Century,69
6668,Nyima Drakpa,18th Century,69
13094,Ngawang Trinle Pelzang,18th Century,69
4631,Ngulchu Dharmabhadra,18th Century,69
7815,Shakya Rinchen,18th Century,69
5457,Jigme Lingpa,18th Century,69
10832,Namkha Wosel,18th Century,69
4676,Jigme Trinle Wozer,18th Century,69
6548,Taktsang Lobzang Rabten,18th Century,69
8782,Shākya Shrī,18th Century,69
6526,Ngawang Chokden,18th Century,69
5901,Gendun Tsultrim,18th Century,69
13124,Jigme Kundrol Namgyel,18th Century,69
6646,Jamyang Zhepai Dorje,18th Century,69
5338,Ngawang Tendar,18th Century,69
13688,Khamtrul Sherab Mebar,18th Century,69
3782,Jigme Tenpai Gyatso,18th Century,69
8578,Pema Kundrol Namgyel,18th Century,69
5805,Polhane Sonam Tobgye,18th Century,69
7874,Shakya Tendzin,18th Century,69
12403,Tsultrim Nyima,18th Century,69
7525,Lobzang Tsondru,18th Century,69
8539,Gyelse Sonam Deutsen,18th Century,69
5306,Doring Tenzin Peljor,18th Century,69
8892,Karma Gyurme Ngedon Tendzin,18th Century,69
2639,Karma Ngedon Tendzin Trinle Rabgye,18th Century,69
2640,Karma Ngelek Tendzin Trinle Rabgye,18th Century,69
11246,Karma Tashi,18th Century,69
3049,Lobzang Tenpai Gyeltsen,18th Century,69
3061,Lobzang Tubten Gelek Gyeltsen,18th Century,69
6045,Ngawang Jamyang Tashi,18th Century,69
3134,Ngawang Jamyang Tenzin Gyatso,18th Century,69
6982,Ngawang Sanggye Pelzang,18th Century,69
10394,Ngawang Tubten Kelzang Tenpai Dronme,18th Century,69
6349,Tenzin Rinchen,18th Century,69
6185,Tenzin Trinle,18th Century,69
2996,Konchok Jigme Wangpo,18th Century,69
8631,Chopa Lugu,18th Century,69
9690,Lobzang Tendzin Gyatso,18th Century,69
2819,Yeshe Tardo,18th Century,69
13740,Gyelpo Zhabdrung,18th Century,69
7582,Pema Norbu,18th Century,69
13838,Jangchub Nyima,18th Century,69
13841,Karma Jangchub Gyelpo,18th Century,69
13839,Drubgyud Tulku,18th Century,69
2409,Namkha Sengge,18th Century,69
4249,Kunga Tashi,18th Century,69
4691,Gyurme Tsewang Chokdrub,18th Century,69
13690,Khangchenne Sonam Gyelpo,18th Century,69
3783,Jigme Tenpai Gonpo,18th Century,69
7107,Ngawang Tenpai Gyeltsen,18th Century,69
5371,Jangchub Chopel,18th Century,69
6493,Ngawang Trinle Gyatso,18th Century,69
5436,Gendun Trinle Rabgye,18th Century,69
8584,Wosel Dorje Nyingpo,18th Century,69
8580,Choying Dorje,18th Century,69
2118,Kunzang Ngedon Wangpo,18th Century,69
8562,Jigme Rigdzin Gonpo,18th Century,69
8630,Pelden Dorje,18th Century,69
13175,Ngawang Trinle Pelzang,18th Century,69
13533,Yangchen Drolma,18th Century,69
13855,Tenzin Nyida,18th Century,69
9764,Ngawang Chokyi Gyatso,18th Century,69
5151,Orgyen Samten,18th Century,69
2720,Sonam Puntsok,18th Century,69
13878,Pema Chozin,18th Century,69
13877,Pema Chodzom,18th Century,69
11245,Karma Lhawang,18th Century,69
2788,Jigme Trinle Gyatso,19th Century,73
4727,Konchok Tenpai Gyeltsen,19th Century,73
5415,Ngawang Nyendrak,19th Century,73
3274,Jampa Gyatso,19th Century,73
13103,Lobzang Chokle Namgyel,19th Century,73
6535,Jigme Tenpai Nyima,19th Century,73
8563,Jigme Yonten Gonpo,19th Century,73
9646,Tubten Chokyi Dorje,19th Century,73
3020,Mingyur Namkhai Dorje,19th Century,73
4986,Namkha Chokyi Gyatso,19th Century,73
13104,Lobzang Jampel Tendzin Namgyel,19th Century,73
4524,Lobzang Chodrak Gyatso,19th Century,73
6634,Lobzang Trinle Gyatso,19th Century,73
3414,Lobzang Jampa,19th Century,73
2238,Lobzang Trinle Gyatso,19th Century,73
6818,Jigme Samdrub Gyatso,19th Century,73
6110,Konchok Tenpai Gyatso,19th Century,73
5932,Lobzang Gelek,19th Century,73
2456,Khyenrab Yonten Gyatso,19th Century,73
9049,Lobzang Gyeltsen,19th Century,73
9051,Yeshe Wangden,19th Century,73
3074,Konchok Gyeltsen,19th Century,73
3977,Giteng Lobzang Pelden,19th Century,73
13163,Tenpai Nyima,19th Century,73
8860,Khetsun Gyatso,19th Century,73
5164,Peljor Gyatso,19th Century,73
9884,Pema Tekchok Tenpai Gyeltsen,19th Century,73
11491,Sonam Gelek,19th Century,73
11489,Kelden Gyatso,19th Century,73
3734,Lobzang Tenpai Nyima,19th Century,73
11490,Dorje Rabten,19th Century,73
11445,Konchok Drakpa,19th Century,73
6536,Jigme Rigpai Sengge,19th Century,73
8184,Lobzang Chodar,19th Century,73
4720,Drakpa Gyeltsen,19th Century,73
3769,Konchok Sengge,19th Century,73
6025,Jigme Gyeltsen,19th Century,73
5910,Konchok Gyepai Lodro,19th Century,73
3080,Konchok Chopel,19th Century,73
2974,Shingza Paṇḍita Lobzang Dargye Gyatso,19th Century,73
11435,Jigme Lodro,19th Century,73
13146,Orgyen Gelek Namgyel,19th Century,73
11443,Sonam Jinpa,19th Century,73
5048,Konchok Zangpo,19th Century,73
13180,Name Unknown,19th Century,73
7172,Lobzang Tashi Trinle Gyatso,19th Century,73
6929,Jigme Tubten Nyima,19th Century,73
5328,Yeshe Lobzang Tenpai Gonpo,19th Century,73
4163,Ngawang Pelden Chokyi Gyeltsen,19th Century,73
12785,Japa Dongak Gyatso,19th Century,73
9588,Tubten Nyendrak,19th Century,73
13202,Lobzang Khechok,19th Century,73
13204,Demchok Dorje,19th Century,73
13228,Gyurme Tekchok Tenpa Namgyel,19th Century,73
5902,Shedrub Gyatso,19th Century,73
4665,Bipa Mipam Dawa,19th Century,73
5410,Lobzang Tsultrim Gyatso,19th Century,73
4730,Konchok Tenpai Dronme,19th Century,73
13189,Kelzang Pema Wanggyel,19th Century,73
6498,Lobzang Khyenrab Wangchuk,19th Century,73
9053,Lhundrub Tsondru,19th Century,73
13425,Kontse Tsewang Dondrub,19th Century,73
13426,Lobzang Nyendrak,19th Century,73
13427,Puntsok Tsewang,19th Century,73
13453,Getse Pema,19th Century,73
13454,Gyurme Tenpel Chozang,19th Century,73
4469,Lungtok Gyatso,19th Century,73
4314,Tsultrim Gyatso,19th Century,73
4259,Khedrub Gyatso,19th Century,73
7272,Bamda Gelek,19th Century,73
4285,Jigme Chokyi Wangchuk,19th Century,73
3989,Dechen Nyingpo,19th Century,73
5041,Gelek Namgyel,19th Century,73
11427,Sonam Chopel,19th Century,73
13191,Kunzang Gyurme Lhundrub,19th Century,73
2495,Sherab Gyatso,19th Century,73
8397,Yeshe Ngodrub,19th Century,73
13070,Rinchen Lekdrub,19th Century,73
5166,Garwang Chokyi Gyeltsen,19th Century,73
9442,Orgyen Tendzin Gyatso,19th Century,73
8574,Drodul Pawo Dorje,19th Century,73
13110,Lobzang Chopel,19th Century,73
11279,Kunzang Gyurme,19th Century,73
11277,Tashi Puntsok,19th Century,73
8126,Pema Nyinje Wangpo,19th Century,73
13559,Lhagyari Zilnon Wangchuk,19th Century,73
13558,Lhagyari Tsering Pelbar,19th Century,73
12865,Lhagyari Dechen Trinle Rolpa,19th Century,73
6350,Jigme Topgye,19th Century,73
11796,Tseten Chodzom,19th Century,73
10412,Mingyur Pende Gyatso,19th Century,73
4402,Yangchen Drupai Dorje,19th Century,73
2506,Tubten Jigme Gyatso,19th Century,73
6198,Jamyang Tubten Nyima,19th Century,73
6928,Lobzang Lungrik Nyima,19th Century,73
7170,Lobzang Tashi Rabgye,19th Century,73
4077,Lobzang Jangchub Tenpei Dronme,19th Century,73
5381,Jamyang Monlam,19th Century,73
5360,Lobzang Gyeltsen Sengge,19th Century,73
2943,Konchok Gyatso,19th Century,73
3784,Lobzang Jigme Pelden Tenpai Nyima,19th Century,73
11866,Chime Tenpai Nyima,19th Century,73
3733,Tubten Jigme Kelzang,19th Century,73
6419,Tubten Jigme Gyatso,19th Century,73
3735,Lobzang Jigme Tsultrim Gyatso,19th Century,73
13167,Lobzang Dogyu Yeshe,19th Century,73
10815,Gaton Ngawang Lekpa,19th Century,73
11352,Jangchub Tsondru,19th Century,73
13574,Yeshe Tendzin,19th Century,73
9523,Lobzang Jigme Namkha,19th Century,73
2237,Kelzang Jigme Namkha,19th Century,73
8757,Dongak Chokyi Nyima,19th Century,73
7162,Ngawang Khedrub,19th Century,73
10018,Rigdzin Pelchen Dupa,19th Century,73
4185,Jigme Tenpai Nyima,19th Century,73
13139,Ayu Khandro Dorje Peldron,19th Century,73
11444,Purtsa Khenpo Akon,19th Century,73
6979,Ngawang Jampel Tsultrim Gyatso,19th Century,73
2339,Jampel Gyatso,19th Century,73
5317,Ngawang Chopel,19th Century,73
7870,Jampa Chodrak,19th Century,73
10561,Yungdrung Puntsok,19th Century,73
8754,Dongak Tendzin,19th Century,73
13510,Agvan Dorjiev,19th Century,73
4228,Mipam Gyatso,19th Century,73
7732,Dola Jigme Kelzang,19th Century,73
7551,Orgyen Tendzin Norbu,19th Century,73
7559,Tubten Kelzang Gyatso,19th Century,73
8566,Jampel Dorje,19th Century,73
8585,Jangchub Chokyi Nyima,19th Century,73
8600,Jigme Dorje,19th Century,73
13123,Jigme Tenpai Gyeltsen,19th Century,73
13147,Drubwang Drakpa Gyeltsen,19th Century,73
10372,Lama Monlam Rabzang,19th Century,73
4278,Jangchub Namkha,19th Century,73
4279,Lobzang Tsultrim,19th Century,73
4277,Yeshe Chopel,19th Century,73
8609,Jikdrel Tutob Dorje,19th Century,73
13179,Lobzang Khedrub Nyima,19th Century,73
13181,Tubten Tsultrim Gyatso,19th Century,73
8618,Kunzang Pema Trinle,19th Century,73
8633,Hor Donyon Rinpoche,19th Century,73
9050,Tubten Nyinje,19th Century,73
9056,Lobzang Nyendrak Gyatso,19th Century,73
9589,Chime Yeshe,19th Century,73
6470,Minyak Kunzang Sonam,19th Century,73
5485,Jampel Tsultrim,19th Century,73
8675,Nangdze Dorje,19th Century,73
3793,Lobzang Dondrub Gyatso,19th Century,73
3794,Ngawang Jigme Khenrab Tendzin Trinle,19th Century,73
6978,Ngawang Lobzang Tenpai Gyeltsen,19th Century,73
7182,Lobzang Lhundrub,19th Century,73
8355,Jigme Norbu,19th Century,73
8343,Sherab Gyeltsen,19th Century,73
9171,Choden Zangmo,19th Century,73
4125,Nyakla Pema Dudul,19th Century,73
13188,Gyelse Tsewang Gyurme,19th Century,73
13203,Gendun Konchok Lobzang Tendzin,19th Century,73
13201,Lobzang Gyatso,19th Century,73
13613,Nene Metokma,19th Century,73
13615,Tamdrin Wangmo,19th Century,73
13588,Danzan Ravjaa,19th Century,73
3877,Longdol Lama Ngawang Lobzang,19th Century,73
9593,Kunzang Pelden,19th Century,73
3296,Gendun Tendzin Gyatso,19th Century,73
4141,Trinle Gyatso,19th Century,73
13560,Lhagyari Tri Songwanggyel,19th Century,73
8538,Lerab Lingpa,19th Century,73
13072,Gara Lama Sonam Rabten,19th Century,73
10315,Jampa Jungne,19th Century,73
9935,Tubten Chowang Nyamnyi Dorje,19th Century,73
2787,Jamyang Khyenrab Gyatso,19th Century,73
4622,Jigme Ngotsar Gyatso,19th Century,73
7879,Jamyang Tenpai Nyima,19th Century,73
4611,Zhabkar Tsokdruk Rangdrol,19th Century,73
13098,Ngawang Pelden Gyeltsen Chokyi Wangchuk,19th Century,73
13099,Ngawang Tenpai Jungne Trinle Chokyi Gyeltsen,19th Century,73
4358,Jamgon Kongtrul Lodro Taye,19th Century,73
10617,Rigpai Reltri,19th Century,73
4659,Sengdruk Pema Tashi,19th Century,73
6353,Konchok Damcho Gyatso,19th Century,73
4631,Ngulchu Dharmabhadra,19th Century,73
29,Lobzang Tendzin Chokyi Wangchuk,19th Century,73
13143,Orgyen Tenpai Nyinje,19th Century,73
8625,Drime Wosel Lingpa,19th Century,73
4987,Jigme Choying Wosel,19th Century,73
5078,Gyurme Wosel,19th Century,73
9601,Gyelse Zhenpen Taye Wozer,19th Century,73
4676,Jigme Trinle Wozer,19th Century,73
8624,Tubten Gyeltsen Wozer,19th Century,73
5024,Ngawang Norbu,19th Century,73
8782,Shākya Shrī,19th Century,73
13142,Tenpai Nyima,19th Century,73
5490,Lobzang Tenpai Gyeltsen,19th Century,73
8181,Chokgyur Lingpa,19th Century,73
9622,Khenpo Zhenga Zhenpen Chokyi Nangwa,19th Century,73
5901,Gendun Tsultrim,19th Century,73
9594,Kunga Pelden,19th Century,73
13561,Lhagyari Namgyel Wangchuk,19th Century,73
9305,Tsarong Wangchuk Gyalpo,19th Century,73
12741,Nyiga Kunga Nyima,19th Century,73
13124,Jigme Kundrol Namgyel,19th Century,73
5044,Tsering Norbu,19th Century,73
8617,Sonam Dorje,19th Century,73
7881,Jamyang Tenzin Gyatso,19th Century,73
13519,Nyigyel Pangdatsang,19th Century,73
12553,Dampa Rinpoche Ngawang Lodro Zhenpen Nyingpo,19th Century,73
5338,Ngawang Tendar,19th Century,73
4282,Lobzang Gyeltsen,19th Century,73
13659,Tokden Orgyen Tenzin,19th Century,73
2730,Karma Shedrub Chokyi Sengge,19th Century,73
13692,Konchok Peldron,19th Century,73
13653,Jamyang Chokyi Wangpo,19th Century,73
13688,Khamtrul Sherab Mebar,19th Century,73
13677,Ngawang Nyima,19th Century,73
4280,Lobzang Tsultrim Pelden,19th Century,73
4000,Pema Vajra Jampel Tenpai Ngodrub,19th Century,73
8,Pelden Chime Takpai Dorje,19th Century,73
13699,Ngawang Jampel Rinchen,19th Century,73
13700,Dorje Sengge,19th Century,73
4206,Ngawang Norbu,19th Century,73
9301,Shatra Peljor Dorje,19th Century,73
12500,Dezhung Chopel Jamyang Kunga Namgyel,19th Century,73
5897,Amdo Geshe Jampel Rolpai Lodro,19th Century,73
2418,Ngawang Lobzang,19th Century,73
2758,Kelzang Tubten Wangchuk,19th Century,73
13720,Khangsar Yangchen Drolma,19th Century,73
12403,Tsultrim Nyima,19th Century,73
7525,Lobzang Tsondru,19th Century,73
11790,Surkhang Wangchen Tseten,19th Century,73
5306,Doring Tenzin Peljor,19th Century,73
8610,Jikdrel Chokyi Langpo,19th Century,73
8892,Karma Gyurme Ngedon Tendzin,19th Century,73
2639,Karma Ngedon Tendzin Trinle Rabgye,19th Century,73
3730,Kelzang Jamyang Gyatso,19th Century,73
1901,Kunga Chopak Tubten Nyima,19th Century,73
10961,Hortsun Tenzin Lodro Gyatso,19th Century,73
4272,Jigme Puntsok Jungne,19th Century,73
2469,Lobzang Chopel Gyatso,19th Century,73
7171,Lobzang Tashi Tenpai Gyeltsen,19th Century,73
2393,Lobzang Tsultrim Jigme Gyatso,19th Century,73
2527,Ngawang Chokdrub Tenpai Gyeltsen,19th Century,73
6045,Ngawang Jamyang Tashi,19th Century,73
4380,Ngawang Lobzang Tenpai Gyeltsen,19th Century,73
6099,Ngawang Tendzin Gyatso,19th Century,73
10394,Ngawang Tubten Kelzang Tenpai Dronme,19th Century,73
6334,Rinchen Tendzin Trinle Dorje,19th Century,73
6349,Tenzin Rinchen,19th Century,73
10415,Tenzin Trinle Wangchuk,19th Century,73
6333,Tsewang Sonam Tobgyel,19th Century,73
13122,Jigme Drodon Dorje,19th Century,73
13738,Konchok Stanzin Damchos Gyurmed,19th Century,73
9343,Dokhar Tsewang Norbu,19th Century,73
4302,Ngawang Yeshe Tubten,19th Century,73
11426,Tubten Nyinje Gyeltsen,19th Century,73
11488,Pema Sheja,19th Century,73
13747,Chime Dorje,19th Century,73
13749,Tersey Tulku,19th Century,73
13679,Ga Lama Gendun Zangpo,19th Century,73
2819,Yeshe Tardo,19th Century,73
13750,Tashi Chime,19th Century,73
12100,Tsultrim Wangmo,19th Century,73
11883,Tamdrin Wangmo,19th Century,73
13748,Lama Sangngak,19th Century,73
7297,Damcho Tsomo,19th Century,73
13187,Tsewang Lhamo,19th Century,73
3822,Tubten Chokyi Nyima,19th Century,73
13787,Sonam Sengge Wangchuk,19th Century,73
13803,Nun of the Cemeteries,19th Century,73
12745,Ngawang Lodro Nyingpo,19th Century,73
13796,Wara Zhabdrung Jamyang Namkha Gyeltsen,19th Century,73
13797,Tartse Zhabdrung Namkha Zangpo,19th Century,73
13795,Wara Zhabdrung Tenpai Nyima,19th Century,73
2945,Sungrab Gyatso,19th Century,73
13793,Jampa Ngawang Kunga Chopel,19th Century,73
13647,Jamyang Kunzang Tenpai Gyeltsen,19th Century,73
13798,Nyendrak Tarpa,19th Century,73
12613,Ngawang Lodro Rinchen,19th Century,73
4310,Jampa Kunga Tenzin,19th Century,73
13812,Pelling Ani Wangdzin,19th Century,73
9612,Do Khyentse Yeshe Dorje,19th Century,73
3785,Ngawang Lobzang Jigme Tenpai Gyeltsen,19th Century,73
13817,Gonpo Wanggyel,19th Century,73
9172,Chonyi Wangmo,19th Century,73
13823,Khenpo Lobzang Puntsok,19th Century,73
13825,Ngawang Tashi Dechen Dorje,19th Century,73
13686,Samten Gyatso,19th Century,73
13841,Karma Jangchub Gyelpo,19th Century,73
13839,Drubgyud Tulku,19th Century,73
13840,Drubgyud Tulku,19th Century,73
9895,Khenpo Ngawang Pelzang,19th Century,73
9287,Langdun Kunga Rinchen,19th Century,73
9355,Pema Vajra,19th Century,73
13166,Ngawang Dogyu Yonten Rabgye,19th Century,73
3307,Tubten Gyatso,19th Century,73
4691,Gyurme Tsewang Chokdrub,19th Century,73
11158,Jampa Rinchen Khyentse Wangpo,19th Century,73
11428,Yilhung Sonam Namgyel,19th Century,73
5371,Jangchub Chopel,19th Century,73
8584,Wosel Dorje Nyingpo,19th Century,73
8861,Gendun Tenzin Norbu,19th Century,73
10203,Ngawang Khyenrab Jampel Nyingpo,19th Century,73
8580,Choying Dorje,19th Century,73
2118,Kunzang Ngedon Wangpo,19th Century,73
8562,Jigme Rigdzin Gonpo,19th Century,73
8630,Pelden Dorje,19th Century,73
13175,Ngawang Trinle Pelzang,19th Century,73
11258,Jampel Dorje,19th Century,73
8603,Zhenpen Dorje,19th Century,73
9055,Drakpa Dondrub,19th Century,73
9057,Lobzang Jinpa,19th Century,73
9058,Jamyang Damcho,19th Century,73
9059,Tsultrim Dargye,19th Century,73
10673,Kunzang Tenpai Nyinje,19th Century,73
11487,Rigdzin Zangpo,19th Century,73
10678,Kunzang Jampa Sengge,19th Century,73
8567,Drodul Tobden Lingpa,19th Century,73
13157,Gyakob Tulku Kunzang,19th Century,73
13612,Kunzang Chokyi Drolma,19th Century,73
3627,Khaying Drolma,19th Century,73
13794,Sonam Drolma,19th Century,73
9764,Ngawang Chokyi Gyatso,19th Century,73
13856,Kelzang Choying Gyatso,19th Century,73
13857,Tubten Woden,19th Century,73
3436,Losel Drolma,19th Century,73
13861,Karma Ngawang Drakpa Chokdrub,19th Century,73
7254,Gyurme Tenpa Namgyel,19th Century,73
9083,Apang Terton,19th Century,73
8592,Tsewang Rigdzin Gyatso,19th Century,73
9688,Dudjom Lingpa,19th Century,73
13617,Khordong Terchen Nuden Dorje,19th Century,73
13788,Chime Dolkar,19th Century,73
13850,Khandro Bumo Trinle Peldron,19th Century,73
4291,Jamyang Khyentse Wangpo,19th Century,73
12982,Polu Khenpo Dorje,19th Century,73
13879,Khordong Choktrul Gyurme Dorje,19th Century,73
4425,Patrul Rinpoche,19th Century,73
8753,Jamyang Sherab Chokyi Nangwa,19th Century,73
11245,Karma Lhawang,19th Century,73
8752,Ngawang Lodro Drakpa,20th Century,77
3889,Jigme Damcho Gyatso,20th Century,77
2788,Jigme Trinle Gyatso,20th Century,77
13101,Jampel Kelzang Jigme Chokyi Gyeltsen,20th Century,77
13100,Lobzang Trinle Namgyel,20th Century,77
9646,Tubten Chokyi Dorje,20th Century,77
13151,Konchok Tenpai Nyima,20th Century,77
11432,Guru Tsewang,20th Century,77
2521,Lobzang Trinle Lungtok Gyatso,20th Century,77
2235,Kelzang Lungrik Gyatso,20th Century,77
2456,Khyenrab Yonten Gyatso,20th Century,77
9049,Lobzang Gyeltsen,20th Century,77
9051,Yeshe Wangden,20th Century,77
8575,Jigme Dechen Dorje,20th Century,77
3977,Giteng Lobzang Pelden,20th Century,77
13163,Tenpai Nyima,20th Century,77
9884,Pema Tekchok Tenpai Gyeltsen,20th Century,77
11435,Jigme Lodro,20th Century,77
4478,Orgyen Trinle Dorje,20th Century,77
13177,Lobzang Jigme Tendzin Gyatso,20th Century,77
13178,Tubten Lungrik Gyatso,20th Century,77
5048,Konchok Zangpo,20th Century,77
9203,Yonten Gonpo,20th Century,77
10169,Jikdrel Jangchub Dorje,20th Century,77
7945,Dongak Chokyi Gyatso,20th Century,77
9929,Khenpo Munsel,20th Century,77
1902,Kelzang Lodro Kunga Lungtok Gyatso,20th Century,77
7169,Lobzang Shedrub Gyatso,20th Century,77
11417,Sanggye Tsepel,20th Century,77
5122,Tsering Chojor,20th Century,77
9588,Tubten Nyendrak,20th Century,77
7937,Lobzang Pelden Gyatso,20th Century,77
11003,Jampel Gyepai Dorje,20th Century,77
13204,Demchok Dorje,20th Century,77
13227,Gyurme Pema Tekchok,20th Century,77
8596,Gyurme Kelzang Tobgyel Dorje,20th Century,77
9703,Tenpa Tsering,20th Century,77
13149,Konchok Jigme Wangpo,20th Century,77
9053,Lhundrub Tsondru,20th Century,77
10482,Lama Pema Tsewang,20th Century,77
13455,Gyurme Tubten Nyinje,20th Century,77
7272,Bamda Gelek,20th Century,77
4285,Jigme Chokyi Wangchuk,20th Century,77
3989,Dechen Nyingpo,20th Century,77
11427,Sonam Chopel,20th Century,77
12906,Tubten Trinle Gyatso,20th Century,77
8397,Yeshe Ngodrub,20th Century,77
4642,Sherab Gyatso,20th Century,77
9442,Orgyen Tendzin Gyatso,20th Century,77
10146,Tubten Tsondru,20th Century,77
13546,Lo Gendun Sadutshang,20th Century,77
13548,Wangchuk Dorje Sadutshang,20th Century,77
11279,Kunzang Gyurme,20th Century,77
13562,Lhagyari Tobjor Wangchuk,20th Century,77
13563,Lhagyari Jigme Wangchuk,20th Century,77
6331,Pema Wangchuk,20th Century,77
11796,Tseten Chodzom,20th Century,77
6395,Tsunma Yulha,20th Century,77
4077,Lobzang Jangchub Tenpei Dronme,20th Century,77
8651,Khandro Tāre Lhamo,20th Century,77
2943,Konchok Gyatso,20th Century,77
8536,Jamyang Gyeltsen,20th Century,77
3735,Lobzang Jigme Tsultrim Gyatso,20th Century,77
3738,Lobzang Tubten Lungtok Shedrub Gyatso,20th Century,77
3739,Lobzang Jangchub Tendzin Gyatso,20th Century,77
10815,Gaton Ngawang Lekpa,20th Century,77
2948,Jigme Rigpai Lodro,20th Century,77
8757,Dongak Chokyi Nyima,20th Century,77
11278,Shedrub Gyatso,20th Century,77
10018,Rigdzin Pelchen Dupa,20th Century,77
4185,Jigme Tenpai Nyima,20th Century,77
13139,Ayu Khandro Dorje Peldron,20th Century,77
11603,Jazi Amnye Drodul Pema Garwang Lingpa,20th Century,77
13111,Jampa Taye,20th Century,77
7870,Jampa Chodrak,20th Century,77
13510,Agvan Dorjiev,20th Century,77
4228,Mipam Gyatso,20th Century,77
13105,Lobzang Namgyel Tendzin Lhundrub,20th Century,77
8566,Jampel Dorje,20th Century,77
13148,Konchok Tenpai Gyeltsen,20th Century,77
10372,Lama Monlam Rabzang,20th Century,77
13181,Tubten Tsultrim Gyatso,20th Century,77
13186,Pema Trinle,20th Century,77
8618,Kunzang Pema Trinle,20th Century,77
9050,Tubten Nyinje,20th Century,77
9056,Lobzang Nyendrak Gyatso,20th Century,77
9589,Chime Yeshe,20th Century,77
2419,Dungkar Lobzang Trinle,20th Century,77
13128,Tekchok Tenpai Gyeltsen,20th Century,77
3794,Ngawang Jigme Khenrab Tendzin Trinle,20th Century,77
6978,Ngawang Lobzang Tenpai Gyeltsen,20th Century,77
9171,Choden Zangmo,20th Century,77
3770,Tamdrin Lhamo,20th Century,77
13613,Nene Metokma,20th Century,77
13520,Nyima Pangdatsang,20th Century,77
9593,Kunzang Pelden,20th Century,77
3296,Gendun Tendzin Gyatso,20th Century,77
13162,Garwang Lerab Lingpa,20th Century,77
8538,Lerab Lingpa,20th Century,77
13072,Gara Lama Sonam Rabten,20th Century,77
10315,Jampa Jungne,20th Century,77
9935,Tubten Chowang Nyamnyi Dorje,20th Century,77
9945,Choying Khyabdel,20th Century,77
11741,Khenchen Dazer,20th Century,77
13120,Drodul Dorji Tenzin,20th Century,77
7879,Jamyang Tenpai Nyima,20th Century,77
7613,Dondrub Gyel,20th Century,77
9585,Pema Tekchok Loden,20th Century,77
13099,Ngawang Tenpai Jungne Trinle Chokyi Gyeltsen,20th Century,77
13143,Orgyen Tenpai Nyinje,20th Century,77
8625,Drime Wosel Lingpa,20th Century,77
5078,Gyurme Wosel,20th Century,77
5117,Konchok Yeshe Wozer,20th Century,77
13171,Lobzang Tubten Jigme Tsultrim Gyatso,20th Century,77
5024,Ngawang Norbu,20th Century,77
13127,Ngawang Tenzin Gyatso,20th Century,77
13150,Zhonnu Lodro,20th Century,77
13176,Lobzang Shedrub Tendzin Gyatso,20th Century,77
5490,Lobzang Tenpai Gyeltsen,20th Century,77
8650,Namtrul Jigme Puntsok,20th Century,77
9622,Khenpo Zhenga Zhenpen Chokyi Nangwa,20th Century,77
3866,Gendun Chopel,20th Century,77
2949,Muge Samten Gyatso,20th Century,77
12180,Karma Rangjung Kunkhyab,20th Century,77
9594,Kunga Pelden,20th Century,77
13561,Lhagyari Namgyel Wangchuk,20th Century,77
13564,Lhagyari Kelzang Nyendrak,20th Century,77
9305,Tsarong Wangchuk Gyalpo,20th Century,77
276,Lhagyari Namgyel Gyatso,20th Century,77
13522,Tobgyal Pangdatsang,20th Century,77
13523,Lobzang Yampel Pangdatsang,20th Century,77
13521,Rapga Pangdatsang,20th Century,77
3955,Khyenrab Norbu,20th Century,77
4820,Druk Khenpo Ngawang Yonten Gyatso,20th Century,77
12741,Nyiga Kunga Nyima,20th Century,77
5044,Tsering Norbu,20th Century,77
5121,Chonam,20th Century,77
8629,Pema Trinle,20th Century,77
8906,Karma Chopel,20th Century,77
2541,Takla Norbu,20th Century,77
7881,Jamyang Tenzin Gyatso,20th Century,77
7929,Tsarong Dasang Damdul,20th Century,77
2784,Lobzang Jamyang Yeshe Tenpai Gyeltsen,20th Century,77
13598,Yangchen Lhamo,20th Century,77
13549,Lo Nyendrak Sadutshang,20th Century,77
9983,Tsongkha Lhamo Tsering,20th Century,77
13519,Nyigyel Pangdatsang,20th Century,77
12553,Dampa Rinpoche Ngawang Lodro Zhenpen Nyingpo,20th Century,77
10083,Sera Khandro Kunzang Dekyong Wangmo,20th Century,77
4282,Lobzang Gyeltsen,20th Century,77
13082,Kyabje Yongdzin Tsultrim Gyeltsen,20th Century,77
13659,Tokden Orgyen Tenzin,20th Century,77
2730,Karma Shedrub Chokyi Sengge,20th Century,77
11385,Rangjung Rigpai Dorje,20th Century,77
13687,Lobzang Mingyur Dorje,20th Century,77
13692,Konchok Peldron,20th Century,77
13653,Jamyang Chokyi Wangpo,20th Century,77
13677,Ngawang Nyima,20th Century,77
13684,Ani Trinle Chodron,20th Century,77
13666,Pawo Wangchuk Tengpa Lobzang Nyima,20th Century,77
13648,Sindrang Yab Gomchen Dorje Lopen Chewang Rinzin Tagchungdarpa,20th Century,77
13655,Pelgon Trinle Rabten,20th Century,77
4000,Pema Vajra Jampel Tenpai Ngodrub,20th Century,77
3485,Do Dasel Wangmo,20th Century,77
13698,Samten Gyatso,20th Century,77
13699,Ngawang Jampel Rinchen,20th Century,77
13700,Dorje Sengge,20th Century,77
11290,Jigme Tsewang Dudul,20th Century,77
13702,Orgyen Kyab,20th Century,77
13703,Jamyang Pelmo,20th Century,77
12096,Sanggye Tendzin,20th Century,77
3152,Shukseb Jetsun Choying Zangmo,20th Century,77
13701,Jago Tobden,20th Century,77
9301,Shatra Peljor Dorje,20th Century,77
8507,Chokyi Wozer,20th Century,77
12500,Dezhung Chopel Jamyang Kunga Namgyel,20th Century,77
13707,Tubten Gyeltsen,20th Century,77
2069,Rinchen Dorje,20th Century,77
12743,Damcho Wozer,20th Century,77
12742,Khyenrab Sengge,20th Century,77
5897,Amdo Geshe Jampel Rolpai Lodro,20th Century,77
11798,Yuthok Dorje Yudon,20th Century,77
12171,Lobzang Dorje,20th Century,77
2418,Ngawang Lobzang,20th Century,77
2423,Surkhang Wangchen Gelek,20th Century,77
2758,Kelzang Tubten Wangchuk,20th Century,77
13720,Khangsar Yangchen Drolma,20th Century,77
13721,Drayab Tubten Zangpo,20th Century,77
13722,Drumpa Namgyel Gyeltsen,20th Century,77
13725,Lhalung Gyeltsen Tarchin,20th Century,77
13625,Tsarong Pema Dolkar,20th Century,77
10093,Botrul Dongak Tenpai Nyima,20th Century,77
9333,Yuthok Tashi Dhondup,20th Century,77
11790,Surkhang Wangchen Tseten,20th Century,77
5894,Tubten Lhundrub,20th Century,77
13611,K. Dhondup,20th Century,77
13689,Chime Rigdzin,20th Century,77
9712,Gendun Tendzin Gyeltsen,20th Century,77
10961,Hortsun Tenzin Lodro Gyatso,20th Century,77
7877,Jamyang Tenpai Gyeltsen,20th Century,77
8128,Jigme Tenpai Wangchuk,20th Century,77
7882,Jigme Tsultrim Namgyel,20th Century,77
2469,Lobzang Chopel Gyatso,20th Century,77
13550,Lobzang Tenzin Trinle Gyatso,20th Century,77
2393,Lobzang Tsultrim Jigme Gyatso,20th Century,77
3786,Lobzang Tubten Mipam Tsultrim Gyeltsen,20th Century,77
3795,Ngawang Trinle Tenzin Khyenrab,20th Century,77
6333,Tsewang Sonam Tobgyel,20th Century,77
10414,Tubten Wosel Tenpai Nyima,20th Century,77
13738,Konchok Stanzin Damchos Gyurmed,20th Century,77
13583,Tsarong Dundul Namgyal,20th Century,77
9343,Dokhar Tsewang Norbu,20th Century,77
8156,Kachen Lobzang Zotpa,20th Century,77
13744,Lama Chimpa Gyatso,20th Century,77
13747,Chime Dorje,20th Century,77
13749,Tersey Tulku,20th Century,77
13679,Ga Lama Gendun Zangpo,20th Century,77
11231,Chogyam Trungpa,20th Century,77
9990,Jamyang Khyentse Chokyi Lodro,20th Century,77
13719,Gyari Chime Drolma,20th Century,77
13750,Tashi Chime,20th Century,77
12100,Tsultrim Wangmo,20th Century,77
13748,Lama Sangngak,20th Century,77
13737,Ngawang Jungne,20th Century,77
13724,Sonam Dekyi,20th Century,77
7297,Damcho Tsomo,20th Century,77
13683,Jampa Gyeltsen Lhalungpa,20th Century,77
3822,Tubten Chokyi Nyima,20th Century,77
13787,Sonam Sengge Wangchuk,20th Century,77
13803,Nun of the Cemeteries,20th Century,77
10355,Kunga Tenpai Nyima,20th Century,77
12745,Ngawang Lodro Nyingpo,20th Century,77
13796,Wara Zhabdrung Jamyang Namkha Gyeltsen,20th Century,77
13152,Jikdrel Tsewang Dorje,20th Century,77
13708,Rigdzin Chodron,20th Century,77
13797,Tartse Zhabdrung Namkha Zangpo,20th Century,77
13795,Wara Zhabdrung Tenpai Nyima,20th Century,77
13246,Jamyang Kunzang Tubten Chokyi Gyeltsen,20th Century,77
13545,Rinchen Sadutshang,20th Century,77
2945,Sungrab Gyatso,20th Century,77
13793,Jampa Ngawang Kunga Chopel,20th Century,77
13647,Jamyang Kunzang Tenpai Gyeltsen,20th Century,77
13798,Nyendrak Tarpa,20th Century,77
12613,Ngawang Lodro Rinchen,20th Century,77
13789,Khyenrab Jigme Gyatso,20th Century,77
4310,Jampa Kunga Tenzin,20th Century,77
13811,Lama Gyurdrak,20th Century,77
13812,Pelling Ani Wangdzin,20th Century,77
12981,Pema Gargyi Wangchuk,20th Century,77
5120,Tenzin Chozang,20th Century,77
13806,Gepel Tulku Jamyang Kunga Chokyi Nyima,20th Century,77
12439,Tashi Yangphel Tashigang,20th Century,77
13693,Lobzang Wanggyel,20th Century,77
13817,Gonpo Wanggyel,20th Century,77
13790,Kelzang Chodron,20th Century,77
13791,Jampel Tenzin Dradul,20th Century,77
13249,Jampa Namkha Kunzang Tenpai Gyeltsen,20th Century,77
9172,Chonyi Wangmo,20th Century,77
13821,Gergan Konchok Sonam,20th Century,77
13823,Khenpo Lobzang Puntsok,20th Century,77
13824,Konchok Tokdrol,20th Century,77
13825,Ngawang Tashi Dechen Dorje,20th Century,77
2424,Horkhang Sonam Pelbar,20th Century,77
13810,Lama Dribdel,20th Century,77
13686,Samten Gyatso,20th Century,77
8612,Zong Lobzang Tsondru Tubten Gyeltsen,20th Century,77
13842,Drubgyud Tulku,20th Century,77
9895,Khenpo Ngawang Pelzang,20th Century,77
10457,Khenpo Jigme Puntsok,20th Century,77
11437,Jampel Namdrol Chokyi Gyeltsen,20th Century,77
13694,Tenzin Chodrak,20th Century,77
13628,Lobsang Phuntsok Lhalungpa,20th Century,77
12839,Tulku Urgyen,20th Century,77
13816,Pema Tseden,20th Century,77
7007,Thupten Lungtok Namgyal Trinley,20th Century,77
13596,Lungtok Tenpai Nyima,20th Century,77
4309,Lobzang Yeshe Tenzin Gyatso,20th Century,77
8177,Nyoshul Khenpo Jamyang Dorje,20th Century,77
8825,Dilgo Khyentse Tashi Peljor,20th Century,77
3307,Tubten Gyatso,20th Century,77
11158,Jampa Rinchen Khyentse Wangpo,20th Century,77
8972,Lekshe Chokyi Drayang,20th Century,77
11428,Yilhung Sonam Namgyel,20th Century,77
5099,Pema Tsewang Gyatso,20th Century,77
8861,Gendun Tenzin Norbu,20th Century,77
7876,Kelzang Khyenrab Gyatso,20th Century,77
12479,Tubten Lekshe Gyatso,20th Century,77
10203,Ngawang Khyenrab Jampel Nyingpo,20th Century,77
11258,Jampel Dorje,20th Century,77
8567,Drodul Tobden Lingpa,20th Century,77
13157,Gyakob Tulku Kunzang,20th Century,77
5115,Wozer Taye,20th Century,77
10676,Tubten Lodro Chokyi Gyeltsen,20th Century,77
13794,Sonam Drolma,20th Century,77
13704,Jago Tsewang Drolma,20th Century,77
13858,Sanggye Gyatso,20th Century,77
13859,Ngawang Tenpai Gyeltsen,20th Century,77
13860,Karma Zopa Zangpo,20th Century,77
13862,Lhatse Tulku,20th Century,77
13861,Karma Ngawang Drakpa Chokdrub,20th Century,77
7254,Gyurme Tenpa Namgyel,20th Century,77
13864,Akyong Wangpo,20th Century,77
13865,Aten,20th Century,77
13866,Kunzang Dorje,20th Century,77
13867,Ma Tenzin,20th Century,77
13868,Tenzin Gyatso,20th Century,77
13652,Ngawang Lobzang Thubstan Choknor,20th Century,77
9083,Apang Terton,20th Century,77
13654,Jamyang Khyentse Chokyi Wangchuk,20th Century,77
40,Acharya Sempa Dorje,20th Century,77
13805,Tseyang Sadutshang,20th Century,77
13843,Tseten Yudron,20th Century,77
13718,Khangsar Dechen Wangmo,20th Century,77
10019,Dudjom Rinpoche Jigdrel Yeshe Dorje,20th Century,77
13731,Golok Menpa,20th Century,77
13788,Chime Dolkar,20th Century,77
13809,Tsering Wangmo,20th Century,77
13745,Kunzang Tendron,20th Century,77
13850,Khandro Bumo Trinle Peldron,20th Century,77
13815,Delok Dawa Drolma,20th Century,77
13819,Kunzang Wangmo,20th Century,77
13820,Kunzang Dechen,20th Century,77
13828,Gyarong Khandro Dechen Wangmo,20th Century,77
12982,Polu Khenpo Dorje,20th Century,77
13879,Khordong Choktrul Gyurme Dorje,20th Century,77
13697,Tsering Chodron,20th Century,77
8753,Jamyang Sherab Chokyi Nangwa,20th Century,77
12439,Tashi Yangphel Tashigang,21st Century,81
13810,Lama Dribdel,21st Century,81
11437,Jampel Namdrol Chokyi Gyeltsen,21st Century,81
13816,Pema Tseden,21st Century,81
8972,Lekshe Chokyi Drayang,21st Century,81
40,Acharya Sempa Dorje,21st Century,81