Incarnation Name,Incarnation BDRC ID,Incarnation TOL ID,Parent lineage TOL ID,Preceding incarnation member TOL ID,Incarnation Sequence,Ordinal,Person BDRC ID,Person TOL ID,Branched Lineage,New Seat Established,Notes,,,,
Adzom Drukpa,R11MS152,1,,,1,1,P6002,8574,FALSE,,,,,,
Adzom Drukpa,R11MS152,1,,,2,2,P8099,10793,FALSE,,,,,,
Amchok,R8LS13083,2,,,1,1,P8LS12849,13760,FALSE,,,,,,
Amchok,R8LS13083,2,,,2,2,P2976,4727,FALSE,,,,,,
Amchok,R8LS13083,2,,,3,3,P1498,2787,FALSE,,,,,,
Amchok,R8LS13083,2,,,4,4,P8LS13082,13761,FALSE,,,,,,
Amdo Zhamar,R8LS13071,3,,,1,1,P1750,3064,FALSE,,,,,,
Amdo Zhamar,R8LS13071,3,,,2,2,P8LS12690,13175,FALSE,,,,,,
Amdo Zhamar,R8LS13071,3,,,3,3,P373,6099,FALSE,,,,,,
Amdo Zhamar,R8LS13071,3,,,4,4,P196,3296,FALSE,,,,,,
Amdo Zhamar,R8LS13071,3,,,5,5,P8LS12691,13176,FALSE,,,,,,
Amdo Zhamar,R8LS13071,3,,,6,6,P8LS12692,13177,FALSE,,,,,,
Amdo Zhamar,R8LS13071,3,,,7,7,P8LS12693,13757,FALSE,,,,,,
Belmang,R8LS13073,4,,,1,1,P3924,6312,FALSE,,,,,,
Belmang,R8LS13073,4,,,2,2,P176,3074,FALSE,,,,,,
Belmang,R8LS13073,4,,,3,3,P5367,7881,FALSE,,,,,,
Belmang,R8LS13073,4,,,4,4,P5368,7882,FALSE,,,,,,
Belmang,R8LS13073,4,,,5,5,P5369,7883,FALSE,,,,,,
Belmang Chungwa,,5,,,2,2,P1765,3080,FALSE,,,,,,
Chakra,R8LS12788,6,,,1,1,P2AG2,13095,FALSE,,,,,,
Chakra,R8LS12788,6,,,2,2,P2AG3,13096,FALSE,,,,,,
Chakra,R8LS12788,6,,,3,3,P2AG4,13097,FALSE,,,,,,
Chakra,R8LS12788,6,,,4,4,P8864,11618,FALSE,,,,,,
Chakra,R8LS12788,6,,,5,5,P2JM411,5137,FALSE,,,,,,
Chakra,R8LS12788,6,,,6,6,P2AG1,13094,FALSE,,,,,,
Chakra,R8LS12788,6,,,7,7,P2AG5,13098,FALSE,,,,,,
Chakra,R8LS12788,6,,,8,8,P2AG6,13099,FALSE,,,,,,
Chakra,R8LS12788,6,,,8,8,P2AG6,13099,FALSE,,,,,,
Chakra,R8LS12788,6,,,9,9,P2AG7,13100,FALSE,,,,,,
Chakra,R8LS12788,6,,,10,10,P2AG9,13101,FALSE,,,,,,
Chakri Nyidrak,R8LS13249,7,,,1,1,P425,6668,FALSE,,,,,,
Chakri Nyidrak,R8LS13249,7,,,2,2,P692,9546,FALSE,,,,,,
Chakri Nyidrak,R8LS13249,7,,,3,3,P7732,10412,FALSE,,,,,,
Chakri Nyidrak,R8LS13249,7,,,4,4,P7733,10413,FALSE,,,,,,
Chakri Nyidrak,R8LS13249,7,,,5,5,P7735,10415,FALSE,,,,,,
Chakri Nyidrak,R8LS13249,7,,,6,6,P7734,10414,FALSE,,,,,,
Chakri Nyidrak,R8LS13249,7,,,7,7,P00KG09971,289,FALSE,,,,,,
Chaktsa,R8LS13162,8,,,1,1,P5987,2118,FALSE,,,,,,
Chaktsa,R8LS13162,8,,,2,2,P7986,10673,FALSE,,,,,,
Chaktsa,R8LS13162,8,,,3,3,P7990,10678,FALSE,,,,,,
Chaktsa,R8LS13162,8,,,4,4,P6042,8618,FALSE,,,,,,
Chaktsa,R8LS13162,8,,,5,5,P7989,10676,FALSE,,,,,,
Changkya,R8LS13058,9,,,1,1,P1181,13501,FALSE,,,,,,
Changkya,R8LS13058,9,,,2,2,P209,2441,FALSE,,,,,,
Changkya,R8LS13058,9,,,3,3,P182,3141,FALSE,,,,,,
Changkya,R8LS13058,9,,,4,4,P3610,5967,FALSE,,,,,,
Changkya,R8LS13058,9,,,5,5,P8LS12696,13483,FALSE,,,,,,
Changkya,R8LS13058,9,,,6,6,P8LS12697,13484,FALSE,,,,,,
Changkya,R8LS13058,9,,,7,7,P7615,10287,FALSE,,,,,,
Changkya,R8LS13058,9,,,8,8,P8LS12698,13501,FALSE,,,,,,
Chesho,R8LS13109,10,,,1,1,P1981,3320,FALSE,,,,,,
Chesho,R8LS13109,10,,,2,2,P283,4568,FALSE,,,,,,
Chesho,R8LS13109,10,,,3,3,P238,4077,FALSE,,,,,,
Chesho,R8LS13109,10,,,4,4,P6577,9176,FALSE,,,,,,
Chonyi Gyatso,,11,,,1,1,P6054,8631,FALSE,,,,,,
Chonyi Gyatso,,11,,,2,2,P5982,8551,FALSE,,,,,,
Chonyi Gyatso,,11,,,3,3,P6053,8630,FALSE,,,,,,
Chonyi Gyatso,,11,,,4,4,P5996,8566,FALSE,,,,,,
Chonyi Gyatso,,11,,,5,5,P6052,8629,FALSE,,,,,,
Chonyi Gyatso,,11,,,6,6,P6051,8628,FALSE,,,,,,
Dalai Lama,R8LS12876,12,,,14,14,P1649,13576,FALSE,,,,,,
Dalai Lama,R8LS12876,12,,,1,1,P80,10687,FALSE,,,,,,
Dalai Lama,R8LS12876,12,,,2,2,P84,11114,FALSE,,,,,,
Dalai Lama,R8LS12876,12,,,3,3,P999,12828,FALSE,,,,,,
Dalai Lama,R8LS12876,12,,,4,4,P177,3085,FALSE,,,,,,
Dalai Lama,R8LS12876,12,,,5,5,P37,6065,FALSE,,,,,,
Dalai Lama,R8LS12876,12,,,6,6,P352,5871,FALSE,,,,,,
Dalai Lama,R8LS12876,12,,,7,7,P179,3107,FALSE,,,,,,
Dalai Lama,R8LS12876,12,,,8,8,P109,2339,FALSE,,,,,,
Dalai Lama,R8LS12876,12,,,9,9,P274,4469,FALSE,,,,,,
Dalai Lama,R8LS12876,12,,,10,10,P260,4314,FALSE,,,,,,
Dalai Lama,R8LS12876,12,,,11,11,P255,4259,FALSE,,,,,,
Dalai Lama,R8LS12876,12,,,12,12,P244,4141,FALSE,,,,,,
Dalai Lama,R8LS12876,12,,,13,13,P197,3307,FALSE,,,,,,
Detri,R8LS13072,13,,,1,1,P1177,2436,FALSE,,,,,,
Detri,R8LS13072,13,,,2,2,P4098,6502,FALSE,,,,,,
Detri,R8LS13072,13,,,3,3,P382,6198,FALSE,,,,,,
Detri,R8LS13072,13,,,4,4,P4487,6928,FALSE,,,,,,
Detri,R8LS13072,13,,,5,5,P4488,6929,FALSE,,,,,,
Detri,R8LS13072,13,,,6,6,P5361,7876,FALSE,,,,,,
Detri,R8LS13072,13,,,7,7,P5362,7877,FALSE,,,,,,
Detri,R8LS13072,13,,,8,8,P5363,7878,FALSE,,,,,,
Dodrubchen,R8LS13169,14,,,1,1,P293,4676,FALSE,,,,,,
Dodrubchen,R8LS13169,14,,,2,2,P2561,4272,FALSE,,,,,,
Dodrubchen,R8LS13169,14,,,3,3,P248,4185,FALSE,,,,,,
Dodrubchen,R8LS13169,14,,,4,4,P2562,4273,FALSE,,,,,,
Dorje Drak Rigdzin,R8LS12889,15,,,1,1,P5254,7767,FALSE,,,,,,
Dorje Drak Rigdzin,R8LS12889,15,,,2,2,P1701,3010,FALSE,,,,,,
Dorje Drak Rigdzin,R8LS12889,15,,,3,3,P639,8975,FALSE,,,,,,
Dorje Drak Rigdzin,R8LS12889,15,,,4,4,P657,9169,FALSE,,,,,,
Dorje Drak Rigdzin,R8LS12889,15,,,5,5,P689,9513,FALSE,,,,,,
Dorje Drak Rigdzin,R8LS12889,15,,,6,6,P8LS12705,13191,FALSE,,,,,,
Dorje Drak Rigdzin,R8LS12889,15,,,7,7,P8LS12706,13190,FALSE,,,,,,
Dorje Drak Rigdzin,R8LS12889,15,,,8,8,P8LS12707,13189,FALSE,,,,,,
Dorje Drak Rigdzin,R8LS12889,15,,,9,9,P728,9935,FALSE,,,,,,
Dorje Drak Rigdzin,R8LS12889,15,,,10,10,P752,10188,FALSE,,,,,,
Dorje Pakmo,R8LS12868,16,,,1,1,P2CZ7891,13205,FALSE,,,,,,
Dorje Pakmo,R8LS12868,16,,,2,2,P8LS12641,13206,FALSE,,,,,,
Dorje Pakmo,R8LS12868,16,,,3,3,P2GS1053,13215,FALSE,,,,,,
Dorje Pakmo,R8LS12868,16,,,4,4,P3JT12493,13214,FALSE,,,,,,
Dorje Pakmo,R8LS12868,16,,,5,5,P8LS12642,13213,FALSE,,,,,,
Dorje Pakmo,R8LS12868,16,,,6,6,P8LS12643,13212,FALSE,,,,,,
Dorje Pakmo,R8LS12868,16,,,7,7,P8LS12644,13211,FALSE,,,,,,
Dorje Pakmo,R8LS12868,16,,,8,8,P8LS12645,13210,FALSE,,,,,,
Dorje Pakmo,R8LS12868,16,,,9,9,P7583,10253,FALSE,,,,,,
Dorje Pakmo,R8LS12868,16,,,10,10,P8LS12646,13209,FALSE,,,,,,
Dorje Pakmo,R8LS12868,16,,,11,11,P8LS12647,13208,FALSE,,,,,,
Dorje Pakmo,R8LS12868,16,,,12,12,P8LS3573,13207,FALSE,,,,,,
Drime Zhingkyong,R8LS13161,17,,,1,1,P5972,8540,FALSE,,,,,,
Drime Zhingkyong,R8LS13161,17,,,2,2,P5992,8562,FALSE,,,,,,
Drime Zhingkyong,R8LS13161,17,,,3,3,P5993,8563,FALSE,,,,,,
Drime Zhingkyong,R8LS13161,17,,,4,4,P6003,8575,FALSE,,,,,,
Drime Zhingkyong,R8LS13161,17,,,5,5,P6005,8577,FALSE,,,,,,
Druk Lama Tripa ,R8LS13413,18,,,1,1,P512,7622,FALSE,,,,,,
Druk Lama Tripa ,R8LS13413,18,,,2,2,P531,7824,FALSE,,,,,,
Druk Lama Tripa ,R8LS13413,18,,,3,3,P537,7884,FALSE,,,,,,
Druk Lama Tripa ,R8LS13413,18,,,4,4,P512,7622,FALSE,,,,,,
Druk Lama Tripa ,R8LS13413,18,,,5,5,P8LS13411,13584,FALSE,,,,,,
Druk Lama Tripa ,R8LS13413,18,,,6,6,P8LS13412,13585,FALSE,,,,,,
Druk Gyelse,R8LS13410,19,,,1,1,P4479,6919,FALSE,,,,,,
Druk Gyelse,R8LS13410,19,,,2,2,P521,7719,FALSE,,,,,,
Druk Gyelse,R8LS13410,19,,,3,3,P9910,12747,FALSE,,,,,,
Druk Gyelse,R8LS13410,19,,,4,4,P534,7855,FALSE,,,,,,
Druk Gyelse,R8LS13410,19,,,5,5,P551,8039,FALSE,,,,,,
Druk Gyelse,R8LS13410,19,,,6,6,P577,8325,FALSE,,,,,,
Drukchen,R8LS12812,20,,,1,1,P909,11865,FALSE,,,,,,
Drukchen,R8LS12812,20,,,2,2,P920,11986,FALSE,,,,,,
Drukchen,R8LS12812,20,,,3,3,P870,11441,FALSE,,,,,,
Drukchen,R8LS12812,20,,,4,4,P825,10952,FALSE,,,,,,
Drukchen,R8LS12812,20,,,5,5,P877,11516,FALSE,,,,,,
Drukchen,R8LS12812,20,,,6,6,P940,12202,FALSE,,,,,,
Drukchen,R8LS12812,20,,,7,7,P842,11136,FALSE,,,,,,
Drukchen,R8LS12812,20,,,8,8,P846,11178,FALSE,,,,,,
Drukchen,R8LS12812,20,,,9,9,P1374,2654,FALSE,,,,,,
Drukchen,R8LS12812,20,,,10,10,P863,11363,FALSE,,,,,,
Drukchen,R8LS12812,20,,,11,11,P849,11210,FALSE,,,,,,
Drukchen,R8LS12812,20,,,12,12,P854,11263,FALSE,,,,,,
Dzogchen Drubwang,R8LS13052,21,,,1,1,P653,9126,TRUE,,,,,,
Dzogchen Drubwang,R8LS13052,21,,,2,2,P677,9383,TRUE,,,,,,
Dzogchen Drubwang,R8LS13052,21,,,3,3,P7404,10068,TRUE,,,,,,
Dzogchen Drubwang,R8LS13052,21,,,4,4,P1710,3020,TRUE,,,,,,
Dzogchen Drubwang,R8LS13052,21,,,5,5,P701,9646,TRUE,,,,,,
Dzogchen Drubwang,R8LS13052,21,,,6,6,P750,10169,TRUE,,,,,,
Dzogchen Drubwang,R8LS13052,21,,,7,7,P8686,11425,TRUE,,,,,,
Dzogchen Drubwang,R8LS13052,21,,,7,7,P749,10157,TRUE,TOL1615,Split after 6 and this one is based at Dzogchen India ,,,,
Dzogchen Khyentse,R8LS13178,22,86,,1,,P258,4291,TRUE,,,,,,
Dzogchen Khyentse,R8LS13178,22,86,4291,2,1,P8692,11432,TRUE,,,,,,
Dzogchen Khyentse,R8LS13056,22,86,,3,2,P3AG40,13150,TRUE,,,,,,
Dzogchen Ponlop,R8LS13056,23,,,1,1,P8137,10832,FALSE,,,,,,
Dzogchen Ponlop,R8LS13056,23,,,2,2,P8132,10827,FALSE,,,,,,
Dzogchen Ponlop,R8LS13056,23,,,3,3,P2JM275,4986,FALSE,,,,,,
Dzogchen Ponlop,R8LS13056,23,,,4,4,P2JM276,4987,FALSE,,,,,,
Dzogchen Ponlop,R8LS13056,23,,,5,5,P3AG41,13151,FALSE,,,,,,
Dzogchen Ponlop,R8LS13056,23,,,6,6,P3AG42,13152,FALSE,,,,,,
Dzogchen Ponlop,R8LS13056,23,,,7,7,P8LS13212,13880,FALSE,,,,,,
Dzogchen Kongtrul,R8LS13177,24,77,4358,1,1,P3JM110,13148,TRUE,,,,,,
Dzogchen Kongtrul,R8LS13177,24,77,,2,2,P3AG39,13149,TRUE,,,,,,
Gangkar,R8LS13086,25,,,1,1,P3694,6059,FALSE,,,,,,
Gangkar,R8LS13086,25,,,2,2,P1824,3146,FALSE,,,,,,
Gangkar,R8LS13086,25,,,3,3,P3702,6069,FALSE,,,,,,
Gangkar,R8LS13086,25,,,4,4,P3703,6070,FALSE,,,,,,
Gangkar,R8LS13086,25,,,5,5,P3698,6063,FALSE,,,,,,
Gangkar,R8LS13086,25,,,6,6,P3699,6064,FALSE,,,,,,
Gangkar,R8LS13086,25,,,7,7,P3700,6067,FALSE,,,,,,
Gangkar,R8LS13086,25,,,8,8,P3701,6068,FALSE,,,,,,
Gangkar,R8LS13086,25,,,9,9,P1445,2730,FALSE,,,,,,
Gangteng,,26,,,1,1,P2659,4379,FALSE,,,,,,
Gangteng,,26,,,2,2,P514,7644,FALSE,,,,,,
Gangteng,,26,,,3,3,P3AG16,13133,FALSE,,,,,,
Gangteng,,26,,,4,4,P3AG29,13145,FALSE,,,,,,
Gangteng,,26,,,5,5,P3AG30,13146,FALSE,,,,,,
Gangteng,,26,,,6,6,P3AG26,13142,FALSE,,,,,,
Gangteng,,26,,,7,7,P3AG27,13143,FALSE,,,,,,
Gangteng,,26,,,8,8,P2748,4478,FALSE,,,,,,
Gemang,R8LS13173,27,,,1,1,P697,9601,FALSE,,,,,,
Gemang,R8LS13173,27,,,2,2,P3AG53,13163,FALSE,,,,,,
Gemang,R8LS13173,27,,,3,3,P3AG54,13162,FALSE,,,,,,
Gungtang,R8LS13063,28,,,1,1,P1849,3173,FALSE,,,,,,
Gungtang,R8LS13063,28,,,2,2,P4649,7107,FALSE,,,,,,
Gungtang,R8LS13063,28,,,3,3,P298,4730,FALSE,,,,,,
Gungtang,R8LS13063,28,,,4,4,P374,6110,FALSE,,,,,,
Gungtang,R8LS13063,28,,,5,5,P5364,7879,FALSE,,,,,,
Gungtang,R8LS13063,28,,,6,6,P5591,8128,FALSE,,,,,,
Gyara Tulku,R8LS12782,29,,,1,1,P7107,9750,FALSE,,,,,,
Gyara Tulku,R8LS12782,29,,,2,2,P2AG14,13106,FALSE,,,,,,
Gyara Tulku,R8LS12782,29,,,3,3,P2AG15,13107,FALSE,,,,,,
Gyara Tulku,R8LS12782,29,,,4,4,P2AG16,13108,FALSE,,,,,,
Gyara Tulku,R8LS12782,29,,,5,5,P2AG17,13109,FALSE,,,,,,
Gyara Tulku,R8LS12782,29,,,6,6,P2AG18,13110,FALSE,,,,,,
Gyara Tulku,R8LS12782,29,,,7,7,P2573,4285,FALSE,,,,,,
Gyara Tulku,R8LS12782,29,,,8,8,P2113,3784,FALSE,,,,,,
Tsurpu Gyeltsab,R8LS12893,30,,,1,1,P1380,2661,FALSE,,,,,,
Tsurpu Gyeltsab,R8LS12893,30,,,2,2,P10582,2162,FALSE,,,,,,
Tsurpu Gyeltsab,R8LS12893,30,,,3,3,P1441,2726,FALSE,,,,,,
Tsurpu Gyeltsab,R8LS12893,30,,,4,4,P5684,8230,FALSE,,,,,,
Tsurpu Gyeltsab,R8LS12893,30,,,5,5,P5085,7584,FALSE,,,,,,
Tsurpu Gyeltsab,R8LS12893,30,,,6,6,P948,12285,FALSE,,,,,,
Tsurpu Gyeltsab,R8LS12893,30,,,7,7,P957,12381,FALSE,,,,,,
Tsurpu Gyeltsab,R8LS12893,30,,,8,8,P847,11189,FALSE,,,,,,
Tsurpu Gyeltsab,R8LS12893,30,,,9,9,P10583,2163,FALSE,,,,,,
Tsurpu Gyeltsab,R8LS12893,30,,,10,10,P10584,2164,FALSE,,,,,,
Tsurpu Gyeltsab,R8LS12893,30,,,11,11,P930,12093,FALSE,,,,,,
Tsurpu Gyeltsab,R8LS12893,30,,,12,12,P10585,2165,FALSE,,,,,,
Jamyang Zhepa,R8LS12897,32,,,1,1,P423,6646,FALSE,,,,,,
Jamyang Zhepa,R8LS12897,32,,,2,2,P169,2996,FALSE,,,,,,
Jamyang Zhepa,R8LS12897,32,,,3,3,P124,2506,FALSE,,,,,,
Jamyang Zhepa,R8LS12897,32,,,4,4,P1470,2758,FALSE,,,,,,
Jamyang Zhepa,R8LS12897,32,,,5,5,P1495,2784,FALSE,,,,,,
Jamyang Zhepa,R8LS12897,32,,,6,6,P6506,9101,FALSE,,,,,,
Karmapa,R8LS12875,33,,,1,1,P1400,2683,TRUE,,,,,,
Karmapa,R8LS12875,33,,,2,2,P1487,2776,TRUE,,,,,,
Karmapa,R8LS12875,33,,,3,3,P66,9201,TRUE,,,,,,
Karmapa,R8LS12875,33,,,4,4,P1456,2742,TRUE,,,,,,
Karmapa,R8LS12875,33,,,5,5,P1410,2693,TRUE,,,,,,
Karmapa,R8LS12875,33,,,6,6,P1006,1597,TRUE,,,,,,
Karmapa,R8LS12875,33,,,7,7,P821,10909,TRUE,,,,,,
Karmapa,R8LS12875,33,,,8,8,P385,6230,TRUE,,,,,,
Karmapa,R8LS12875,33,,,9,9,P889,11645,TRUE,,,,,,
Karmapa,R8LS12875,33,,,10,10,P1382,2662,TRUE,,,,,,
Karmapa,R8LS12875,33,,,11,11,P943,12234,TRUE,,,,,,
Karmapa,R8LS12875,33,,,12,12,P838,11092,TRUE,,,,,,
Karmapa,R8LS12875,33,,,13,13,P828,10984,TRUE,,,,,,
Karmapa,R8LS12875,33,,,14,14,P562,8159,TRUE,,,,,,
Karmapa,R8LS12875,33,,,15,15,P563,8170,TRUE,,,,,,
Karmapa,R8LS12875,33,,,16,16,P865,11385,TRUE,,,,,,
Karmapa,R8LS12875,33,,11385,17,17,P10569,2147,TRUE,,,,,,
Karmapa,R8LS12875,33,,11385,17,17,P5611,8151,TRUE,,,,,,
Kirti,R8LS13057,34,,,1,1,P10299,1852,FALSE,,,,,,
Kirti,R8LS13057,34,,,2,2,P8817,11569,FALSE,,,,,,
Kirti,R8LS13057,34,,,3,3,P8822,11575,FALSE,,,,,,
Kirti,R8LS13057,34,,,4,4,P1PD96458,13168,FALSE,,,,,,
Kirti,R8LS13057,34,,,5,5,P1737,3049,FALSE,,,,,,
Kirti,R8LS13057,34,,,6,6,P10344,1903,FALSE,,,,,,
Kirti,R8LS13057,34,,,7,7,P10342,1901,FALSE,,,,,,
Kirti,R8LS13057,34,,,8,8,P249,4196,FALSE,,,,,,
Kirti,R8LS13057,34,,,9,9,P10343,1902,FALSE,,,,,,
Kirti,R8LS13057,34,,,10,10,P7063,9703,FALSE,,,,,,
Kirti,R8LS13057,34,,,11,11,P6080,8659,FALSE,,,,,,
Kondor,R8LS13065,35,,,1,1,P5580,8116,FALSE,,,,,,
Kondor,R8LS13065,35,,,2,2,P2AG8,13102,FALSE,,,,,,
Kondor,R8LS13065,35,,,3,3,P2AG11,13103,FALSE,,,,,,
Kondor,R8LS13065,35,,,4,4,P2AG12,13104,FALSE,,,,,,
Kondor,R8LS13065,35,,,5,5,P2AG13,13105,FALSE,,,,,,
Ling,,36,,,1,1,P2757,4488,FALSE,,,,,,
Ling,,36,,,2,2,P3AG51,13155,FALSE,,,,,,
Ling,,36,,,3,3,P2AG26,13156,FALSE,,,,,,
Ling,,36,,,4,4,P8415,11131,FALSE,,,,,,
Ling,,36,,,5,5,P27,4424,FALSE,,,,,,
Ling,,36,,,6,6,P4559,7007,FALSE,,,,,,
Ling,,36,,,7,7,P8LS12436,13778,FALSE,,,,,,
Lingla,R8LS13219,37,,,1,1,P8701,11443,FALSE,,,,,,
Lingla,R8LS13219,37,,,2,2,P8687,11426,FALSE,,,,,,
Lingla,R8LS13219,37,,,3,3,P8LS13218,7559,FALSE,,,,,,
Lingla,R8LS13219,37,,,4,4,P3JM101,12906,FALSE,,,,,,
Lingtrul,R8LS12777,38,,,1,1,P5537,8069,FALSE,,,,,,
Lingtrul,R8LS12777,38,,,2,2,P3558,5910,FALSE,,,,,,
Moktsa,R8LS13163,39,,,1,,P659,9190,FALSE,,,,,,
Moktsa,R8LS13163,39,,,2,1,P5980,8549,FALSE,,,,,,
Moktsa,R8LS13163,39,,,3,2,P6008,8580,FALSE,,,,,,
Moktsa,R8LS13163,39,,,4,3,P6034,8609,FALSE,,,,,,
Moktsa,R8LS13163,39,,,5,4,P6035,8610,FALSE,,,,,,
Moktsa,R8LS13163,39,,,6,5,P8LS13251,13767,FALSE,,,,,,
Ngago,R8LS13132,40,,,1,1,P8LS13128,13762,FALSE,,,,,,
Ngago,R8LS13132,40,,,2,2,P8LS13129,13763,FALSE,,,,,,
Ngago,R8LS13132,40,,,3,3,P1152,2409,FALSE,,Changed 2nd to 3rd based on BDRC data,,,,
Ngago,R8LS13132,40,,,4,4,P5041,7536,FALSE,,,,,,
Ngago,R8LS13132,40,,,5,5,P8LS12333,13766,FALSE,,,,,,
Ngago,R8LS13132,40,,,6,6,P8973,11737,FALSE,,,,,,
Ngago,R8LS13132,40,,,7,7,P8LS13130,13765,FALSE,,,,,,
Ngago,R8LS13132,40,,,8,8,P8LS13131,13764,FALSE,,,,,,
Nyendrak,R8LS12858,41,,,1,1,P4122,6529,FALSE,,,,,,
Nyendrak,R8LS12858,41,,,2,2,P5391,7908,FALSE,,,,,,
Nyendrak,R8LS12858,41,,,3,3,P8LS12613,13716,FALSE,,,,,,
Nyendrak,R8LS12858,41,,,4,4,P5394,7911,FALSE,,,,,,
Nyendrak,R8LS12858,41,,,5,5,P5395,7912,FALSE,,,,,,
Nyingon Choktrul,R8LS13252,42,,,1,1,P6040,8616,FALSE,,,,,,
Nyingon Choktrul,R8LS13252,42,,,2,2,P6011,8584,FALSE,,,,,,
Nyingon Choktrul,R8LS13252,42,,,3,3,P6029,8603,FALSE,,,,,,
Nyingon Choktrul,R8LS13252,42,,,4,4,P6041,8617,FALSE,,,,,,
Nyingon Choktrul,R8LS13252,42,,,5,5,P6022,8596,FALSE,,,,,,
Pakpa Lha,R8LS12860,43,,,1,1,P427,6690,FALSE,,,,,,
Pakpa Lha,R8LS12860,43,,,2,2,P395,6340,FALSE,,,,,,
Pakpa Lha,R8LS12860,43,,,3,3,P2108,3778,FALSE,,,,,,
Pakpa Lha,R8LS12860,43,,,4,4,P1079,2328,FALSE,,,,,,
Pakpa Lha,R8LS12860,43,,,5,5,P120,2462,FALSE,,,,,,
Pakpa Lha,R8LS12860,43,,,6,6,P2111,3782,FALSE,,,,,,
Pakpa Lha,R8LS12860,43,,,7,7,P2112,3783,FALSE,,,,,,
Pakpa Lha,R8LS12860,43,,,8,8,P2113,3784,FALSE,,,,,,
Pakpa Lha,R8LS12860,43,,,9,9,P2114,3785,FALSE,,,,,,
Pakpa Lha,R8LS12860,43,,,10,10,P2115,3786,FALSE,,,,,,
Paṇchen Lama,R10MS14279,44,,,1,1,P55,8027,FALSE,,,,,,
Paṇchen Lama,R10MS14279,44,,,2,2,P4211,6626,FALSE,,,,,,
Paṇchen Lama,R10MS14279,44,,,3,3,P997,13026,FALSE,,,,,,
Paṇchen Lama,R10MS14279,44,,,4,4,P719,9839,FALSE,,,,,,
Paṇchen Lama,R10MS14279,44,,,5,5,P106,2180,FALSE,,,,,,
Paṇchen Lama,R10MS14279,44,,,6,6,P168,2985,FALSE,,,,,,
Paṇchen Lama,R10MS14279,44,,,7,7,P285,4589,FALSE,,,,,,
Paṇchen Lama,R10MS14279,44,,,8,8,P190,3230,FALSE,,,,,,
Paṇchen Lama,R10MS14279,44,,,9,9,P215,3822,FALSE,,,,,,
Paṇchen Lama,R10MS14279,44,,,10,10,P1650,2953,FALSE,,,,,,
Paṇchen Lama,R10MS14279,44,,,11,11,P8LS12000,13568,FALSE,,,,,,
Pawo,R8LS12784,45,,,1,1,P818,10878,FALSE,,,,,,
Pawo,R8LS12784,45,,,2,2,P319,5511,FALSE,,,,,,
Pawo,R8LS12784,45,,,3,3,P1385,2665,FALSE,,,,,,
Pawo,R8LS12784,45,,,4,4,P8383,11096,FALSE,,,,,,
Pawo,R8LS12784,45,,,5,5,P942,12223,FALSE,,,,,,
Pawo,R8LS12784,45,,,6,6,P823,10931,FALSE,,,,,,
Pawo,R8LS12784,45,,,7,7,P841,11125,FALSE,,,,,,
Pawo,R8LS12784,45,,,8,8,P1420,2704,FALSE,,,,,,
Pawo,R8LS12784,45,,,9,9,P1376,2656,FALSE,,,,,,
Pawo,R8LS12784,45,,,10,10,P868,11418,FALSE,,,,,,
Pawo,R8LS12784,45,,,11,11,P8LS12447,13243,FALSE,,,,,,
Peling Tukse,R8LS12890,46,,,1,1,P2652,4372,FALSE,,,,,,
Peling Tukse,R8LS12890,46,,,2,2,P2656,4376,FALSE,,,,,,
Peling Tukse,R8LS12890,46,,,3,3,P2741,4471,FALSE,,,,,,
Peling Tukse,R8LS12890,46,,,4,4,P658,9179,FALSE,,,,,,
Peling Tukse,R8LS12890,46,,,5,5,P2677,4399,FALSE,,,,,,
Peling Tukse,R8LS12890,46,,,6,6,P2685,4408,FALSE,,,,,,
Peling Tukse,R8LS12890,46,,,7,7,P2694,4418,FALSE,,,,,,
Peling Tukse,R8LS12890,46,,,8,8,P2706,4432,FALSE,,,,,,
Peling Tukse,R8LS12890,46,,,9,9,P2751,4482,FALSE,,,,,,
Peling Tukse,R8LS12890,46,,,10,10,P2AG33,13128,FALSE,,,,,,
Petseling,,47,,,1,1,P2AG28,13121,FALSE,,,,,,
Petseling,,47,,,2,2,P2AG32,13123,FALSE,,,,,,
Petseling,,47,,,3,3,P2AG30,13122,FALSE,,,,,,
Petseling,,47,,,4,4,P2AG35,13126,FALSE,,,,,,
Purchok,R8LS12862,48,,,1,1,P108,2329,FALSE,,,,,,
Purchok,R8LS12862,48,,,2,2,P1GS107885,3414,FALSE,,,,,,
Purchok,R8LS12862,48,,,3,3,P194,3274,FALSE,,,,,,
Purchok,R8LS12862,48,,,4,4,P00EGS109637,149,FALSE,,,,,,
Reting Rinpoche,R8LS12816,49,,,1,1,P412,6526,FALSE,,,,,,
Reting Rinpoche,R8LS12816,49,,,2,2,P304,5349,FALSE,,,,,,
Reting Rinpoche,R8LS12816,49,,,3,3,P191,3241,FALSE,,,,,,
Reting Rinpoche,R8LS12816,49,,,4,4,P8LS12558,13218,FALSE,,,,,,
Reting Rinpoche,R8LS12816,49,,,5,5,P212,6526,FALSE,,,,,,
Reting Rinpoche,R8LS12816,49,,,6,6,P9575,12387,FALSE,,,,,,
Riwoche Jedrung,,50,,,1,1,P3AG45,13067,FALSE,,,,,,
Riwoche Jedrung,,50,,,2,2,P3AG46,13068,FALSE,,,,,,
Riwoche Jedrung,,50,,,3,3,P3AG47,13071,FALSE,,,,,,
Riwoche Jedrung,,50,,,4,4,P3AG48,13069,FALSE,,,,,,
Riwoche Jedrung,,50,,,5,5,P3AG49,13070,FALSE,,,,,,
Riwoche Jedrung,,50,,,6,6,P3AG50,13154,FALSE,,,,,,
Riwoche Jedrung,,50,,,7,7,P7640,10315,FALSE,,,,,,
Rongwo Drubchen,R8LS13078,51,,,1,1,P711,9753,FALSE,,,,,,
Rongwo Drubchen,R8LS13078,51,,,2,2,P409,6493,FALSE,,,,,,
Rongwo Drubchen,R8LS13078,51,,,3,3,P312,5436,FALSE,,,,,,
Rongwo Drubchen,R8LS13078,51,,,4,4,P279,4524,FALSE,,,,,,
Rongwo Drubchen,R8LS13078,51,,,5,5,P4219,6634,FALSE,,,,,,
Rongwo Drubchen,R8LS13078,51,,,6,6,P3170,5490,FALSE,,,,,,
Rongwo Drubchen,R8LS13078,51,,,7,7,P1253,2521,FALSE,,,,,,
Seri Mani Pandita,,52,,,5,5,P7072,9712,FALSE,,,,,,
Setsang,R8LS13066,53,,,1,1,P410,6505,FALSE,,,,,,
Setsang,R8LS13066,53,,,2,2,P3681,6045,FALSE,,,,,,
Setsang,R8LS13066,53,,,3,3,P4705,7170,FALSE,,,,,,
Setsang,R8LS13066,53,,,4,4,P4706,7171,FALSE,,,,,,
Setsang,R8LS13066,53,,,5,5,P4707,7172,FALSE,,,,,,
Shardong,,54,,,5,5,P4704,7169,FALSE,,,,,,
Sodrak,R8LS13138,55,,,1,1,P4208,6622,FALSE,,,,,,
Sodrak,R8LS13138,55,,,2,2,P281,4546,FALSE,,,,,,
Sodrak,R8LS13138,55,,,3,3,P5371,7886,FALSE,,,,,,
Sodrak,R8LS13138,55,,,4,4,P5372,7887,FALSE,,,,,,
Sodrak,R8LS13138,55,,,5,5,P5373,7888,FALSE,,,,,,
Takpu,R8LS12799,56,,,1,1,P3600,5956,FALSE,,,,,,
Takpu,R8LS12799,56,,,2,2,P8LS12530,13194,FALSE,,,,,,
Takpu,R8LS12799,56,,,3,3,P3599,5953,FALSE,,,,,,
Takpu,R8LS12799,56,,,4,4,P231,4000,FALSE,,,,,,
Takpu,R8LS12799,56,,,5,5,P295,4698,FALSE,,,,,,
Takpu,R8LS12799,56,,,6,6,P8LS12531,13193,FALSE,,,,,,
Takpu,R8LS12799,56,,,7,7,P231,4000,FALSE,,,,,,
Takpu,R8LS12799,56,,,8,8,P8LS15285,13780,FALSE,,,,,,
Takpu,R8LS12799,56,,,9,9,P8LS15286,5696,FALSE,,,,,,
Takpu,R8LS12799,56,,,10,10,P7897,10576,FALSE,,,,,,
Taktser,,57,,,1,1,P1137,2392,FALSE,,,,,,
Taktser,,57,,,2,2,P1143,2399,FALSE,,,,,,
Taktser,,57,,,3,3,P8LS12079,13179,FALSE,,,,,,
Taktser,,57,,,4,4,P8LS12772,13180,FALSE,,,,,,
Taktser,,57,,,5,5,P1138,2393,FALSE,,,,,,
Taktser,,57,,,6,6,P1648,2950,FALSE,,,,,,
Tatsak Jedrung,R8LS12798,58,,,1,1,P432,6746,FALSE,,,,,,
Tatsak Jedrung,R8LS12798,58,,,2,2,P4493,6935,FALSE,,,,,,
Tatsak Jedrung,R8LS12798,58,,,3,3,P4498,6940,FALSE,,,,,,
Tatsak Jedrung,R8LS12798,58,,,4,4,P4362,6793,FALSE,,,,,,
Tatsak Jedrung,R8LS12798,58,,,5,5,P1080,2330,FALSE,,,,,,
Tatsak Jedrung,R8LS12798,58,,,6,6,P417,6580,FALSE,,,,,,
Tatsak Jedrung,R8LS12798,58,,,7,7,P7054,9693,FALSE,,,,,,
Tatsak Jedrung,R8LS12798,58,,,8,8,P302,5328,FALSE,,,,,,
Tatsak Jedrung,R8LS12798,58,,,9,9,P266,4380,FALSE,,,,,,
Tatsak Jedrung,R8LS12798,58,,,10,10,P246,4163,FALSE,,,,,,
Tatsak Jedrung,R8LS12798,58,,,11,11,P7715,10394,FALSE,,,,,,
Tatsak Jedrung,R8LS12798,58,,,12,12,P8LS13193,13216,FALSE,,,,,,
Tewo Lungzang Nangwa,R8LS13418,59,,,1,1,P8LS13405,2926,FALSE,,,,,,
Tewo Lungzang Nangwa,R8LS13418,59,,,2,2,P8136,10831,FALSE,,,,,,
Tewo Lungzang Nangwa,R8LS13418,59,,,3,3,P9752,12576,FALSE,,,,,,
Tewo Lungzang Nangwa,R8LS13418,59,,,4,4,P9753,12577,FALSE,,,,,,
Tewo Lungzang Nangwa,R8LS13418,59,,,5,5,P9754,12578,FALSE,,,,,,
Tewo Lungzang Nangwa,R8LS13418,59,,,6,6,P9749,12572,FALSE,,,,,,
Tongkhor,R8LS13060,60,,,1,1,P2048,3712,TRUE,,"Separated these into two records (60, 118)when it splits", ,,,
Tongkhor,R8LS13060,60,,,2,2,P2043,3708,TRUE,,,,,,
Tongkhor,R8LS13060,60,,,3,3,P1004,1575,TRUE,,,,,,
Tongkhor,R8LS13060,60,,,4,4,P722,9873,TRUE,,,,,,
Tongkhor,R8LS13060,60,,,5,5,P1468,2755,TRUE,,,,,,
Tongkhor,R8LS13060,60,,,6,6,P1KG4775,13173,TRUE,,"this is the branch point, line separates into 118",,,,
Tongkhor,R8LS13060,60,,,7,7,P1PD102748,13167,TRUE,,,,,,
Tongkhor,R8LS13060,60,,,8,8,P1PD102803,13166,TRUE,,,,,,
Tongkhor,R8LS13060,60,,,9,9,P3AG62,13171,TRUE,,,,,,
Tongkhor,R8LS13060,60,,,10,10,P1KG5134,13172,TRUE,,,,,,
Trijang,,61,,,1,1,P306,5371,FALSE,,,,,,
Trijang,,61,,,2,2,P2569,4280,FALSE,,,,,,
Trijang,,61,,,3,3,P2596,4309,FALSE,,,,,,
Tsemonling,R8LS12872,62,,,1,1,P332,5652,FALSE,,,,,,
Tsemonling,R8LS12872,62,,,2,2,P4533,6979,FALSE,,,,,,
Tsemonling,R8LS12872,62,,,3,3,P4532,6978,FALSE,,,,,,
Tsemonling,R8LS12872,62,,,4,4,P5070,7568,FALSE,,,,,,
Tseten Zhabdrung,,63,,,6,6,P1646,2948,FALSE,,,,,,
Tsopu Drubchen,R8LS13254,64,,,1,,P5973,8541,FALSE,,,,,,
Tsopu Drubchen,R8LS13254,64,,,2,1,P6010,8583,FALSE,,,,,,
Tsopu Drubchen,R8LS13254,64,,,3,2,P8LS13253,13768,FALSE,,,,,,
Tsopu Drubchen,R8LS13254,64,,,4,3,P6046,8622,FALSE,,,,,,
Tukwan ,R8LS13059,65,,,1,1,P3548,5899,FALSE,,,,,,
Tukwan ,R8LS13059,65,,,2,2,P1896,3225,FALSE,,,,,,
Tukwan ,R8LS13059,65,,,3,3,P170,3008,FALSE,,,,,,
Tukwan ,R8LS13059,65,,,4,4,P327,5599,FALSE,,,,,,
Tukwan ,R8LS13059,65,,,5,5,P6470,9063,FALSE,,,,,,
Tukwan ,R8LS13059,65,,,6,6,P3550,5902,FALSE,,,,,,
Tukwan ,R8LS13059,65,,,7,7,P5365,7880,FALSE,,,,,,
Yolmo,,66,,,1,1,P1698,3005,FALSE,,,,,,
Yolmo,,66,,,2,2,P5600,8139,FALSE,,,,,,
Yolmo,,66,,,3,3,P1690,2997,FALSE,,,,,,
Yolmo,,66,,,4,4,P660,9202,FALSE,,,,,,
Yolmo,,66,,,5,5,P686,9480,FALSE,,,,,,
Zamtsa Sertri,R8LS13074,67,,,1,1,P2761,4493,FALSE,,BDRC ERROR HAS SHINGZA COMBINED,,,,
Zamtsa Sertri,R8LS13074,67,,,2,2,P6899,9523,FALSE,,,,,,
Zamtsa Sertri,R8LS13074,67,,,3,3,P324,2238,FALSE,,,,,,
Zamtsa Sertri,R8LS13074,67,,,4,4,P7548,6818,FALSE,,,,,,
Zamtsa Sertri,R8LS13074,67,,,5,5,P6209,2237,FALSE,,,,,,
Zamtsa Sertri,R8LS13074,67,,,6,6,P10649,2235,FALSE,,,,,,
Zamtsa Sertri,R8LS13074,67,,,7,7,P6783,9398,FALSE,,,,,,
Zhabdrung Karpo,R8LS13079,68,,,1,1,P4251,6670,FALSE,,,,,,
Zhabdrung Karpo,R8LS13079,68,,,2,2,P4249,6667,FALSE,,,,,,
Zhabdrung Karpo,R8LS13079,68,,,3,3,P1749,3062,FALSE,,,,,,
Zhabdrung Karpo,R8LS13079,68,,,4,4,P1748,3061,FALSE,,,,,,
Zhabdrung Karpo,R8LS13079,68,,,5,5,P6282,8860,FALSE,,,,,,
Zhabdrung Karpo,R8LS13079,68,,,6,6,P1259,2527,FALSE,,,,,,
Zhabdrung Karpo,R8LS13079,68,,,7,7,P6283,8861,FALSE,,,,,,
Zhabdrung Karpo,R8LS13079,68,,,8,8,P1KG12424,13758,FALSE,,,,,,
Zhabdrung Karpo,R8LS13079,68,,,9,9,P8LS13192,13759,FALSE,,,,,,
Zhabdrung Sungtrul,R8LS13407,69,,,1,,P509,7589,FALSE,,,,,,
Zhabdrung Sungtrul,R8LS13407,69,,,2,1,P773,10409,FALSE,,,,,,
Zhabdrung Sungtrul,R8LS13407,69,,,3,2,P536,7874,FALSE,,,,,,
Zhabdrung Sungtrul,R8LS13407,69,,,4,3,P567,8214,FALSE,,,,,,
Zhabdrung Sungtrul,R8LS13407,69,,,5,4,P581,8366,FALSE,,,,,,
Zhabdrung Sungtrul,R8LS13407,69,,,6,5,P584,8397,FALSE,,,,,,
Zhabdrung Sungtrul,R8LS13407,69,,,7,6,P8LS13406,13219,FALSE,,,,,,
Shechen Rabjam,R8LS13180,70,,,1,1,P661,9213,FALSE,,,,,,
Shechen Rabjam,R8LS13180,70,,,2,2,P690,9525,FALSE,,,,,,
Shechen Rabjam,R8LS13180,70,,,3,3,P2JM436,5164,FALSE,,,,,,
Shechen Rabjam,R8LS13180,70,,,4,4,P2JM438,5166,FALSE,,,,,,
Shechen Rabjam,R8LS13180,70,,,5,5,P723,9884,FALSE,,,,,,
Shechen Rabjam,R8LS13180,70,,,6,6,P745,10113,FALSE,,,,,,
Shechen Rabjam,R8LS13180,70,,,7,7,P624,8814,FALSE,,,,,,
Zhiwa lha,R8LS12813,71,,,1,1,P2118,3788,FALSE,,,,,,
Zhiwa lha,R8LS12813,71,,,2,2,P2119,3789,FALSE,,,,,,
Zhiwa lha,R8LS12813,71,,,3,3,P2120,3791,FALSE,,,,,,
Zhiwa lha,R8LS12813,71,,,4,4,P2121,3792,FALSE,,,,,,
Zhiwa lha,R8LS12813,71,,,5,5,P2122,3793,FALSE,,,,,,
Zhiwa lha,R8LS12813,71,,,6,6,P2123,3794,FALSE,,,,,,
Zhiwa lha,R8LS12813,71,,,7,7,P2124,3795,FALSE,,,,,,
Zhamarpa,R8LS13049,72,,,1,,P2169,3843,FALSE,,,,,,
Zhamarpa,R8LS13049,72,,,2,1,P70,9634,FALSE,,,,,,
Zhamarpa,R8LS13049,72,,,3,2,P1413,2596,FALSE,,,,,,
Zhamarpa,R8LS13049,72,,,4,3,P1010,1638,FALSE,,,,,,
Zhamarpa,R8LS13049,72,,,5,4,P317,5489,FALSE,,,,,,
Zhamarpa,R8LS13049,72,,,6,5,P1426,2710,FALSE,,,,,,
Zhamarpa,R8LS13049,72,,,7,6,P1432,2717,FALSE,,,,,,
Zhamarpa,R8LS13049,72,,,8,7,P1386,2666,FALSE,,,,,,
Zhamarpa,R8LS13049,72,,,9,8,P955,12360,FALSE,,,,,,
Zhamarpa,R8LS13049,72,,,10,9,P829,10995,FALSE,,,,,,
Zhamarpa,R8LS13049,72,,,11,10,P831,11018,FALSE,,,,,,
Zhamarpa,R8LS13049,72,,,13,12,P928,12071,FALSE,,,,,,
Zhamarpa,R8LS13050,72,,,14,13,P10570,2149,FALSE,,,,,,
Zhamarpa,R8LS13049,72,,,15,14,P853,11252,FALSE,,,,,,
Simda Dzogchen,R11MS247,73,,,1,1,P2JM424,5151,FALSE,,,,,,
Simda Dzogchen,R11MS247,73,,,2,2,P2JM431,5159,FALSE,,,,,,
Simda Dzogchen,R11MS247,73,,,3,3,P11MS244,13228,FALSE,,,,,,
Simda Dzogchen,R11MS247,73,,,4,4,P11MS245,13229,FALSE,,,,,,
Simda Dzogchen,R11MS247,73,,,5,5,P11MS246,13227,FALSE,,,,,,
Tai Situ,R8LS13050,74,,,1,1,P3572,5924,FALSE,,,,,,
Tai Situ,R8LS13050,74,,,2,2,P820,10898,FALSE,,,,,,
Tai Situ,R8LS13050,74,,,3,3,P3574,5926,FALSE,,,,,,
Tai Situ,R8LS13050,74,,,4,4,P3576,5928,FALSE,,,,,,
Tai Situ,R8LS13050,74,,,5,5,P3575,5927,FALSE,,,,,,
Tai Situ,R8LS13050,74,,,6,6,P946,12264,FALSE,,,,,,
Tai Situ,R8LS13050,74,,,7,7,P953,12340,FALSE,,,,,,
Tai Situ,R8LS13050,74,,,8,8,P956,12371,FALSE,,,,,,
Tai Situ,R8LS13050,74,,,9,9,P559,8126,FALSE,,,,,,
Tai Situ,R8LS13050,74,,,10,10,P1391,2672,FALSE,,,,,,
Tai Situ,R8LS13050,74,,,11,11,P925,12040,FALSE,,,,,,
Tai Situ,R8LS13050,74,,,12,12,P855,11274,FALSE,,,,,,
Mindrol Nominhan,,75,,,1,1,P1731,3043,FALSE,,,,,,
Mindrol Nominhan,,75,,,2,2,P7051,9690,FALSE,,,,,,
Mindrol Nominhan,,75,,,4,4,P4994,7483,FALSE,,,,,,
Mindrol Nominhan,,75,,,5,5,P9214,12001,FALSE,,,,,,
Dzongkar Chungwa,R8LS13154,76,,,1,1,P4230,6647,FALSE,,,,,,
Dzongkar Chungwa,R8LS13154,76,,,2,2,P3808,6185,FALSE,,,,,,
Dzongkar Chungwa,R8LS13154,76,,,3,3,P3810,6188,FALSE,,,,,,
Dzongkar Chungwa,R8LS13154,76,,,4,4,P3800,6177,FALSE,,,,,,
Dzongkar Chungwa,R8LS13154,76,,,5,5,P3799,6174,FALSE,,,,,,
Dzongkar Chungwa,R8LS13154,76,,,6,6,P10679,2268,FALSE,,,,,,
Jamgon Kongtrul,R8LS13051,77,,,1,,P264,4358,TRUE,,,,,,
Penor,R8LS13166,79,,,1,1,P5083,7582,FALSE,,,,,,
Penor,R8LS13166,79,,,2,2,P7359,10018,FALSE,,,,,,
Penor,R8LS13166,79,,,3,3,P6387,8972,FALSE,,,,,,
Zurmang Trungpa,R8LS13055,80,,,1,1,P9700,12523,FALSE,,,,,,
Zurmang Trungpa,R8LS13055,80,,,2,2,P9701,12524,FALSE,,,,,,
Zurmang Trungpa,R8LS13055,80,,,3,3,P9702,12525,FALSE,,,,,,
Zurmang Trungpa,R8LS13055,80,,,4,4,P7584,10254,FALSE,,,,,,
Zurmang Trungpa,R8LS13055,80,,,5,5,P9703,12526,FALSE,,,,,,
Zurmang Trungpa,R8LS13055,80,,,6,6,P9704,12527,FALSE,,,,,,
Zurmang Trungpa,R8LS13055,80,,,7,7,P9705,12528,FALSE,,,,,,
Zurmang Trungpa,R8LS13055,80,,,8,8,P9706,12529,FALSE,,,,,,
Zurmang Trungpa,R8LS13055,80,,,9,9,P9707,12530,FALSE,,,,,,
Zurmang Trungpa,R8LS13055,80,,,10,10,P9708,12531,FALSE,,,,,,
Pakchok,R8LS16682,81,,,1,1,P1AG48,13473,FALSE,,NO TOL BIOS - RECORD NOT FOUND ON BDRC,,,,
Pakchok,R8LS16682,81,,,2,2,P1AG49,13474,FALSE,,,,,,
Pakchok,R8LS16682,81,,,3,3,P1AG50,13475,FALSE,,,,,,
Pakchok,R8LS16682,81,,,4,4,P1AG51,13476,FALSE,,,,,,
Pakchok,R8LS16682,81,,,5,5,P1AG52,13477,FALSE,,,,,,
Pakchok,R8LS16682,81,,,6,6,P1AG53,13478,FALSE,,,,,,
Karma Kuchen,R8LS16683,82,,,1,1,P8523,11246,FALSE,,,,,,
Karma Kuchen,R8LS16683,82,,,2,2,P6310,8892,FALSE,,,,,,
Karma Kuchen,R8LS16683,82,,,3,3,P6172,8757,FALSE,,,,,,
Karma Kuchen,R8LS16683,82,,,4,4,P8LS12327,13254,FALSE,,,,,,
Dzigar Kongtrul,,83,77,4358,2,1,P1PD108567,13277,TRUE,,,,,,
Shechen Kongtrul,,84,77,4358,2,1,P744,10103,TRUE,,,,,,
Kalu Rinpoche,,85,77,4358,2,1,P938,12180,TRUE,,,,,,
Dzongsar Khyentse,R8LS13054,86,,,1,,P258,4291,TRUE,,,,,,
Dzongsar Khyentse,R8LS13054,86,,4291,2,1,P733,9990,TRUE,,,,,,
Dzongsar Khyentse,R8LS13054,86,,,3,2,P623,13481,TRUE,,,,,,
Beru Khyentse,,87,86,4291,2,1,P931,12104,TRUE,,,,,,
Pelri,R8LS12785,88,,,1,1,P8LS12448,13783,FALSE,,,,,,
Pelri,R8LS12785,88,,,2,2,P8LS12449,13784,FALSE,,,,,,
Pelri,R8LS12785,88,,,3,3,P8LS12450,13785,FALSE,,,,,,
Pelri,R8LS12785,88,,,4,4,P7538,10207,FALSE,,,,,,
Pelri,R8LS12785,88,,,5,5,P8LS12451,13782,FALSE,,,,,,
Seula Jamgon,R8LS13416,89,,,1,1,P529,7803,FALSE,,,,,,
Seula Jamgon,R8LS13416,89,,,2,2,P548,8005,FALSE,,,,,,
Seula Jamgon,R8LS13416,89,,,3,3,P582,8377,FALSE,,,,,,
Seula Jamgon,R8LS13416,89,,,4,4,P8LS13414,13776,FALSE,,,,,,
Seula Jamgon,R8LS13416,89,,,5,5,P8LS13415,13777,FALSE,,,,,,
Khangnang,R8LS13170 ,90,,,1,1,P8552,11277,FALSE,,,,,,
Khangnang,R8LS13170 ,90,,,2,2,P8553,11278,FALSE,,,,,,
Khangnang,R8LS13170 ,90,,,3,3,P8551,11276,FALSE,,,,,,
Dzongnang Jewon,R8LS13167,91,,,1,1,P8554,11279,FALSE,,,,,,
Dzongnang Jewon,R8LS13167,91,,,2,2,P6386,8971,FALSE,,,,,,
Pelyul Choktrul,R8LS13294,92,,,1,,P6168,8753,FALSE,,,,,,
Pelyul Choktrul,R8LS13294,92,,,2,1,P8522,11245,FALSE,,,,,,
Pelyul Choktrul,R8LS13294,92,,,3,2,P8297,934,FALSE,,Deleted duplicate tol ID TOL8916/P6333 from server,,,,
Pelyul Choktrul,R8LS13294,92,,,4,3,,13881,FALSE,,,,,,
Peling Sungtrul,R1AG93,93,,,1,,P1693,3000,FALSE,,,,,,
Peling Sungtrul,R1AG93,93,,,2,2,P2654,4374,FALSE,,,,,,
Peling Sungtrul,R1AG93,93,,,3,3,P1692,2999,FALSE,,,,,,
Peling Sungtrul,R1AG93,93,,,4,4,P662,9223,FALSE,,,,,,
Peling Sungtrul,R1AG93,93,,,5,5,P2676,4398,FALSE,,,,,,
Peling Sungtrul,R1AG93,93,,,6,6,P2687,4410,FALSE,,,,,,
Peling Sungtrul,R1AG93,93,,,7,7,P2697,4421,FALSE,,,,,,
Peling Sungtrul,R1AG93,93,,,8,8,P2707,4433,FALSE,,,,,,
Peling Sungtrul,R1AG93,93,,,9,9,P739,10051,FALSE,,,,,,
Peling Sungtrul,R1AG93,93,,,10,10,P2749,4479,FALSE,,,,,,
Peling Sungtrul,R1AG93,93,,,11,11,P2755,4486,FALSE,,,,,,
Garchen,R8LS13273,94,,,1,,P813,10824,FALSE,,,,,,
Garchen,R8LS13273,94,,,2,1,P8575,11302,FALSE,,,,,,
Garchen,R8LS13273,94,,,3,2,P8576,11303,FALSE,,,,,,
Garchen,R8LS13273,94,,,4,3,P8577,11304,FALSE,,,,,,
Garchen,R8LS13273,94,,,5,4,P8578,11305,FALSE,,,,,,
Garchen,R8LS13273,94,,,6,5,P8579,11306,FALSE,,,,,,
Garchen,R8LS13273,94,,,7,6,P8580,11308,FALSE,,,,,,
Garchen,R8LS13273,94,,,8,7,P8581,11309,FALSE,,,,,,
Garchen,R8LS13273,94,,,9,8,P8582,11310,FALSE,,,,,,
Neten Chokling,R8LS18185,95,,,1,,P564,8181,TRUE,,,,,,
Neten Chokling,R8LS18184,95,,8181,2,2,P1AG97,13577,TRUE,,,,,,
Neten Chokling,R8LS18184,95,,,3,3,P8050,10743,TRUE,,,,,,
Neten Chokling,R8LS18184,95,,,4,4,P1AG100,13579,TRUE,,,,,,
Neten Chokling,R8LS18184,95,,,5,5,P1AG103,13582,TRUE,,,,,,
Tsike Chokling,R8LS18184,96,,,1,,P564,8181,TRUE,,,,,,
Tsike Chokling,R8LS18185,96,,8181,2,2,P564,10743,TRUE,,,,,,
Tsike Chokling,R8LS18185,96,,,3,3,P8050,13579,TRUE,,,,,,
Tsike Chokling,R8LS18185,96,,,4,4,P1AG100,13581,TRUE,,,,,,
Shechen Gyeltsab,R8LS13184,97,,,1,1,P8LS13181,4044,FALSE,,,,,,
Shechen Gyeltsab,R8LS13184,97,,,2,2,P8LS13182,13591,FALSE,,,,,,
Shechen Gyeltsab,R8LS13184,97,,,3,3,P6314,8896,FALSE,,,,,,
Shechen Gyeltsab,R8LS13184,97,,,4,4,P235,4044,FALSE,,,,,,
Shechen Gyeltsab,R8LS13184,97,,,5,5,P8LS13183,13575,FALSE,,,,,,
Nyetang Mokchok,R8LS13030,98,,,1,1,P39,6285,FALSE,,,,,,
Nyetang Mokchok,R8LS13030,98,,,2,2,P8LS12966,13752,FALSE,,,,,,
Nyetang Mokchok,R8LS13030,98,,,3,3,P8LS12967,13753,FALSE,,,,,,
Nyetang Mokchok,R8LS13030,98,,,4,4,P8LS12968,13754,FALSE,,,,,,
Nyetang Mokchok,R8LS13030,98,,,5,5,P8LS12969,13755,FALSE,,,,,,
Nyetang Mokchok,R8LS13030,98,,,6,6,P8LS12970,13756,FALSE,,,,,,
Chamtrul,,99,,,1,1,P6026,8600,FALSE,,,,,,
Demo,R8LS12778,100,,,1,1,P433,6757,FALSE,,,,,,
Demo,R8LS12778,100,,,2,2,P5456,7979,FALSE,,,,,,
Demo,R8LS12778,100,,,3,3,P5457,7980,FALSE,,,,,,
Demo,R8LS12778,100,,,4,4,P1787,3104,FALSE,,,,,,
Demo,R8LS12778,100,,,5,5,P1786,3103,FALSE,,,,,,
Demo,R8LS12778,100,,,6,6,P8LS12437,13751,FALSE,,,,,,
Demo,R8LS12778,100,,,7,7,P1788,3105,FALSE,,,,,,
Demo,R8LS12778,100,,,8,8,P1812,3133,FALSE,,,,,,
Demo,R8LS12778,100,,,9,9,P1814,3135,FALSE,,,,,,
Demo,R8LS12778,100,,,10,10,P9011,11779,FALSE,,,,,,
Drigung Chetsang,R8LS12886,101,,,1,1,P4578,7028,FALSE,,,,,,
Drigung Chetsang,R8LS12886,101,,,2,2,P416,6569,FALSE,,,,,,
Drigung Chetsang,R8LS12886,101,,,3,3,P330,5630,FALSE,,,,,,
Drigung Chetsang,R8LS12886,101,,,4,4,P845,11167,FALSE,,,,,,
Drigung Chetsang,R8LS12886,101,,,5,5,P2231,3913,FALSE,,,,,,
Drigung Chetsang,R8LS12886,101,,,6,6,P2227,3908,FALSE,,,,,,
Drigung Chetsang,R8LS12886,101,,,7,7,P4582,7033,FALSE,,,,,,
Gungri Khandro,R8LS13062,103,,,1,1,P9547,12357,FALSE,,No TOL bios,,,,
Gungri Khandro,R8LS13062,103,,,2,2,P9546,12356,FALSE,,No TOL bios,,,,
Gungri Khandro,R8LS13062,103,,,3,3,P9545,12355,FALSE,,No TOL bios,,,,
Gungri Khandro,R8LS13062,103,,,4,4,P9544,12354,FALSE,,No TOL bios,,,,
Gungri Khandro,R8LS13062,103,,,5,5,P392,6307,FALSE,,No TOL bios,,,,
Dzongkar,R8LS13153,104,,,1,1,P422,6635,FALSE,,,,,,
Dzongkar,R8LS13153,104,,,2,2,P8LS13149,13202,FALSE,,,,,,
Dzongkar,R8LS13153,104,,,3,3,P8LS13151,13201,FALSE,,,,,,
Dzongkar,R8LS13153,104,,,4,4,P8LS13152,13201,FALSE,,,,,,
Dzongkar,R8LS13153,104,,,5,5,P1206,2469,FALSE,,,,,,
Dzongkar,R8LS13153,104,,,6,6,P8LS13150,13224,FALSE,,,,,,
Tsechok Ling,R8LS13046,106,,,1,1,P105,2072,FALSE,,No members with TOL bios,,,,
Tsechok Ling,R8LS13046,106,,,2,2,P8LS13013,13600,FALSE,,,,,,
Tsechok Ling,R8LS13046,106,,,3,3,P8LS13014,13601,FALSE,,,,,,
Tsechok Ling,R8LS13046,106,,,4,4,P8LS13015,13602,FALSE,,,,,,
Tsechok Ling,R8LS13046,106,,,5,5,P5619,8158,FALSE,,,,,,
Tsechok Ling,R8LS13046,106,,,6,6,P8LS13016,13603,FALSE,,,,,,
Tsechok Ling,R8LS13046,106,,,7,7,P8LS13017,13604,FALSE,,,,,,
Chepa Gyakhar,R8LS13334,108,,,1,1,P8LS13327,13608,FALSE,,No bios,,,,
Chepa Gyakhar,R8LS13334,108,,,2,2,P8LS13328,13770,FALSE,,,,,,
Chepa Gyakhar,R8LS13334,108,,,3,3,P8LS13329,13771,FALSE,,,,,,
Chepa Gyakhar,R8LS13334,108,,,4,4,P8LS13330,13772,FALSE,,,,,,
Chepa Gyakhar,R8LS13334,108,,,5,5,P8LS13331,13610,FALSE,,,,,,
Chepa Gyakhar,R8LS13334,108,,,6,6,P8LS13332,13609,FALSE,,,,,,
Chepa Gyakhar,R8LS13334,108,,,7,7,P8LS13333,13608,FALSE,,,,,,
Lelung Jedrung,,109,,,1,1,P1317,2592,FALSE,,,,,,
Lelung Jedrung,,109,,,2,2,P2311,4002,FALSE,,,,,,
Lelung Jedrung,,109,,,3,3,P5465,7989,FALSE,,,,,,
Lelung Jedrung,,109,,,4,4,P5466,7990,FALSE,,,,,,
Lelung Jedrung,,109,,,5,5,P675,9361,FALSE,,,,,,
Lelung Jedrung,,109,,,6,6,P5467,7991,FALSE,,,,,,
Lelung Jedrung,,109,,,7,7,P5468,7992,FALSE,,,,,,
Lelung Jedrung,,109,,,8,8,P10MS14276,13645,FALSE,,,,,,
Lelung Jedrung,,109,,,9,9,P10MS14277,13498,FALSE,,,,,,
Lelung Jedrung,,109,,,10,10,P10MS14278,13499,FALSE,,,,,,
Lelung Jedrung,,109,,,11,11,P00EGS1017152,62,FALSE,,,,,,
Dilgo Khyentse,,111,86,4291,2,1,P625,8825,TRUE,,,,,,
Pelme Khyentse,,113,86,4291,2,1,P6897,9521,TRUE,,,,,,
Pakchok Khyentse,,114,86,4291,2,1,P727,9924,TRUE,,,,,,
Gonchen Khyentse,,115,86,4291,2,1,P8LS76438,13653,TRUE,,,,,,
Gonchen Khyentse,,115,86,,3,2,P8LS76435,13654,TRUE,,,,,,
Dungkar,R8LS12912,117,,,1,1,P8LS12765,13711,FALSE,,,,,,
Dungkar,R8LS12912,117,,,2,2,P8LS12766,13712,FALSE,,,,,,
Dungkar,R8LS12912,117,,,3,3,P8LS12767,13710,FALSE,,,,,,
Dungkar,R8LS12912,117,,,4,4,P8LS12768,13713,FALSE,,,,,,
Dungkar,R8LS12912,117,,,5,5,P8LS12769,13714,FALSE,,,,,,
Dungkar,R8LS12912,117,,,6,6,P8LS12770,13715,FALSE,,,,,,
Dungkar,R8LS12912,117,,,8,8,P1161,2419,FALSE,,,,,,
Khordong,,116,,,1,1,P1KG9679,13617,FALSE,,,,,,
Khordong,,116,,,3,3,P1KG9680,13689,FALSE,,,,,,
Ganden Tongkhor,,118,60,2755,6,6,P1813,3134,TRUE,,,,,,
Ganden Tongkhor,,118,60,,7,7,P2064,3730,TRUE,,,,,,
Ganden Tongkhor,,118,60,,8,8,P2067,3733,TRUE,,,,,,
Ganden Tongkhor,,118,60,,9,9,P402,6419,TRUE,,,,,,
Ganden Tongkhor,,118,60,,10,10,P2068,3734,TRUE,,,,,,
Ganden Tongkhor,,118,60,,11,11,P2069,3735,TRUE,,,,,,
Ganden Tongkhor,,118,60,,12,12,P2071,3738,TRUE,,,,,,
Ganden Tongkhor,,118,60,,13,13,P2072,3739,TRUE,,,,,,
Zimwok,,119,,,5,5,P2597,4310,FALSE,,,,,,
Jebtsundampa,R8LS13205,120,,,1,1,P5779,8334,FALSE,,,,,,
Jebtsundampa,R8LS13205,120,,,2,2,P4614,7069,FALSE,,,,,,
Jebtsundampa,R8LS13205,120,,,3,3,P2383,4081,FALSE,,,,,,
Jebtsundampa,R8LS13205,120,,,4,4,P5778,8333,FALSE,,,,,,
Jebtsundampa,R8LS13205,120,,,5,5,P261,4325,FALSE,,,,,,
Jebtsundampa,R8LS13205,120,,,6,6,P6556,9154,FALSE,,,,,,
Jebtsundampa,R8LS13205,120,,,7,7,P6557,9155,FALSE,,,,,,
Jebtsundampa,R8LS13205,120,,,8,8,P4945,7431,FALSE,,,,,,
Jebtsundampa,R8LS13205,120,,,9,9,P8697,11437,FALSE,,,,,,
Drubgyud Tulku,,121,,,1,1,,13836,FALSE,,,,,,
Drubgyud Tulku,,121,,,2,2,,13837,FALSE,,,,,,3735
Drubgyud Tulku,,121,,,3,3,,13838,FALSE,,,,,,
Drubgyud Tulku,,121,,,4,4,,13839,FALSE,,,,,,
Drubgyud Tulku,,121,,,5,5,,13840,FALSE,,,,,,
Drubgyud Tulku,,121,,,6,6,,13841,FALSE,,,,,,
Katok Getse,,122,,,1,,,4691,FALSE,,,,,,
Katok Getse,,122,,,2,2,,8592,FALSE,,,,,,
Katok Getse,,122,,,3,3,,7254,FALSE,,,,,,
Dudjom,,123,,,1,,,7737,FALSE,,,,,,
Dudjom,,123,,,2,,,9105,FALSE,,,,,,
Dudjom,,123,,,3,,,9688,FALSE,,,,,,
Dudjom,,123,,,4,,,10019,FALSE,,,,,,
Kagyu Tulku,,124,,,1,,,9761,FALSE,,,,,,
Kagyu Tulku,,124,,,2,2,,13855,FALSE,,,,,,
Kagyu Tulku,,124,,,3,3,,9764,FALSE,,,,,,
Kagyu Tulku,,124,,,4,4,,13856,FALSE,,,,,,
Kagyu Tulku,,124,,,5,5,,13857,FALSE,,,,,,
Kagyu Tulku,,124,,,6,6,,13858,FALSE,,,,,,
Kagyu Tulku,,124,,,7,7,,13859,FALSE,,,,,,
Tana Lhatse,,125,,,1,1,,13861,FALSE,,,,,,
Tana Lhatse,,125,,,2,2,,13862,FALSE,,,,,,
Dezhung,,126,,,1,,P3JM7,12772,FALSE,,,,,,
Dezhung,,126,,,2,2,P11MS232,13678,FALSE,,,,,,
Dezhung,,126,,,3,3,P7679,10355,FALSE,,,,,,
,,,,,,,,,FALSE,,,,,,
,,,,,,,,,FALSE,,,,,,
,,,,,,,,,FALSE,,,,,,
,,,,,,,,,FALSE,,,,,,
,,,,,,,,,FALSE,,,,,,
,,,,,,,,,FALSE,,,,,,
,,,,,,,,,FALSE,,,,,,
,,,,,,,,,FALSE,,,,,,
,,,,,,,,,FALSE,,,,,,
,,,,,,,,,FALSE,,,,,,
,,,,,,,,,FALSE,,,,,,
,,,,,,,,,FALSE,,,,,,
,,,,,,,,,FALSE,,,,,,
,,,,,,,,,FALSE,,,,,,
,,,,,,,,,FALSE,,,,,,
,,,,,,,,,FALSE,,,,,,
,,,,,,,,,FALSE,,,,,,
,,,,,,,,,FALSE,,,,,,
,,,,,,,,,FALSE,,,,,,
,,,,,,,,,FALSE,,,,,,
,,,,,,,,,FALSE,,,,,,
,,,,,,,,,FALSE,,,,,,
,,,,,,,,,FALSE,,,,,,
,,,,,,,,,FALSE,,,,,,
,,,,,,,,,FALSE,,,,,,
,,,,,,,,,FALSE,,,,,,
,,,,,,,,,FALSE,,,,,,
,,,,,,,,,FALSE,,,,,,
,,,,,,,,,FALSE,,,,,,
,,,,,,,,,FALSE,,,,,,
,,,,,,,,,FALSE,,,,,,
,,,,,,,,,FALSE,,,,,,
,,,,,,,,,FALSE,,,,,,
,,,,,,,,,FALSE,,,,,,
,,,,,,,,,FALSE,,,,,,
,,,,,,,,,FALSE,,,,,,
,,,,,,,,,FALSE,,,,,,
,,,,,,,,,FALSE,,,,,,
,,,,,,,,,FALSE,,,,,,
,,,,,,,,,FALSE,,,,,,
,,,,,,,,,FALSE,,,,,,
,,,,,,,,,FALSE,,,,,,
,,,,,,,,,FALSE,,,,,,
,,,,,,,,,FALSE,,,,,,
,,,,,,,,,FALSE,,,,,,
,,,,,,,,,FALSE,,,,,,
,,,,,,,,,FALSE,,,,,,
,,,,,,,,,FALSE,,,,,,
,,,,,,,,,FALSE,,,,,,
,,,,,,,,,FALSE,,,,,,
,,,,,,,,,FALSE,,,,,,
,,,,,,,,,FALSE,,,,,,
,,,,,,,,,FALSE,,,,,,
,,,,,,,,,FALSE,,,,,,
,,,,,,,,,FALSE,,,,,,
,,,,,,,,,FALSE,,,,,,
,,,,,,,,,FALSE,,,,,,
,,,,,,,,,FALSE,,,,,,
,,,,,,,,,FALSE,,,,,,
,,,,,,,,,FALSE,,,,,,
,,,,,,,,,FALSE,,,,,,
,,,,,,,,,FALSE,,,,,,
,,,,,,,,,FALSE,,,,,,
,,,,,,,,,FALSE,,,,,,
,,,,,,,,,FALSE,,,,,,
,,,,,,,,,FALSE,,,,,,
,,,,,,,,,FALSE,,,,,,
,,,,,,,,,FALSE,,,,,,
,,,,,,,,,FALSE,,,,,,
,,,,,,,,,FALSE,,,,,,
,,,,,,,,,FALSE,,,,,,
,,,,,,,,,FALSE,,,,,,
,,,,,,,,,FALSE,,,,,,
,,,,,,,,,FALSE,,,,,,
,,,,,,,,,FALSE,,,,,,
,,,,,,,,,FALSE,,,,,,
,,,,,,,,,FALSE,,,,,,
,,,,,,,,,FALSE,,,,,,
,,,,,,,,,FALSE,,,,,,
,,,,,,,,,FALSE,,,,,,
,,,,,,,,,FALSE,,,,,,
,,,,,,,,,FALSE,,,,,,
,,,,,,,,,FALSE,,,,,,
,,,,,,,,,FALSE,,,,,,
,,,,,,,,,FALSE,,,,,,
,,,,,,,,,FALSE,,,,,,
,,,,,,,,,FALSE,,,,,,
,,,,,,,,,FALSE,,,,,,
,,,,,,,,,FALSE,,,,,,
,,,,,,,,,FALSE,,,,,,
,,,,,,,,,FALSE,,,,,,
,,,,,,,,,FALSE,,,,,,
,,,,,,,,,FALSE,,,,,,
,,,,,,,,,FALSE,,,,,,
,,,,,,,,,FALSE,,,,,,
,,,,,,,,,FALSE,,,,,,
,,,,,,,,,FALSE,,,,,,
,,,,,,,,,FALSE,,,,,,
,,,,,,,,,FALSE,,,,,,
,,,,,,,,,FALSE,,,,,,
,,,,,,,,,FALSE,,,,,,
,,,,,,,,,FALSE,,,,,,
,,,,,,,,,FALSE,,,,,,
,,,,,,,,,FALSE,,,,,,
,,,,,,,,,FALSE,,,,,,
,,,,,,,,,FALSE,,,,,,
,,,,,,,,,FALSE,,,,,,
,,,,,,,,,FALSE,,,,,,
,,,,,,,,,FALSE,,,,,,
,,,,,,,,,FALSE,,,,,,
,,,,,,,,,FALSE,,,,,,
,,,,,,,,,FALSE,,,,,,
,,,,,,,,,FALSE,,,,,,
,,,,,,,,,FALSE,,,,,,
,,,,,,,,,FALSE,,,,,,
,,,,,,,,,FALSE,,,,,,
,,,,,,,,,FALSE,,,,,,
,,,,,,,,,FALSE,,,,,,
,,,,,,,,,FALSE,,,,,,
,,,,,,,,,FALSE,,,,,,
,,,,,,,,,FALSE,,,,,,
,,,,,,,,,FALSE,,,,,,
,,,,,,,,,FALSE,,,,,,
,,,,,,,,,FALSE,,,,,,
,,,,,,,,,FALSE,,,,,,
,,,,,,,,,FALSE,,,,,,
,,,,,,,,,FALSE,,,,,,
,,,,,,,,,FALSE,,,,,,
,,,,,,,,,FALSE,,,,,,
,,,,,,,,,FALSE,,,,,,
,,,,,,,,,FALSE,,,,,,
,,,,,,,,,FALSE,,,,,,
,,,,,,,,,FALSE,,,,,,
,,,,,,,,,FALSE,,,,,,
,,,,,,,,,FALSE,,,,,,
,,,,,,,,,FALSE,,,,,,
,,,,,,,,,FALSE,,,,,,
,,,,,,,,,FALSE,,,,,,
,,,,,,,,,FALSE,,,,,,
,,,,,,,,,FALSE,,,,,,
,,,,,,,,,FALSE,,,,,,
,,,,,,,,,FALSE,,,,,,
,,,,,,,,,FALSE,,,,,,
,,,,,,,,,FALSE,,,,,,
,,,,,,,,,FALSE,,,,,,
,,,,,,,,,FALSE,,,,,,
,,,,,,,,,FALSE,,,,,,
,,,,,,,,,FALSE,,,,,,
,,,,,,,,,FALSE,,,,,,
,,,,,,,,,FALSE,,,,,,
,,,,,,,,,FALSE,,,,,,
,,,,,,,,,FALSE,,,,,,
,,,,,,,,,FALSE,,,,,,
,,,,,,,,,FALSE,,,,,,
,,,,,,,,,FALSE,,,,,,
,,,,,,,,,FALSE,,,,,,
,,,,,,,,,FALSE,,,,,,
,,,,,,,,,FALSE,,,,,,
,,,,,,,,,FALSE,,,,,,
,,,,,,,,,FALSE,,,,,,
,,,,,,,,,FALSE,,,,,,
,,,,,,,,,FALSE,,,,,,
,,,,,,,,,FALSE,,,,,,
,,,,,,,,,FALSE,,,,,,
,,,,,,,,,FALSE,,,,,,
,,,,,,,,,FALSE,,,,,,
,,,,,,,,,FALSE,,,,,,
,,,,,,,,,FALSE,,,,,,
,,,,,,,,,FALSE,,,,,,
,,,,,,,,,FALSE,,,,,,
,,,,,,,,,FALSE,,,,,,
,,,,,,,,,FALSE,,,,,,
,,,,,,,,,FALSE,,,,,,
,,,,,,,,,FALSE,,,,,,
,,,,,,,,,FALSE,,,,,,
,,,,,,,,,FALSE,,,,,,
,,,,,,,,,FALSE,,,,,,
,,,,,,,,,FALSE,,,,,,
,,,,,,,,,FALSE,,,,,,
,,,,,,,,,FALSE,,,,,,
,,,,,,,,,FALSE,,,,,,
,,,,,,,,,FALSE,,,,,,
,,,,,,,,,FALSE,,,,,,
,,,,,,,,,FALSE,,,,,,
,,,,,,,,,FALSE,,,,,,
,,,,,,,,,FALSE,,,,,,
,,,,,,,,,FALSE,,,,,,
,,,,,,,,,FALSE,,,,,,
,,,,,,,,,FALSE,,,,,,
,,,,,,,,,FALSE,,,,,,
,,,,,,,,,FALSE,,,,,,
,,,,,,,,,FALSE,,,,,,
,,,,,,,,,FALSE,,,,,,
,,,,,,,,,FALSE,,,,,,
,,,,,,,,,FALSE,,,,,,
,,,,,,,,,FALSE,,,,,,
,,,,,,,,,FALSE,,,,,,
,,,,,,,,,FALSE,,,,,,
,,,,,,,,,FALSE,,,,,,
,,,,,,,,,FALSE,,,,,,
,,,,,,,,,FALSE,,,,,,
,,,,,,,,,FALSE,,,,,,
,,,,,,,,,FALSE,,,,,,
,,,,,,,,,FALSE,,,,,,
,,,,,,,,,FALSE,,,,,,
,,,,,,,,,FALSE,,,,,,
,,,,,,,,,FALSE,,,,,,
,,,,,,,,,FALSE,,,,,,
,,,,,,,,,FALSE,,,,,,
,,,,,,,,,FALSE,,,,,,
,,,,,,,,,FALSE,,,,,,
,,,,,,,,,FALSE,,,,,,
,,,,,,,,,FALSE,,,,,,
,,,,,,,,,FALSE,,,,,,
,,,,,,,,,FALSE,,,,,,
,,,,,,,,,FALSE,,,,,,
,,,,,,,,,FALSE,,,,,,
,,,,,,,,,FALSE,,,,,,
,,,,,,,,,FALSE,,,,,,
,,,,,,,,,FALSE,,,,,,
,,,,,,,,,FALSE,,,,,,
,,,,,,,,,FALSE,,,,,,
,,,,,,,,,FALSE,,,,,,
,,,,,,,,,FALSE,,,,,,
,,,,,,,,,FALSE,,,,,,
,,,,,,,,,FALSE,,,,,,
,,,,,,,,,FALSE,,,,,,
,,,,,,,,,FALSE,,,,,,
,,,,,,,,,FALSE,,,,,,
,,,,,,,,,FALSE,,,,,,
,,,,,,,,,FALSE,,,,,,
,,,,,,,,,FALSE,,,,,,
,,,,,,,,,FALSE,,,,,,
,,,,,,,,,FALSE,,,,,,
,,,,,,,,,FALSE,,,,,,
,,,,,,,,,FALSE,,,,,,
,,,,,,,,,FALSE,,,,,,
,,,,,,,,,FALSE,,,,,,
,,,,,,,,,FALSE,,,,,,
,,,,,,,,,FALSE,,,,,,
,,,,,,,,,FALSE,,,,,,
,,,,,,,,,FALSE,,,,,,
,,,,,,,,,FALSE,,,,,,
,,,,,,,,,FALSE,,,,,,
,,,,,,,,,FALSE,,,,,,
,,,,,,,,,FALSE,,,,,,
,,,,,,,,,FALSE,,,,,,
,,,,,,,,,FALSE,,,,,,
,,,,,,,,,FALSE,,,,,,
,,,,,,,,,FALSE,,,,,,
,,,,,,,,,FALSE,,,,,,
,,,,,,,,,FALSE,,,,,,
,,,,,,,,,FALSE,,,,,,
,,,,,,,,,FALSE,,,,,,
,,,,,,,,,FALSE,,,,,,
,,,,,,,,,FALSE,,,,,,
,,,,,,,,,FALSE,,,,,,
,,,,,,,,,FALSE,,,,,,
,,,,,,,,,FALSE,,,,,,
,,,,,,,,,FALSE,,,,,,
,,,,,,,,,FALSE,,,,,,
,,,,,,,,,FALSE,,,,,,
,,,,,,,,,FALSE,,,,,,
,,,,,,,,,FALSE,,,,,,
,,,,,,,,,FALSE,,,,,,
,,,,,,,,,FALSE,,,,,,
,,,,,,,,,FALSE,,,,,,
,,,,,,,,,FALSE,,,,,,
,,,,,,,,,FALSE,,,,,,
,,,,,,,,,FALSE,,,,,,
,,,,,,,,,FALSE,,,,,,
,,,,,,,,,FALSE,,,,,,
,,,,,,,,,FALSE,,,,,,
,,,,,,,,,FALSE,,,,,,
,,,,,,,,,FALSE,,,,,,
,,,,,,,,,FALSE,,,,,,
,,,,,,,,,FALSE,,,,,,
,,,,,,,,,FALSE,,,,,,
,,,,,,,,,FALSE,,,,,,
,,,,,,,,,FALSE,,,,,,
,,,,,,,,,FALSE,,,,,,
,,,,,,,,,FALSE,,,,,,
,,,,,,,,,FALSE,,,,,,
,,,,,,,,,FALSE,,,,,,
,,,,,,,,,FALSE,,,,,,
,,,,,,,,,FALSE,,,,,,
,,,,,,,,,FALSE,,,,,,
,,,,,,,,,FALSE,,,,,,
,,,,,,,,,FALSE,,,,,,
,,,,,,,,,FALSE,,,,,,
,,,,,,,,,FALSE,,,,,,
,,,,,,,,,FALSE,,,,,,
,,,,,,,,,FALSE,,,,,,
,,,,,,,,,FALSE,,,,,,
,,,,,,,,,FALSE,,,,,,
,,,,,,,,,FALSE,,,,,,
,,,,,,,,,FALSE,,,,,,
,,,,,,,,,FALSE,,,,,,
,,,,,,,,,FALSE,,,,,,
,,,,,,,,,FALSE,,,,,,
,,,,,,,,,FALSE,,,,,,
,,,,,,,,,FALSE,,,,,,
,,,,,,,,,FALSE,,,,,,
,,,,,,,,,FALSE,,,,,,
,,,,,,,,,FALSE,,,,,,
,,,,,,,,,FALSE,,,,,,
,,,,,,,,,FALSE,,,,,,
,,,,,,,,,FALSE,,,,,,
,,,,,,,,,FALSE,,,,,,
,,,,,,,,,FALSE,,,,,,
,,,,,,,,,FALSE,,,,,,
,,,,,,,,,FALSE,,,,,,
,,,,,,,,,FALSE,,,,,,
,,,,,,,,,FALSE,,,,,,
,,,,,,,,,FALSE,,,,,,
,,,,,,,,,FALSE,,,,,,
,,,,,,,,,FALSE,,,,,,
,,,,,,,,,FALSE,,,,,,
,,,,,,,,,FALSE,,,,,,
,,,,,,,,,FALSE,,,,,,
,,,,,,,,,FALSE,,,,,,
,,,,,,,,,FALSE,,,,,,
,,,,,,,,,FALSE,,,,,,
,,,,,,,,,FALSE,,,,,,
,,,,,,,,,FALSE,,,,,,
,,,,,,,,,FALSE,,,,,,
,,,,,,,,,FALSE,,,,,,
,,,,,,,,,FALSE,,,,,,
,,,,,,,,,FALSE,,,,,,
,,,,,,,,,FALSE,,,,,,
,,,,,,,,,FALSE,,,,,,
,,,,,,,,,FALSE,,,,,,
,,,,,,,,,FALSE,,,,,,
,,,,,,,,,FALSE,,,,,,
,,,,,,,,,FALSE,,,,,,
,,,,,,,,,FALSE,,,,,,
,,,,,,,,,FALSE,,,,,,
,,,,,,,,,FALSE,,,,,,
,,,,,,,,,FALSE,,,,,,
,,,,,,,,,FALSE,,,,,,
,,,,,,,,,FALSE,,,,,,
,,,,,,,,,FALSE,,,,,,
,,,,,,,,,FALSE,,,,,,
,,,,,,,,,FALSE,,,,,,
,,,,,,,,,FALSE,,,,,,
,,,,,,,,,FALSE,,,,,,
,,,,,,,,,FALSE,,,,,,
,,,,,,,,,FALSE,,,,,,
,,,,,,,,,FALSE,,,,,,
,,,,,,,,,FALSE,,,,,,
,,,,,,,,,FALSE,,,,,,
,,,,,,,,,FALSE,,,,,,
,,,,,,,,,FALSE,,,,,,
,,,,,,,,,FALSE,,,,,,
,,,,,,,,,FALSE,,,,,,
,,,,,,,,,FALSE,,,,,,
,,,,,,,,,FALSE,,,,,,
,,,,,,,,,FALSE,,,,,,
,,,,,,,,,FALSE,,,,,,
,,,,,,,,,FALSE,,,,,,
,,,,,,,,,FALSE,,,,,,
,,,,,,,,,FALSE,,,,,,
,,,,,,,,,FALSE,,,,,,
,,,,,,,,,FALSE,,,,,,
,,,,,,,,,FALSE,,,,,,
,,,,,,,,,FALSE,,,,,,
,,,,,,,,,FALSE,,,,,,
,,,,,,,,,FALSE,,,,,,
,,,,,,,,,FALSE,,,,,,
,,,,,,,,,FALSE,,,,,,
,,,,,,,,,FALSE,,,,,,
,,,,,,,,,FALSE,,,,,,
,,,,,,,,,FALSE,,,,,,
,,,,,,,,,FALSE,,,,,,
,,,,,,,,,FALSE,,,,,,
,,,,,,,,,FALSE,,,,,,
,,,,,,,,,FALSE,,,,,,
,,,,,,,,,FALSE,,,,,,
,,,,,,,,,FALSE,,,,,,
,,,,,,,,,FALSE,,,,,,
,,,,,,,,,FALSE,,,,,,
,,,,,,,,,FALSE,,,,,,
,,,,,,,,,FALSE,,,,,,
,,,,,,,,,FALSE,,,,,,
,,,,,,,,,FALSE,,,,,,
,,,,,,,,,FALSE,,,,,,
,,,,,,,,,FALSE,,,,,,
,,,,,,,,,FALSE,,,,,,
,,,,,,,,,FALSE,,,,,,
,,,,,,,,,FALSE,,,,,,
,,,,,,,,,FALSE,,,,,,
,,,,,,,,,FALSE,,,,,,
,,,,,,,,,FALSE,,,,,,
,,,,,,,,,FALSE,,,,,,
,,,,,,,,,FALSE,,,,,,
,,,,,,,,,FALSE,,,,,,
,,,,,,,,,FALSE,,,,,,
,,,,,,,,,FALSE,,,,,,
,,,,,,,,,FALSE,,,,,,
,,,,,,,,,FALSE,,,,,,
,,,,,,,,,FALSE,,,,,,
,,,,,,,,,FALSE,,,,,,
,,,,,,,,,FALSE,,,,,,
,,,,,,,,,FALSE,,,,,,
,,,,,,,,,FALSE,,,,,,
,,,,,,,,,FALSE,,,,,,
,,,,,,,,,FALSE,,,,,,
,,,,,,,,,FALSE,,,,,,
,,,,,,,,,FALSE,,,,,,
,,,,,,,,,FALSE,,,,,,
,,,,,,,,,FALSE,,,,,,
,,,,,,,,,FALSE,,,,,,
,,,,,,,,,FALSE,,,,,,
,,,,,,,,,FALSE,,,,,,
,,,,,,,,,FALSE,,,,,,
,,,,,,,,,FALSE,,,,,,
,,,,,,,,,FALSE,,,,,,
,,,,,,,,,FALSE,,,,,,
,,,,,,,,,FALSE,,,,,,
,,,,,,,,,FALSE,,,,,,
,,,,,,,,,FALSE,,,,,,
,,,,,,,,,FALSE,,,,,,
,,,,,,,,,FALSE,,,,,,
,,,,,,,,,FALSE,,,,,,
,,,,,,,,,FALSE,,,,,,
,,,,,,,,,FALSE,,,,,,
,,,,,,,,,FALSE,,,,,,
,,,,,,,,,FALSE,,,,,,
,,,,,,,,,FALSE,,,,,,
,,,,,,,,,FALSE,,,,,,
,,,,,,,,,FALSE,,,,,,
,,,,,,,,,FALSE,,,,,,
,,,,,,,,,FALSE,,,,,,
,,,,,,,,,FALSE,,,,,,
,,,,,,,,,FALSE,,,,,,
,,,,,,,,,FALSE,,,,,,
,,,,,,,,,FALSE,,,,,,
,,,,,,,,,FALSE,,,,,,
,,,,,,,,,FALSE,,,,,,
,,,,,,,,,FALSE,,,,,,
,,,,,,,,,FALSE,,,,,,
,,,,,,,,,FALSE,,,,,,
,,,,,,,,,FALSE,,,,,,
,,,,,,,,,FALSE,,,,,,
,,,,,,,,,FALSE,,,,,,
,,,,,,,,,FALSE,,,,,,
,,,,,,,,,FALSE,,,,,,
,,,,,,,,,FALSE,,,,,,
,,,,,,,,,FALSE,,,,,,
,,,,,,,,,FALSE,,,,,,
,,,,,,,,,FALSE,,,,,,
,,,,,,,,,FALSE,,,,,,
,,,,,,,,,FALSE,,,,,,
,,,,,,,,,FALSE,,,,,,
,,,,,,,,,FALSE,,,,,,
,,,,,,,,,FALSE,,,,,,
,,,,,,,,,FALSE,,,,,,
,,,,,,,,,FALSE,,,,,,
,,,,,,,,,FALSE,,,,,,
,,,,,,,,,FALSE,,,,,,
,,,,,,,,,FALSE,,,,,,
,,,,,,,,,FALSE,,,,,,
,,,,,,,,,FALSE,,,,,,
,,,,,,,,,FALSE,,,,,,
,,,,,,,,,FALSE,,,,,,
,,,,,,,,,FALSE,,,,,,
,,,,,,,,,FALSE,,,,,,
,,,,,,,,,FALSE,,,,,,
,,,,,,,,,FALSE,,,,,,
,,,,,,,,,FALSE,,,,,,
,,,,,,,,,FALSE,,,,,,
,,,,,,,,,FALSE,,,,,,
,,,,,,,,,FALSE,,,,,,
,,,,,,,,,FALSE,,,,,,
,,,,,,,,,FALSE,,,,,,
,,,,,,,,,FALSE,,,,,,
,,,,,,,,,FALSE,,,,,,
,,,,,,,,,FALSE,,,,,,
,,,,,,,,,FALSE,,,,,,
,,,,,,,,,FALSE,,,,,,
,,,,,,,,,FALSE,,,,,,
,,,,,,,,,FALSE,,,,,,
,,,,,,,,,FALSE,,,,,,
,,,,,,,,,FALSE,,,,,,
,,,,,,,,,FALSE,,,,,,
,,,,,,,,,FALSE,,,,,,
,,,,,,,,,FALSE,,,,,,
,,,,,,,,,FALSE,,,,,,
,,,,,,,,,FALSE,,,,,,
,,,,,,,,,FALSE,,,,,,
,,,,,,,,,FALSE,,,,,,
,,,,,,,,,FALSE,,,,,,
,,,,,,,,,FALSE,,,,,,
,,,,,,,,,FALSE,,,,,,
,,,,,,,,,FALSE,,,,,,
,,,,,,,,,FALSE,,,,,,
,,,,,,,,,FALSE,,,,,,
,,,,,,,,,FALSE,,,,,,
,,,,,,,,,FALSE,,,,,,
,,,,,,,,,FALSE,,,,,,
,,,,,,,,,FALSE,,,,,,
,,,,,,,,,FALSE,,,,,,
,,,,,,,,,FALSE,,,,,,
,,,,,,,,,FALSE,,,,,,
,,,,,,,,,FALSE,,,,,,
,,,,,,,,,FALSE,,,,,,
,,,,,,,,,FALSE,,,,,,
,,,,,,,,,FALSE,,,,,,
,,,,,,,,,FALSE,,,,,,
,,,,,,,,,FALSE,,,,,,
,,,,,,,,,FALSE,,,,,,
,,,,,,,,,FALSE,,,,,,
,,,,,,,,,FALSE,,,,,,
,,,,,,,,,FALSE,,,,,,
,,,,,,,,,FALSE,,,,,,
,,,,,,,,,FALSE,,,,,,
,,,,,,,,,FALSE,,,,,,
,,,,,,,,,FALSE,,,,,,
,,,,,,,,,FALSE,,,,,,
,,,,,,,,,FALSE,,,,,,
,,,,,,,,,FALSE,,,,,,
,,,,,,,,,FALSE,,,,,,
,,,,,,,,,FALSE,,,,,,
,,,,,,,,,FALSE,,,,,,
,,,,,,,,,FALSE,,,,,,
,,,,,,,,,FALSE,,,,,,
,,,,,,,,,FALSE,,,,,,
,,,,,,,,,FALSE,,,,,,
,,,,,,,,,FALSE,,,,,,
,,,,,,,,,FALSE,,,,,,
,,,,,,,,,FALSE,,,,,,
,,,,,,,,,FALSE,,,,,,
,,,,,,,,,FALSE,,,,,,
,,,,,,,,,FALSE,,,,,,
,,,,,,,,,FALSE,,,,,,
,,,,,,,,,FALSE,,,,,,
,,,,,,,,,FALSE,,,,,,
,,,,,,,,,FALSE,,,,,,
,,,,,,,,,FALSE,,,,,,
,,,,,,,,,FALSE,,,,,,
,,,,,,,,,FALSE,,,,,,
,,,,,,,,,FALSE,,,,,,
,,,,,,,,,FALSE,,,,,,
,,,,,,,,,FALSE,,,,,,
,,,,,,,,,FALSE,,,,,,
,,,,,,,,,FALSE,,,,,,
,,,,,,,,,FALSE,,,,,,
,,,,,,,,,FALSE,,,,,,
,,,,,,,,,FALSE,,,,,,
,,,,,,,,,FALSE,,,,,,
,,,,,,,,,FALSE,,,,,,
,,,,,,,,,FALSE,,,,,,
,,,,,,,,,FALSE,,,,,,
,,,,,,,,,FALSE,,,,,,
,,,,,,,,,FALSE,,,,,,
,,,,,,,,,FALSE,,,,,,
,,,,,,,,,FALSE,,,,,,
,,,,,,,,,FALSE,,,,,,
,,,,,,,,,FALSE,,,,,,
,,,,,,,,,FALSE,,,,,,
,,,,,,,,,FALSE,,,,,,
,,,,,,,,,FALSE,,,,,,
,,,,,,,,,FALSE,,,,,,
,,,,,,,,,FALSE,,,,,,
,,,,,,,,,FALSE,,,,,,
,,,,,,,,,FALSE,,,,,,
,,,,,,,,,FALSE,,,,,,
,,,,,,,,,FALSE,,,,,,
,,,,,,,,,FALSE,,,,,,
,,,,,,,,,FALSE,,,,,,
,,,,,,,,,FALSE,,,,,,
,,,,,,,,,FALSE,,,,,,
,,,,,,,,,FALSE,,,,,,
,,,,,,,,,FALSE,,,,,,
,,,,,,,,,FALSE,,,,,,
,,,,,,,,,FALSE,,,,,,
,,,,,,,,,FALSE,,,,,,
,,,,,,,,,FALSE,,,,,,
,,,,,,,,,FALSE,,,,,,
,,,,,,,,,FALSE,,,,,,
,,,,,,,,,FALSE,,,,,,
,,,,,,,,,FALSE,,,,,,
,,,,,,,,,FALSE,,,,,,
,,,,,,,,,FALSE,,,,,,
,,,,,,,,,FALSE,,,,,,
,,,,,,,,,FALSE,,,,,,
,,,,,,,,,FALSE,,,,,,
,,,,,,,,,FALSE,,,,,,
,,,,,,,,,FALSE,,,,,,
,,,,,,,,,FALSE,,,,,,
,,,,,,,,,FALSE,,,,,,
,,,,,,,,,FALSE,,,,,,
,,,,,,,,,FALSE,,,,,,
,,,,,,,,,FALSE,,,,,,
,,,,,,,,,FALSE,,,,,,
,,,,,,,,,FALSE,,,,,,
,,,,,,,,,FALSE,,,,,,
,,,,,,,,,FALSE,,,,,,
,,,,,,,,,FALSE,,,,,,
,,,,,,,,,FALSE,,,,,,
,,,,,,,,,FALSE,,,,,,
,,,,,,,,,FALSE,,,,,,
,,,,,,,,,FALSE,,,,,,
,,,,,,,,,FALSE,,,,,,
,,,,,,,,,FALSE,,,,,,
,,,,,,,,,FALSE,,,,,,
,,,,,,,,,FALSE,,,,,,
,,,,,,,,,FALSE,,,,,,
,,,,,,,,,FALSE,,,,,,
,,,,,,,,,FALSE,,,,,,
,,,,,,,,,FALSE,,,,,,
,,,,,,,,,FALSE,,,,,,
,,,,,,,,,FALSE,,,,,,
,,,,,,,,,FALSE,,,,,,
,,,,,,,,,FALSE,,,,,,
,,,,,,,,,FALSE,,,,,,
,,,,,,,,,FALSE,,,,,,
,,,,,,,,,FALSE,,,,,,
,,,,,,,,,FALSE,,,,,,
,,,,,,,,,FALSE,,,,,,
,,,,,,,,,FALSE,,,,,,
,,,,,,,,,FALSE,,,,,,
,,,,,,,,,FALSE,,,,,,
,,,,,,,,,FALSE,,,,,,
,,,,,,,,,FALSE,,,,,,
,,,,,,,,,FALSE,,,,,,
,,,,,,,,,FALSE,,,,,,
,,,,,,,,,FALSE,,,,,,
,,,,,,,,,FALSE,,,,,,
,,,,,,,,,FALSE,,,,,,
,,,,,,,,,FALSE,,,,,,
,,,,,,,,,FALSE,,,,,,
,,,,,,,,,FALSE,,,,,,
,,,,,,,,,FALSE,,,,,,
,,,,,,,,,FALSE,,,,,,
,,,,,,,,,FALSE,,,,,,
,,,,,,,,,FALSE,,,,,,
,,,,,,,,,FALSE,,,,,,
,,,,,,,,,FALSE,,,,,,
,,,,,,,,,FALSE,,,,,,
,,,,,,,,,FALSE,,,,,,
,,,,,,,,,FALSE,,,,,,
,,,,,,,,,FALSE,,,,,,
,,,,,,,,,FALSE,,,,,,
,,,,,,,,,FALSE,,,,,,
,,,,,,,,,FALSE,,,,,,
,,,,,,,,,FALSE,,,,,,
,,,,,,,,,FALSE,,,,,,
,,,,,,,,,FALSE,,,,,,
,,,,,,,,,FALSE,,,,,,
,,,,,,,,,FALSE,,,,,,
,,,,,,,,,FALSE,,,,,,
,,,,,,,,,FALSE,,,,,,
,,,,,,,,,FALSE,,,,,,
,,,,,,,,,FALSE,,,,,,
,,,,,,,,,FALSE,,,,,,
,,,,,,,,,FALSE,,,,,,
,,,,,,,,,FALSE,,,,,,
,,,,,,,,,FALSE,,,,,,
,,,,,,,,,FALSE,,,,,,
,,,,,,,,,FALSE,,,,,,
,,,,,,,,,FALSE,,,,,,
,,,,,,,,,FALSE,,,,,,
,,,,,,,,,FALSE,,,,,,
,,,,,,,,,FALSE,,,,,,
,,,,,,,,,FALSE,,,,,,
,,,,,,,,,FALSE,,,,,,
,,,,,,,,,FALSE,,,,,,
,,,,,,,,,FALSE,,,,,,
,,,,,,,,,FALSE,,,,,,
,,,,,,,,,FALSE,,,,,,
,,,,,,,,,FALSE,,,,,,
,,,,,,,,,FALSE,,,,,,
,,,,,,,,,FALSE,,,,,,
,,,,,,,,,FALSE,,,,,,
,,,,,,,,,FALSE,,,,,,
,,,,,,,,,FALSE,,,,,,
,,,,,,,,,FALSE,,,,,,
,,,,,,,,,FALSE,,,,,,
,,,,,,,,,FALSE,,,,,,
,,,,,,,,,FALSE,,,,,,
,,,,,,,,,FALSE,,,,,,
,,,,,,,,,FALSE,,,,,,
,,,,,,,,,FALSE,,,,,,
,,,,,,,,,FALSE,,,,,,
,,,,,,,,,FALSE,,,,,,
,,,,,,,,,FALSE,,,,,,
,,,,,,,,,FALSE,,,,,,
,,,,,,,,,FALSE,,,,,,
,,,,,,,,,FALSE,,,,,,
,,,,,,,,,FALSE,,,,,,
,,,,,,,,,FALSE,,,,,,
,,,,,,,,,FALSE,,,,,,
,,,,,,,,,FALSE,,,,,,
,,,,,,,,,FALSE,,,,,,
,,,,,,,,,FALSE,,,,,,
,,,,,,,,,FALSE,,,,,,
,,,,,,,,,FALSE,,,,,,
,,,,,,,,,FALSE,,,,,,
,,,,,,,,,FALSE,,,,,,
,,,,,,,,,FALSE,,,,,,
,,,,,,,,,FALSE,,,,,,
,,,,,,,,,FALSE,,,,,,
,,,,,,,,,FALSE,,,,,,
,,,,,,,,,FALSE,,,,,,
,,,,,,,,,FALSE,,,,,,
,,,,,,,,,FALSE,,,,,,
,,,,,,,,,FALSE,,,,,,
,,,,,,,,,FALSE,,,,,,
,,,,,,,,,FALSE,,,,,,
,,,,,,,,,FALSE,,,,,,
,,,,,,,,,FALSE,,,,,,
,,,,,,,,,FALSE,,,,,,
,,,,,,,,,FALSE,,,,,,
,,,,,,,,,FALSE,,,,,,
,,,,,,,,,FALSE,,,,,,
,,,,,,,,,FALSE,,,,,,
,,,,,,,,,FALSE,,,,,,
,,,,,,,,,FALSE,,,,,,
,,,,,,,,,FALSE,,,,,,
,,,,,,,,,FALSE,,,,,,
,,,,,,,,,FALSE,,,,,,
,,,,,,,,,FALSE,,,,,,
,,,,,,,,,FALSE,,,,,,
,,,,,,,,,FALSE,,,,,,
,,,,,,,,,FALSE,,,,,,
,,,,,,,,,FALSE,,,,,,
,,,,,,,,,FALSE,,,,,,
,,,,,,,,,FALSE,,,,,,
,,,,,,,,,FALSE,,,,,,
,,,,,,,,,FALSE,,,,,,
,,,,,,,,,FALSE,,,,,,
,,,,,,,,,FALSE,,,,,,
,,,,,,,,,FALSE,,,,,,
,,,,,,,,,FALSE,,,,,,
,,,,,,,,,FALSE,,,,,,
,,,,,,,,,FALSE,,,,,,
,,,,,,,,,FALSE,,,,,,
,,,,,,,,,FALSE,,,,,,
,,,,,,,,,FALSE,,,,,,
,,,,,,,,,FALSE,,,,,,
,,,,,,,,,FALSE,,,,,,
,,,,,,,,,FALSE,,,,,,
,,,,,,,,,FALSE,,,,,,
,,,,,,,,,FALSE,,,,,,
,,,,,,,,,FALSE,,,,,,
,,,,,,,,,FALSE,,,,,,
,,,,,,,,,FALSE,,,,,,
,,,,,,,,,FALSE,,,,,,
,,,,,,,,,FALSE,,,,,,
,,,,,,,,,FALSE,,,,,,
,,,,,,,,,FALSE,,,,,,
,,,,,,,,,FALSE,,,,,,
,,,,,,,,,FALSE,,,,,,
,,,,,,,,,FALSE,,,,,,
,,,,,,,,,FALSE,,,,,,
,,,,,,,,,FALSE,,,,,,
,,,,,,,,,FALSE,,,,,,
,,,,,,,,,FALSE,,,,,,
,,,,,,,,,FALSE,,,,,,
,,,,,,,,,FALSE,,,,,,
,,,,,,,,,FALSE,,,,,,
,,,,,,,,,FALSE,,,,,,
,,,,,,,,,FALSE,,,,,,
,,,,,,,,,FALSE,,,,,,
,,,,,,,,,FALSE,,,,,,
,,,,,,,,,FALSE,,,,,,
,,,,,,,,,FALSE,,,,,,
,,,,,,,,,FALSE,,,,,,
,,,,,,,,,FALSE,,,,,,
,,,,,,,,,FALSE,,,,,,
,,,,,,,,,FALSE,,,,,,
,,,,,,,,,FALSE,,,,,,
,,,,,,,,,FALSE,,,,,,
,,,,,,,,,FALSE,,,,,,
,,,,,,,,,FALSE,,,,,,
,,,,,,,,,FALSE,,,,,,
,,,,,,,,,FALSE,,,,,,
,,,,,,,,,FALSE,,,,,,
,,,,,,,,,FALSE,,,,,,
,,,,,,,,,FALSE,,,,,,
,,,,,,,,,FALSE,,,,,,
,,,,,,,,,FALSE,,,,,,
,,,,,,,,,FALSE,,,,,,
,,,,,,,,,FALSE,,,,,,
,,,,,,,,,FALSE,,,,,,
,,,,,,,,,FALSE,,,,,,
,,,,,,,,,FALSE,,,,,,
,,,,,,,,,FALSE,,,,,,
,,,,,,,,,FALSE,,,,,,
,,,,,,,,,FALSE,,,,,,
,,,,,,,,,FALSE,,,,,,
,,,,,,,,,FALSE,,,,,,
,,,,,,,,,FALSE,,,,,,
,,,,,,,,,FALSE,,,,,,
,,,,,,,,,FALSE,,,,,,
,,,,,,,,,FALSE,,,,,,
,,,,,,,,,FALSE,,,,,,
,,,,,,,,,FALSE,,,,,,
,,,,,,,,,FALSE,,,,,,
,,,,,,,,,FALSE,,,,,,
,,,,,,,,,FALSE,,,,,,
,,,,,,,,,FALSE,,,,,,
,,,,,,,,,FALSE,,,,,,
,,,,,,,,,FALSE,,,,,,
,,,,,,,,,FALSE,,,,,,
,,,,,,,,,FALSE,,,,,,
,,,,,,,,,FALSE,,,,,,
,,,,,,,,,FALSE,,,,,,
,,,,,,,,,FALSE,,,,,,
,,,,,,,,,FALSE,,,,,,
,,,,,,,,,FALSE,,,,,,
,,,,,,,,,FALSE,,,,,,
,,,,,,,,,FALSE,,,,,,
,,,,,,,,,FALSE,,,,,,
,,,,,,,,,FALSE,,,,,,
,,,,,,,,,FALSE,,,,,,
,,,,,,,,,FALSE,,,,,,
,,,,,,,,,FALSE,,,,,,
,,,,,,,,,FALSE,,,,,,
,,,,,,,,,FALSE,,,,,,
,,,,,,,,,FALSE,,,,,,
,,,,,,,,,FALSE,,,,,,
,,,,,,,,,FALSE,,,,,,
,,,,,,,,,FALSE,,,,,,
,,,,,,,,,FALSE,,,,,,
,,,,,,,,,FALSE,,,,,,
,,,,,,,,,FALSE,,,,,,
,,,,,,,,,FALSE,,,,,,
,,,,,,,,,FALSE,,,,,,
,,,,,,,,,FALSE,,,,,,
,,,,,,,,,FALSE,,,,,,
,,,,,,,,,FALSE,,,,,,
,,,,,,,,,FALSE,,,,,,
,,,,,,,,,FALSE,,,,,,
,,,,,,,,,FALSE,,,,,,
,,,,,,,,,FALSE,,,,,,
,,,,,,,,,FALSE,,,,,,
,,,,,,,,,FALSE,,,,,,
,,,,,,,,,FALSE,,,,,,
,,,,,,,,,FALSE,,,,,,
,,,,,,,,,FALSE,,,,,,
,,,,,,,,,FALSE,,,,,,
,,,,,,,,,FALSE,,,,,,
,,,,,,,,,FALSE,,,,,,
,,,,,,,,,FALSE,,,,,,
,,,,,,,,,FALSE,,,,,,
,,,,,,,,,FALSE,,,,,,
,,,,,,,,,FALSE,,,,,,
,,,,,,,,,FALSE,,,,,,
,,,,,,,,,FALSE,,,,,,
,,,,,,,,,FALSE,,,,,,
,,,,,,,,,FALSE,,,,,,
,,,,,,,,,FALSE,,,,,,
,,,,,,,,,FALSE,,,,,,
,,,,,,,,,FALSE,,,,,,
,,,,,,,,,FALSE,,,,,,
,,,,,,,,,FALSE,,,,,,
,,,,,,,,,FALSE,,,,,,
,,,,,,,,,FALSE,,,,,,
,,,,,,,,,FALSE,,,,,,
,,,,,,,,,FALSE,,,,,,
,,,,,,,,,FALSE,,,,,,
,,,,,,,,,FALSE,,,,,,
,,,,,,,,,FALSE,,,,,,
,,,,,,,,,FALSE,,,,,,
,,,,,,,,,FALSE,,,,,,
,,,,,,,,,FALSE,,,,,,
,,,,,,,,,FALSE,,,,,,
,,,,,,,,,FALSE,,,,,,
,,,,,,,,,FALSE,,,,,,
,,,,,,,,,FALSE,,,,,,