incarnation_lineages_id (PK),BDRC R ID,TOL R ID,Incarnation Name,Tradition 1,Tradition ID 1,Tradition 2,Tradition ID 2,Wylie,Tibetan,Chinese,BDRC G ID,TOL G ID,description
1,R11MS152,1,Adzom Drukpa,Nyingma,1,,,a 'dzom 'brug pa,ཨ་འཛོམ་འབྲུག་པ།,,G188,TOLG43,"<p>
        The Adzom Drukpa incarnation line has its seat at <a href=""/geographies/view/Adzom-Gar/TBRC_G188"">Adzom Gar</a> in Pelyul. The <a href=""/biographies/view/First-Adzom-Drukpa,-Drodul-Pawo-Dorje/TBRC_P6002"">First Adzom Drukpa, Drodul Pawo Dorje</a> was a major Nyingma figure of late nineteenth century Kham.</p>
"
2,R8LS13083,2,Amchok,Geluk,27,,,a mchog,ཨ་མཆོག།,,G393; G1962,"TOL480, TOL718","<p>
	The Amchok is a Geluk incarnation line which was established in the 18th century. The King of Amchok kingdom, covering much of southeast Amdo, gave the First Amchok Sonam Chopel his title. The line was established when the&nbsp;<a href=""/biographies/view/Second-Amchok-Konchok-Tenpai-Gyeltsen/TBRC_P2976"">Second Amchok Konchok Tenpai Gyeltsen</a>&nbsp;was recognized as the reincarnation of Sonam Chopel. The Amchok lamas&#39; seats were&nbsp;<a href=""/geographies/view/Amchok-Monastery/TBRC_G393"">Amchok Monastery</a>&nbsp;and&nbsp;<a href=""/geographies/view/Amchok-Tsenyi/TBRC_G1962"">Amchok Tsenyi</a>&nbsp;Monastery.</p>
"
3,R8LS13071,3,Amdo Zhamar,Geluk,27,,,a mdo zhwa dmar,ཨ་མདོ་ཞྭ་དམར།,,G271; G162; G1PD96117,"TOL401, TOL450, TOL375","<p>
	An important Geluk incarnation line in Amdo with seats at&nbsp;<a href=""/geographies/view/Lamo-Dechen/TBRC_G271"">Lamo Dechen</a>,&nbsp;<a href=""/geographies/view/Labrang-Tashikyil/TBRC_G162"">Labrang Tashikyil</a>&nbsp;and&nbsp;<a href=""/geographies/view/Ditsa/TBRC_G1PD96117"">Ditsa</a>&nbsp;monasteries. The line dates from the mid-17th century. Ditsa was founded in 1903 by the Fourth Amdo Zhamar&nbsp;<a href=""/biographies/view/Gendun-Tendzin-Gyatso/TBRC_P196"">Gendun Tendzin Gyatso</a>. The Sixth Amdo Zhamar,&nbsp;<a href=""/biographies/view/Lobzang-Jigme-Tendzin-Gyatso/TBRC_P8LS12692"">Lobzang Jigme Tendzin Gyatso</a>, was forced to spend much of his short life herding cattle due to the Cultural Revolution.</p>
"
4,R8LS13073,4,Belmang,Geluk,27,,,dbal mang ,དབལ་མང་།,,G162; G301,"TOL450, TOL361","<p>
	The&nbsp;<a href=""/biographies/view/First-Belmang,-Lobzang-Dondrub/TBRC_P3924"">First Belmang, Lobzang Dondrub</a>, was the ninth throne holder of&nbsp;<a href=""/geographies/view/Labrang/TBRC_G162"">Labrang</a>. A Geluk incarnation line, the line&#39;s seats were at Labrang Tashikyl and&nbsp;<a href=""/geographies/view/Shitsang/TBRC_G301"">Shitsang</a>&nbsp;monasteries. The line dates from the 18th century with the&nbsp;<a href=""/biographies/view/Second-Jamyang-Zhepa/TBRC_P169"">Second Jamyang Zhepa</a>&#39;s recognition of the&nbsp;<a href=""/biographies/view/Second-Belmang,-Konchok-Gyeltsen/TBRC_P176"">Second Belmang, Konchok Gyeltsen</a>, as the reincarnation of Lobzang Dondrub.</p>
<p>
	&nbsp;</p>
"
5,R-NUMBER,5,Belmang Chungwa,Geluk,27,,,dbal mang chung ba,དབལ་མང་ཆུང་བ།,,G162 ,TOLG41,"<p>
	A Geluk incarnation line, the Belmang Chungwa incarnations should not be confused with the Belmang incarnations. The <a href=""/biographies/view/Second-Belmang-Chungwa-Konchok-Chopel/TBRC_P1765"">Second Belmang Chungwa, Konchok Chopel</a> was recognized by the <a href=""/biographies/view/Second-Jamyang-Zhepa-Konchok-Jigme-Wangpo/TBRC_P169"">Second Jamyang Zhepa, Konchok Jigme Wangpo</a> as the reincarnation of a recently deceased teacher named Tashi Gyatso of the Tantric College at <a href=""/geographies/view/Labrang-Tashikyil/TBRC_G162"">Labrang Tashikyil</a>. Like the Belmang incarnations, the line&#39;s seat was also at Labrang.</p>
"
6,R8LS12788,6,Chakra,Geluk,27,,,lcags ra,ལྕགས་ར།,,G180,TOLG237,"<p>
	A Geluk incarnation line dating from the fifteenth century with its seat at <a href=""/geographies/view/Chamdo-Jampa-Ling/TBRC_G180"">Chamdo Jampa Ling</a> in Chamdo. The Chakra tulkus are said to be emanations of Vajrapāṇi. The <a href=""/biographies/view/First-Chakra-Tulku-Sanggye-Peljor/TBRC_2ag2"">First Chakra Tulku Sanggye Peljor</a> was the nephew and disciple of the <a href=""/biographies/view/First-Pakpa-Lha/TBRC_P427"">First Pakpa Lha</a>, whom he assisted in establishing numerous monasteries across Southeastern Tibet.</p>
"
7,R8LS13249,7,Chakri Nyidrak,Nyingma,1,,,chags ri nyi grags,ཆགས་རི་ཉི་གྲགས།,,G1KR1686,TOLG426,"<p>
	The Chakri Nyidrak line of incarnations, aslo known as the Nyitrul line, originated with <a href=""/biographies/view/Terchen-Nyima-Drakpa/TBRC_p425"">Terchen Nyima Drakpa</a>, the prolific seventeenth-century treasure revealer. The line&#39;s seats are at <a href=""/geographies/view/Tamogang-Kelzang-Puntsok-Ling/TBRC_g491"">Tamogang Kelzang Puntsok Ling</a> and <a href=""/geographies/view/Sindzong-Osel-Drubde-Chakri/TBRC_G1KR1686"">Sindzong Osel Drubde Chakri</a> monasteries.</p>
"
8,R8LS13162,8,Chaktsa,Nyingma,1,,,phyag tsha,ཕྱག་ཚ།,,G518,TOLG421,"<p>
	The Chaktsa incarnations were a Nyingma line based at <a href=""/geographies/view/Getse-Tralek-Monastery/TBRC_G518"">Getse Tralek Monastery</a>. Beginning with the <a href=""/biographies/view/Second-Chaktsa,-Kunzang-Tenpai-Nyinje/TBRC_P7986"">Second Chaktsa, Kunzang Tenpai Nyinje</a>, the lamas were enthroned at <a href=""/geographies/view/Katok-Dorjeden-Monastery/TBRC_G17"">Katok Dorjeden Monastery</a> and resided at their seat monastery of Getse Tralek. The line dates from the middle of the eightenth century in the person of <a href=""/biographies/view/Kunzang-Ngedon-Wangpo/TBRC_P10542"">Kunzang Ngedon Wangpo</a>.</p>
"
9,R8LS13058,9,Changkya,Geluk,27,,,lcang skya,ལྕང་སྐྱ།,,G165,TOLG156,"<p>
	The Changkya incarnation line is based at <a href=""/geographies/view/Gonlung-Jampa-Ling/TBRC_G165"">Gonlung Jampa Ling</a>, one of the four most important Geluk monasteries in Amdo. Many of the Changkya lamas had a close relationship with the Qing court. The <a href=""/biographies/view/Second-Changkya-Ngawang-Lobzang-Choden/TBRC_P209"">Second Changkya Ngawang Lobzang Choden</a> was a close teacher of the Kangxi Emperor and responsible for the initial spread of the Geluk tradition of Tibetan Buddhism in the high circles of the Qing dynasty. The <a href=""/biographies/view/Third-Changkya-Rolpai-Dorje/TBRC_P182"">Third Changkya Rolpai Dorje</a> served as the Qianlong emperor&#39;s main Buddhist translator, tutor, and National Preceptor.</p>
"
10,R8LS13109,10,Chesho,Geluk,27,,,che shos,ཆེ་ཤོས།,,G160,TOLG40,"<p>
	The Chesho Tulku is a Geluk incarnation line dating from the early eighteenth century with a seat at <a href=""/geographies/view/Kumbum-Jampaling/TBRC_G160"">Kumbum Jampaling</a> in Amdo. The line originated with <a href=""/biographies/view/Ngwawang-Shedrub-Tenpai-Nyima/TBRC_p283"">Ngwawang Shedrub Tenpai Nyima</a>, who was recognized as the reincarnation of <a href=""/biographies/view/Ngawang-Tenpa/TBRC_p1981"">Ngawang Tenpa</a>, the thirty-third abbot of Kumbum.</p>
"
11,,11,Chonyi Gyatso,Nyingma,1,,,chos nyid rgya mtsho,ཆོས་ཉིད་རྒྱ་མཚོ།,,G17,TOLG9,"<p>
	The Chonyi Gyatso incarnation line originated in the late seventeenth century with the <a href=""/biographies/view/First-Chonyi-Gyatso,-Chopa-Lugu/TBRC_p6054"">First Chonyi Gyatso, Chopa Lugu</a>, a minor but colorful figure associated with <a href=""/geographies/view/Katok-Monastery/TBRC_G17"">Katok Monastery</a> and the treasures of <a href=""/biographies/view/Longsel-Nyingpo/TBRC_P1686"">Longsel Nyingpo</a>. As his name indicates, he was a master of Chod. It appears that most of the Chonyi Gyatso incarnations studied or spent time at Katok but it is unclear if that was their seat.</p>
"
12,R8LS12876,12,Dalai Lama,Geluk,27,,,tA la'i bla ma,ཏཱ་ལའི་བླ་མ།,达赖喇嘛,G108,TOLG38,"<p>
	The Dalai Lamas are a Geluk incarnation line whose Ganden Podrang government ruled Tibet from the seventeenth to the mid-twentieth century. It was the <a href=""/biographies/view/Third-Dalai-Lama,-Sonam-Gyatso/TBRC_P999"">Third Dalai Lama, Sonam Gyatso</a>, who was given the title of Dalai Lama by the leader of the Tumet Mongols, Altan Khan, which was posthumously applied to his previous incarnations, <a href=""/biographies/view/Gendun-Drub/TBRC_P80"">Gendun Drub</a> and <a href=""/biographies/view/Gendun-Gyatso/TBRC_P84"">Gendun Gyatso</a>. The Fourth Dalai Lama&#39;s Mongolian heritage cemented the Geluk-Mongol alliance, and with the <a href=""/biographies/view/Fifth-Dalai-Lama/TBRC_p37"">Fifth Dalai Lama</a>, the governance of Tibet by the Dalai Lamas began. It was the Fifth who also shifted the Dalai Lama&rsquo;s residence from Ganden Podrang at <a href=""/geographies/view/Drepung-monastery/TBRC_G108"">Drepung Monastery</a> to the newly constructed Potala Palace in Lhasa, henceforth the seat of the Tibetan government. The <a href=""/biographies/view/Thirteen-Dalai-Lama/TBRC_P197"">Thirteenth Dalai Lama</a> declared independence from Beijing and ruled as head of a sovereign state. In 1950 Chinese forces occupied the country and the Fourteenth Dalai Lama fled to India, where he still lives in exile.</p>
"
13,R8LS13072,13,Detri,Geluk,27,,,sde khri,སྡེ་ཁྲི།,,G301; G162,"TOL361, 	TOL450","<p>
	The Detri incarnation line is a prominent Geluk tulku line of&nbsp;<a href=""/geographies/view/Labrang-Monastery/TBRC_G162"">Labrang Monastery</a>&nbsp;dating from the late 17th century. The title appears to be an abbreviation of Dewatsang (sde ba tshang) Throne holder (khri pa). The&nbsp;<a href=""/biographies/view/First-Detri/TBRC_P1177"">First Detri</a>&nbsp;was the third throneholder of Labrang. The Detri incarnations had their seats at&nbsp;<a href=""/geographies/view/Shitsang/TBRC_G301"">Shitsang</a>&nbsp;and Labrang monasteries.</p>
"
14,R8LS13169,14,Dodrubchen,Nyingma,1,,,rdo grub chen,རྡོ་གྲུབ་ཆེན།,,G375,TOLG48,"<p>
	The Dodrubchen incarnation line originated with <a href=""/biographies/view/Jigme-Trinle-Ozer/TBRC_P293"">Jigme Trinle Ozer</a>, a disciple of <a href=""/biographies/view/Jigme-Lingpa/TBRC_p314"">Jigme Lingpa</a> and the founder of&nbsp;<a href=""/geographies/view/Dodrubchen-monastery/TBRC_G375"">Dodrubchen Monastery</a>. The <a href=""http://beta.treasuryoflives.org/biographies/view/Second-Dodrubchen/TBRC_p2561"">Second Dodrubchen</a> moved the monastery to Golok. The line has been key promoters of the <em>Longchen Nyingtik</em> tradition of Dzogchen.</p>
"
15,R8LS12889,15,Dorje Drak Rigdzin,Nyingma,1,,,rdo rje brag rig 'dzin,རྡོ་རྗེ་བྲག་རིག་འཛིན།,,G11,TOLG11,"<p>
	The Dorje Drak Rigdzin is a Nyingma incarnation line with its seat at <a href=""/geographies/view/Dorje-Drak/TBRC_G11"">Dorje Drak</a>, one of the main Nyingma monasteries in Tibet. The line began when the <a href=""/biographies/view/Second-Dorje-Drak-Lekden-Dorje/TBRC_P1701"">Second Dorje Drak Lekden Dorje</a> was posthumously recognized as the reincarnation of <a href=""/biographies/view/Rigdzin-Godemchen/TBRC_P5254"">Rigdzin Godemchen</a> and given the title of the Second Dorje Drak in the 16th century. There is a separate enumeration that counts the <a href=""/biographies/view/Third-Dorje-Drak-Rigdzin-Ngakgi-Wangpo/TBRC_P639"">Third Dorje Drak Rigdzin Ngakgi Wangpo</a> as the First, the Fourth as the Second and so on.</p>
"
16,R8LS12868,16,Dorje Pakmo,Bodong,26,,,rdo rje phag mo,རྡོ་རྗེ་ཕག་མོ།,,G412,TOLG564,"<p>
	The Samding Dorje Pakmo is a long, powerful and influential female incarnation line. The line dates from the fifteenth century and has its seat at <a href=""/geographies/view/Samding-monastery/TBRC_G412"">Samding monastery</a> in Yardrok, established by the Second Dorje Pakmo. The first Dorje Pakmo was <a href=""/biographies/view/Chokyi-Dronma/TBRC_P2CZ7891"">Chokyi Dronma</a>, the daughter of a royal family from Gungtang, and one of the few women historically to receive full ordination and start an incarnation line. Chokyi Dronma&#39;s companion Delek Chodren located her rebirth in the person of <a href=""/biographies/view/Kunga-Zangmo/TBRC_P8LS12641"">Kunga Zangmo</a>, born in eastern Kongpo, thus initiating the incarnation line.</p>
"
17,R8LS13161,17,Drime Zhingkyong,Nyingma,1,,,dri med zhing skyong,དྲི་མེད་ཞིང་སྐྱོང་།,,G17,TOLG9,"<p>
	The Drime Zhingkyong incarnation line is based at <a href=""/geographies/view/Katok-monastery/TBRC_G17"">Katok monastery</a> in Kham. The line dates from the eighteenth century, when the <a href=""/biographies/view/Second-Drime-Zhingkyong,-Jigme-Rigdzin-Gonpo/TBRC_P5992"">Second Drime Zhingkyong, Jigme Rigdzin Gonpo</a> was recognized as the reincarnation of <a href=""/biographies/view/Gonpo-Pel-Chokyi-Dorje/TBRC_P5972"">Gonpo Pel Chokyi Dorje</a>. The Fourth Drime Zhingkyong, <a href=""/biographies/view/Jigme-Dechen-Dorje/TBRC_P6003"">Jigme Dechen Dorje</a> was the son of Powo Chodrak, the king of the Chakla kingdom.</p>
"
18,R8LS13413,18,Druk Lama Tripa ,Drukpa Kagyu,40,,,brug bla ma khri pa,བྲུག་བླ་མ་ཁྲི་པ།,,G218,TOLG308,"<p>
	The Druk Lama Tripa is a Bhutanese Drukpa Kagyu incarnation line with a seat at <a href=""/geographies/view/Tango/TBRC_G218"">Tango</a> monastery in Bhutan. The line began when <a href=""/biographies/view/Mipam-Wangpo/TBRC_P531"">Mipam Wangpo</a> was recognized in the early eighteenth century as the reincarnation of the Fourth Druk Desi, <a href=""/biographies/view/Tendzin-Rabgye/TBRC_P512"">Tendzin Rabgye</a>.</p>
"
19,R8LS13410,19,Druk Gyelse,Drukpa Kagyu,40,,,brug rgyal sras ,བྲུག་རྒྱལ་སྲས།,,G54,TOLG405,"<p>
	The Druk Gyelse incarnation line began when <a href=""/biographies/view/Gyelse-Kunga-Gyeltsen/TBRC_P521"">Gyelse Kunga Gyeltsen</a> was recognized in the 1690s as the reincarnation of <a href=""/biographies/view/Jampel-Dorje/TBRC_P4479"">Jampel Dorje</a>, the son of Bhutan&#39;s founder <a href=""/biographies/view/Zhabdrung-Ngawang-Namgyel/TBRC_P509"">Zhabdrung Ngawang Namgyel</a>. The line has its seat at <a href=""/geographies/view/Punakha-dzong/TBRC_G54"">Punakha Dzong</a>.</p>
"
20,R8LS12812,20,Drukchen,Drukpa Kagyu,40,,,brug chen,བྲུག་ཆེན།,,G3582; G46,"277, TOL1518 ","<p>
	The Drukchen incarnation line, also known as the Gyelwang Drukpa, originated in the fifteenth century when the Gya clan that controlled <a href=""/geographies/view/Ralung-Monastery/TBRC_G3582"">Ralung Monastery</a> identified a boy of the clan, <a href=""/biographies/view/Kunga-Peljor/TBRC_P920"">Kunga Peljor</a>, as the reincarnation of the monastery&#39;s founder, <a href=""/biographies/view/Tsangpa-Gyare-Yeshe-Dorje/TBRC_P909"">Tsangpa Gyare Yeshe Dorje</a>, and gave him the title of the Second Drukchen. The <a href=""/biographies/view/Third-Drukchen/TBRC_P870"">Third Drukchen</a> was found outside of the Gya clan, which continued to control Ralung, and henceforth the line was based elsewhere.</p>
"
21,R8LS13052,21,Dzogchen Drubwang,Nyingma,1,,,rdzogs chen grub dban,རྫོགས་ཆེན་གྲུབ་དབན།,,G16,TOLG12,"<p>
	The Dzogchen Drubwang incarnations are the heads of <a href=""/geographies/view/zogchen/TBRC_G16"">Dzogchen</a> Monastery in Derge, one of the six main Nyingma monasteries in Tibet. The line began in the seventeenth century with the treasure revealer <a href=""/biographies/view/Pema-Rigdzin/TBRC_P653"">Pema Rigdzin</a>, who established the Dzogchen Monastery, which became a center for the <em>Longchen Nyingtik</em> teachings. The fifth incarnation, <a href=""/biographies/view/Tubten Chokyi Dorje/TBRC_p701"">Tubten Chokyi Dorje</a>, established Dzogchen Monastery&rsquo;s monastic college, Śrī Siṃha.</p>
"
22,R8LS13178,22,Dzogchen Khyentse,Nyingma,1,,,rdzogs chen mkhyen brtse,རྫོགས་ཆེན་མཁྱེན་བརྩེ།,,G16,TOLG12,"<p>
	The Dzogchen Khyentse incarnations have their seat at <a href=""/geographies/view/Dzogchen-monastery/TBRC_G16"">Dzogchen Monastery</a> in Derge. The <a href=""/biographies/view/First-Dzogchen-Khyentse,-Guru-Tsewang/TBRC_P8692"">First Dzogchen Khyentse, Guru Tsewang</a> was identified as a child by the <a href=""/biographies/view/Fifth-Dzogchen-Drubwang/TBRC_P701"">Fifth Dzogchen Drubwang</a> as the mind-emanation of the famous master <a href=""/biographies/view/Jamyang-Khyentse-Wangpo/TBRC_P258"">Jamyang Khyentse Wangpo</a>, one of the most prominent lamas of the nineteenth century and teacher to most of the lamas of Kham in the second half of the nineteenth century.</p>
"
23,R8LS13056,23,Dzogchen Ponlop,Nyingma,1,,,rdzogs chen dpon slob,རྫོགས་ཆེན་དཔོན་སློབ།,,G16,TOLG12,"<p>
	The Dzogchen Ponlop are a Nyingma incarnation line based at <a href=""/geographies/view/Dzogchen-monastery/TBRC_G16"">Dzogchen monastery</a> in Derge. <a href=""/biographies/view/First-Dzogchen-Ponlop-Namkha-Osel/TBRC_P8137"">Namkha Osel</a>, who was posthumously identifiedf as the first in the line, assisted the <a href=""/biographies/view/First-Dzogchen-Drubwang-Pema-Rigdzin/TBRC_P653"">First Dzogchen Drubwang Pema Rigdzin</a> in establishing <a href=""/geographies/view/Dzogchen-Monastery/TBRC_g16"">Dzogchen Monastery</a> in 1684. The sixth incarnation, <a href=""/biographies/view/Jikdrel-Tsewang-Dorje/TBRC_P3Ag42"">Jikdrel Tsewang Dorje</a>, was the brother of the <a href=""/biographies/view/Sixteenth-Karmapa/TBRC_p865"">Sixteenth Karmapa</a>.</p>
"
24,R8LS13177,24,Dzogchen Kongtrul,Nyingma,1,,,rdzogs chen kong sprul,རྫོགས་ཆེན་ཀོང་སྤྲུལ།,,G16,TOLG12,"<p>
	The Dzogchen Kongtrul is a Nyingma incarnation line based at <a href=""/geographies/view/Dzogchen/TBRC_G16"">Dzogchen</a> Monastery in Kham. The <a href=""/biographies/view/First-Dzogchen-Kongtrul,-Konchok-Tenpai-Gyeltsen/TBRC_p3ag38"">First Dzogchen Kongtrul, Konchok Tenpai Gyeltsen</a>, was one of five recognized reincarnations of <a href=""/biographies/view/Jamgon-Kongtrul-Yonten-Gyatso/TBRC_p264"">Jamgon Kongtrul Yonten Gyatso</a>, a teacher of the <a href=""/biographies/view/Fifth-Dzogchen-Drubwang/TBRC_p701"">Fifth Dzogchen Drubwang</a>. Some enumerations of the incarnation line list Jamgon Kongtrul as the First and Konchok Tenpai Gyeltsen as the Second Dzogchen Kongtrul.</p>
"
25,R8LS13086,25,Gangkar,Karma Kagyu,24,,,gangs dkar,གངས་དཀར།,,G409,TOLG1429,"<p>
	The Gangkar line is a Karma Kagyu incarnation line that has its seat at Bo Gangkar Monastery, also known as Khamsum Drakgon, in Minyak. The line dates from the thirteenth century. The <a href=""/biographies/view/Ninth-Gangkar,-Karma-Shedrub-Chokyi-Sengge/TBRC_P1445"">Ninth Gangkar, Karma Shedrub Chokyi Sengge</a> was an accomplished teacher from Minyak who studied at <a href=""/geographies/view/Pelpung-Monastery/TBRC_G36"">Pelpung Monastery</a> in Kham. He taught the <a href=""/biographies/view/Sixteenth-Karmapa/TBRC_P865"">Sixteenth Karmapa</a> for about a year in U-Tsang, and worked as a teacher at the Central Nationalities University in Beijing.</p>
<p>
	&nbsp;</p>
"
26,,26,Gangteng,Nyingma,1,,,sgang steng,སྒང་སྟེང་།,,G183,TOLG382,"<p>
	The Gangteng incarnations are Bhutanese line with its seat at <a href=""/geographies/view/Gangteng-monastery/TBRC_G183"">Gangteng Monastery</a>, a Nyingma monastery of the Pema Lingpa tradition. The line was established in the mid-seventeenth century when the <a href=""/biographies/view/Second-Gangteng,-Tendzin-Lekpai-Dondrub/TBRC_P514"">Second Gangteng, Tendzin Lekpai Dondrub</a> &nbsp;was recognized as the reincarnation of terton <a href=""/biographies/view/Pema-Lingpa/TBRC_P1693"">Pema Lingpa</a>&#39;s grandson <a href=""/biographies/view/Gyelse-Pema-Trinle/TBRC_P2659"">Gyelse Pema Trinle</a>, subsequently known as the First Gangteng. Gyelse Pema Trinle was the lineage holder of Pema Lingpa in terms of his &#39;activity&#39; and established Gangteng monastery in the late sixteenth century.</p>
"
27,R8LS13173,27,Gemang,Nyingma,1,,,dge mang,དགེ་མང་།,,G16; G3954,"TOL12, TOL422","<p>
	The Gemang incarnation line is a Nyingma line that was established in the mid-nineteenth century when the Second Gemang, <a href=""/biographies/view/Tenpai-Nyima/TBRC_P3AG53"">Tenpai Nyima</a> was identified as a reincarnation of <a href=""/biographies/view/Gemang-Gyelse-Zhenpen-Taye-Ozer/TBRC_p697"">Gemang Gyelse Zhenpen Taye Ozer</a>, the founder of the renowned <a href=""/geographies/view/Śrī-Siṃha-College/TBRC_G3219"">Śrī Siṃha College</a> at <a href=""/geographies/view/Dzogchen-Monastery/TBRC_G16"">Dzogchen Monastery</a>.&nbsp; The line&#39;s seats were at Dzogchen and <a href=""/geographies/view/Gemang/TBRC_G3954"">Gemang</a> Monastery.</p>
"
28,R8LS13063,28,Gungtang,Geluk,27,,,gung thang,གུང་ཐང་།,,G162,TOLG41,"<p>
	The Gungtang incarnations is a Geluk line based at <a href=""/geographies/view/Labrang-Monastery/TBRC_G162"">Labrang Monastery</a> in Amdo. In the early eighteenth century, the Second Gungtang <a href=""/biographies/view/Ngawang-Tenpai-Gyeltsen/TBRC_P4649"">Ngawang Tenpai Gyeltsen</a>&nbsp; was recognized as the reincarnation of the <a href=""/biographies/view/Fiftieth-Ganden-Tripa,-Gendun-Puntsok/TBRC_P1849"">Fiftieth Ganden Tripa, Gendun Puntsok</a>, also known as Tri Gungtangpa. The Gungtang line has its primary seat at Labrang Tashikyil, where most of the Gungtang lamas have been abbots. The Third Gungtang, <a href=""/biographies/view/Kunchok-Tenpai-Dronme/TBRC_P298"">Kunchok Tenpai Dronme</a> was especially famous all over Tibet for his scholarship.</p>
"
29,R8LS12782,29,Gyara Tulku,Geluk,27,,,rgya ra sprul sku,རྒྱ་ར་སྤྲུལ་སྐུ།,,G1KR983 ,TOLG404,"<p>
	The Gyara Tulkus are said to be the reincarnation of Gyara Sanggye Yeshe, a disciple of <a href=""/biographies/view/Tsongkhapa/TBRC_P64"">Tsongkhapa</a>. Their seat is at&nbsp;<a href=""/geographies/view/Drugu-monastery/TBRC_G1KR983"">Drugu monastery</a>&nbsp;in Kham. The line was established in the mid-16th century when the&nbsp;<a href=""/biographies/view/First-Gyara-Tulku,-Sherab-Puntsok/TBRC_P7107"">First Gyara Tulku, Sherab Puntsok</a>&nbsp;was born.</p>
"
30,R8LS12893,30,Tsurpu Gyeltsab,Karma Kagyu,24,,,mtshur phu rgyal tshab,མཚུར་ཕུ་རྒྱལ་ཚབ།,,G33,TOLG95,"<p>
	The Tsurpu Gyeltsab is an important Karma Kamtsang incarnation line established in the fifteenth century with a seat at <a href=""/geographies/view/Tsurpu-monastery/TBRC_G33"">Tsurpu Monastery</a>. The <a href=""/biographies/view/First-Tsurpu-Gyeltsab,-Peljor-Dondrub/TBRC_P1380"">First Tsurpu Gyeltsab, Peljor Dondrub</a>, was identified by the <a href=""/biographies/view/Sixth-Karmapa,-Tongwa-Donden/TBRC_P1006"">Sixth Karmapa, Tongwa Donden</a> as the reincarnation of <a href=""/biographies/view/Kharchen-Pelgyi-Wangchuk/TBRC_P0RK1217"">Kharchen Pelgyi Wangchuk</a>, one of the twenty-five disciples of Padmasambhava. The Sixth Karmapa appointed him the regent, or <em>gyeltsab</em> of his own seat at Tsurpu.</p>
"
31,R8LS12896,31,Hortsang Sertri,Geluk,27,,,hor tshang gser khri,ཧོར་ཚང་གསེར་ཁྲི།,,G162,TOLG41,"<p>
	An important Geluk incarnation line dating to the 17th century with a seat at <a href=""/geographies/view/Labrang-Tashikyil/TBRC_G162"">Labrang Tashikyil</a> monastery in Amdo. The line stems from the <a href=""/biographies/view/Fifty-First-Ganden-Tripa-Pelden-Drakpa/TBRC_P2759"">Fifty First Ganden Tripa Pelden Drakpa</a> who was the First Hortsang Sertri.</p>
"
32,R8LS12897,32,Jamyang Zhepa,Geluk,27,,,jam dbyang bzhad pa,ཇམ་དབྱང་བཞད་པ།,,G162,TOLG41,"<p>
	A very important Geluk incarnation line with its primary seat at <a href=""/geographies/view/Labrang-monastery/TBRC_G162"">Labrang monastery</a> in Amdo, one of the six great monasteries of Tibet, founded by the <a href=""/biographies/view/First-Jamyang-Zhepa,-Jamyang-Zhepai-Dorje/TBRC_P423"">First Jamyang Zhepa, Jamyang Zhepai Dorje</a> with the patronage of a Quoshot Mongolian ruler. Within the Geluk hierarchy, the incarnations of Jamyang Zhepa are superseded only by the Dalai Lama and the Panchen Lamas. The Jamyang Zepas maintained religious and secular authority over Labrang and all of its territories. The line dates from the mid-17th century.</p>
"
33,R8LS12875,33,Karmapa,Karma Kagyu,24,,,karma pa,ཀརྨ་པ་,噶瑪巴,G33,TOLG95,"<p>
        The Karmapa incarnation line, based at <a href=""/geographies/view/Tsurpu/TBRC_G33"">Tsurpu</a> monastery, is one of the oldest lines in Tibet. <a href=""/biographies/view/First-Karmapa-Dusum-Khyenpa/TBRC_P1400"">Dusum Khyenpa</a>, who is credited with intitiating the Karma Kagyu tradition,&nbsp;supposedly prophesied his own rebirth as <a href=""/biographies/view/Karma-Pakshi/TBRC_P1487"">Karma Pakshi</a>, thereby initiating the line. However, historical record seems to indicate that the Karmapa incarnation line actually began with the <a href=""/biographies/view/Third-Karmapa,-Rangjung-Dorje/TBRC_P66"">Third Karmapa, Rangjung Dorje</a>, who asserted that he was the incarnation of Karma Pakshi and further that Karma Pakshi himself had been the reincarnation of Dusum Khyenpa.&nbsp;</p>
"
34,R8LS13057,34,Kirti,Geluk,27,,,kir+ti,ཀིརྟི།,,G3278; G3190; G4786,"TOL363, TOL484, TOL413","<p>
	The Kirti incarnation line was established in the early sixteenth century when <a href=""/biographies/view/Tenpa-Rinchen/TBRC_P8817"">Tenpa Rinchen</a> declared himself to be the reincarnation of <a href=""http://beta.treasuryoflives.org/biographies/view/Tsongkhapa/TBRC_P64"">Tsongkhapa</a>&#39;s disciple <a href=""/biographies/view/Gendun-Gyeltsen/TBRC_P10299"">Gendun Gyeltsen</a>, posthumously given the title of First Kirti. The line has its seats at <a href=""http://beta.treasuryoflives.org/geographies/view/Kirti-Monastery/TBRC_G3190"">Kirti Monastery</a>, <a href=""/geographies/view/Taktsang-Lhamo-Kirti/TBRC_G1KR217"">Taktsang Lhamo Kirti</a>, and <a href=""http://beta.treasuryoflives.org/geographies/view/Kalari-Kirti-Monastery/TBRC_G4786"">Kalari Kirti Monastery</a>, all in Amdo.</p>
"
35,R8LS13065,35,Kondor,Geluk,27,,,dkon rdor,དཀོན་རྡོར།,,G180,TOLG237,"<p>
	The Kondor line is a Geluk incarnation line dating from the sixteenth century and based at <a href=""/geographies/view/Chamdo-Jampaling/TBRC_G180"">Chamdo Jampaling</a>. It originated when the Second Kondor Tulku, <a href=""/biographies/view/Jewon-Konchok-Dorje/TBRC_P2AG8"">Jewon Konchok Dorje</a>, was identified as the reincarnation of <a href=""http://beta.treasuryoflives.org/biographies/view/Khedrub-Sh%C4%81kya-Lhawang/TBRC_P5580"">Khedrub Shākya Lhawang</a>, an abbot of Tashi Pende Monastery in Nyangpo. The Kondor line has had strong connections -- and often blood relations -- with the <a href=""http://beta.treasuryoflives.org/incarnation/view/Zhiwa-Lha/TBRC_R8LS12813"">Zhiwa Lha</a> and <a href=""http://beta.treasuryoflives.org/incarnation/view/Pakpa-Lha/TBRC_R8LS12860"">Pakpa Lha</a> lines, the presiding lamas of Chamdo Jampaling.</p>
"
36,,36,Ling,Geluk,27,,,gling,གླིང་།,,G126,TOLG355,"<p>
	The Ling incarnation is a very important Geluk incarnation line dating from the mid-17th century. The Ling lamas have traditionally served as tutors of the Dalai Lamas. The First Ling was the Forty Eighth Ganden Tripa, and the line has a seat at&nbsp;<a href=""/geographies/view/Loseling-college/TBRC_G126"">Loseling college</a>&nbsp;of Drepung monastery in Lhasa.</p>
"
37,R8LS13219,37,Lingla,Nyingma,1,,,gling bla,གླིང་བླ།,,G16,TOLG12,"<p>
	The Lingla is an incarnation line based at <a href=""/geographies/view/Dzogchen-monastery/TBRC_G16"">Dzogchen Monastery</a> in Kham. The <a href=""/biographies/view/Fourth-Dzogchen-Drubwang/TBRC_p1710"">Fourth Dzogchen Drubwang</a> established the line in the nineteenth century when he recognized <a href=""/biographies/view/Tubten-Nyinje-Gyeltsen/TBRC_P8687"">Tubten Nyinje Gyeltsen</a> as the reincarnation of <a href=""/biographies/view/Ling-Drubtob-Sonam-Jinpa/TBRC_p8701"">Ling Drubtob Sonam Jinpa</a>, posthumously known as the First Lingla.</p>
"
38,R8LS12777,38,Lingtrul,Geluk,27,,,gling sprul,གླིང་སྤྲུལ།,,G162,TOLG41,"<p>
	The Lingtrul lamas are a Geluk line with their seat at&nbsp;<a href=""/geographies/view/-Labrang-Tashikyil/TBRC_G162"">Labrang Tashikyil</a>. The&nbsp;<a href=""/biographies/view/Second-Jamyang-Zhepa/TBRC_P169"">Second Jamyang Zhepa</a>&nbsp;established the line in the late 18th century when he recognized&nbsp;<a href=""/biographies/view/Konchok-Gepai-Lodro/TBRC_P3558"">Konchok Gepai Lodro</a>&nbsp;as the reincarnation of the First Lingtrul,&nbsp;<a href=""/biographies/view/Ling-Dondrub-Gyatso/TBRC_P5537"">Ling Dondrub Gyatso</a>, a throneholder of Labrang. Dondrub Gyatso was from the Lingmo clan from whence the title is derived.</p>
"
39,R8LS13163,39,Moktsa,Nyingma,1,,,rmog rtsa,རྨོག་རྩ།,,G17,TOLG9,"<p>
	The Moktsa incarnations are based at <a href=""/geographies/view/Katok-Dorjeden/TBRC_G17"">Katok Dorjeden</a>, a major Nyingma monastery in Kham. Most sources list <a href=""/biographies/view/Rigdzin-Namkha-Chowang/TBRC_P5980"">Rigdzin Namkha Chowang</a> as the First Moktsa and have the treasure revealer <a href=""/biographies/view/Namcho-Mingyur-Dorje/TBRC_P659"">Namcho Mingyur Dorje</a> as a pre-incarnation of Namkha Chowang, but some identify Mingyur Dorje as the First, and Namkha Chowang as the Second.</p>
"
40,R8LS13132,40,Ngago,Geluk,27,,,rnga rgod,རྔ་རྒོད།,,G160; G301; G162,"TOL40, TOL361, TOL41","<p>
	A Geluk incarnation line. The <a href=""/biographies/view/Second-Ngago-Namkha-Sengge/TBRC_P1152"">Second Ngago Namkha Sengge</a> founded <a href=""/geographies/view/Amchok/TBRC_G393"">Amchok</a> monastery, a Geluk institution in Amdo, at the command of the Second Jamyang Zhepa. <a href=""/geographies/view/Kumbum/TBRC_G160"">Kumbum</a>, <a href=""/geographies/view/Shitsang/TBRC_G301"">Shitsang</a> and <a href=""/geographies/view/Labrang/TBRC_G162"">Labrang</a> monasteries have served as the seat of the Ngago incarnations.</p>
"
41,R8LS12858,41,Nyendrak,Geluk,27,,,snyan grags,སྙན་གྲགས།,,G162,TOLG41,"<p>
	A Geluk incarnation line dating from the early 18th century with a seat at <a href=""/geographies/view/Labrang/TBRC_G162"">Labrang</a> monastery in Amdo. <a href=""/biographies/view/Lobzang-Nyendrak/TBRC_P4122"">Lobzang Nyendrak</a>, posthumously known as the First Nyendrak, served as the thirteenth throne holder of Labrang Tashikhyil. He was a Tibetanized Mongor who trained at Labrang and <a href=""/geographies/view/Sera/TBRC_G154"">Sera</a>, and was the first to earn a Doram degree at Labrang in the new educational system there.</p>
"
42,R8LS13252,42,Nyingon Choktrul,Nyingma,1,,,nyin dgon mchog sprul ,ཉིན་དགོན་མཆོག་སྤྲུལ།,,G516; G17,"2726, TOL9       ","<p>
	The Nyingon Choktrul incarnations were masters of the Katok branch of the Nyingma tradition with seats at both <a href=""/geographies/view/Katok-Dorjeden/TBRC_G17"">Katok Dorjeden</a> and <a href=""http://beta.treasuryoflives.org/geographies/view/Nyingon-Monastery/TBRC_G516"">Nyingon Monastery</a>. The line originated when the <a href=""/biographies/view/First-Drime-Zhingkyong/TBRC_P5972"">First Drime Zhingkyong</a> identified a boy, <a href=""/biographies/view/Jangchub-Dorje/TBRC_P6040"">Jangchub Dorje</a>, as the reincarnation of a lama named Sanggye Tashi who had resided at Nyingon Monastery and had served at Katok during the crucial period of transition and revival.</p>
"
43,R8LS12860,43,Pakpa Lha,Geluk,27,,,phags pa lha,ཕགས་པ་ལྷ།,,G180,TOLG237,"<p>
	The Pakpa Lha incarnation line dates to the fifteenth century when <a href=""/biographies/view/Dechen-Dorje/TBRC_P427"">Dechen Dorje</a> declared himself, at age eight, to be Āryadeva. He became known as the First Pakpa Lha. The seat of the lineage is at the Geluk monastery <a href=""/geographies/view/Chamdo-Jampa-Ling/TBRC_G180"">Chamdo Jampa Ling</a>.</p>
"
44,R10MS14279,44,Paṇchen Lama,Geluk,27,,,paN chen bla ma ,"པཎ་ཆེན་བླ་མ།
",班禅额尔德尼,G104,TOLG39,"<p>
	The Paṇchen Lama incarnation line began in the seventeenth century when&nbsp;<a href=""/biographies/view/Chokyi-Gyeltsen/TBRC_P719"">Chokyi Gyeltsen</a>, the sixteenth abbot of&nbsp;<a href=""/geographies/view/Tashi-Lhunpo-Monastery/TBRC_G104"">Tashilhunpo Monastery</a>, was given the title by the&nbsp;<a href=""/biographies/view/Fifth-Dalai-Lama/TBRC_P37"">Fifth Dalai Lama</a>, who declared him an emanation of Amitābha. The Geluk scholar <a href=""/biographies/view/Tukwan-Lobzang-Chokyi-Nyima/TBRC_P170"">Tukwan Lobzang Chokyi Nyima</a>&#39;s Crystal Mirror identifies numerous pre-incarnations including <a href=""/biographies/view/Padmasambhava/TBRC_P4956"">Padmasambhava</a>, <a href=""/biographies/view/Atiśa/TBRC_P3379"">Atiśa</a>, <a href=""/biographies/view/Gampopa/TBRC_P1844"">Gampopa</a>, <a href=""/biographies/view/Go-Khukpa-Lhetse/TBRC_P3458"">Go Khukpa Lhetse</a>, <a href=""/biographies/view/Sakya-Pandita/TBRC_P1056"">Sakya Paṇḍita</a>, and <a href=""/biographies/view/Yungton-Dorje-Pel/TBRC_P1454"">Yungton Dorje Pel</a>. Two separate systems of enumeration exist for this lineage. According to the system of Tashilhunpo Monastery, the seat of the line, three previous lamas, identified as Chokyi Gyeltsen&#39;s previous incarnations, are identified as the First through Third Paṇchen Lamas:&nbsp;<a href=""/biographies/view/Khedrubje-Gelek-Pelzang/TBRC_P55"">Khedrubje Gelek Pelzang</a>, one of <a href=""/biographies/view/Tsongkhapa/TBRC_P64"">Tsongkhapa</a>&#39;s primary disciples,&nbsp;<a href=""/biographies/view/Sonam-Chokyi-Langpo/TBRC_P4211"">Sonam Chokyi Langpo</a>, and <a href=""/biographies/view/Wensapa-Lobzang-Dondrub/TBRC_P997"">Wensapa Lobzang Dondrub</a>. According to the system of Ganden Podrang,&nbsp;Chokyi Gyeltsen&nbsp;is considered the First Paṇchen and the line starts with him. For this reason&nbsp;Chokyi Gyeltsen&nbsp;is either listed as the First or the Fourth Paṇchen Lama. The Eleventh Paṇchen Lama, Gendun Chokyi Nyima, recognized by the Fourteenth Dalai Lama in 1995, has not been seen in public since then, while another child, Gyeltsen Norbu was soon after installed as Eleventh Paṇchen Lama by the Chinese government.</p>
"
45,R8LS12784,45,Pawo,Karma Kagyu,24,,,gnas nang dpa' bo ,གནས་ནང་དཔའ་བོ།,,G194; G3429,"TOL331, TOL15","<p>
	The Pawo incarnation line began with the fifteenth century&nbsp;<a href=""/biographies/view/Chowang-Lhundrub/TBRC_P818"">Chowang Lhundrub</a>, posthumously identified as the First Pawo. The&nbsp;<a href=""/biographies/view/Second-Pawo,-Tsuklak-Trengwa/TBRC_P319"">Second Pawo, Tsuklak Trengwa</a>, was a prominent sixteenth-century Kagyu scholar whose history of the Karma Kagyu tradition, the&nbsp;<em>Chojung</em>&nbsp;<em>Khepai Gaton,&nbsp;</em>or&nbsp;<em>Scholar&#39;s Feast,&nbsp;</em>is still read today. He was based at&nbsp;<a href=""/geographies/view/Sekhar-Gutok/TBRC_G3429"">Sekhar Gutok</a>&nbsp;monastery, at the time a Kagyu monastery, which became one of the seats of the line, together with <a href=""/geographies/view/Lhalung-Monastery/TBRC_G389"">Lhalung Monastery</a>. After Sekhar Gutok was converted to the Geluk tradition in the seventeenth century, the <a href=""/biographies/view/Fifth-Dalai-Lama/TBRC_P37"">Fifth Dalai Lama</a> gave the <a href=""/biographies/view/Fifth-Pawo,-Tsuklak-Trinle-Gyatso/TBRC_P942"">Fifth Pawo, Tsuklak Trinle Gyatso</a> <a href=""/geographies/view/Nenang-Monastery/TBRC_G194"">Nenang Monastery</a>, which he had confiscated from the <a href=""/biographies/view/Seventh-Zhamar/TBRC_P1386"">Seventh Zhamar</a>. Since that time the incarnation line has also been known as the Nenang Pawo.</p>
"
46,R8LS12890,46,Peling Tukse,Nyingma,1,,,pad+gling thugs sras,པདྒལིང་ཐུགས་སྲས།,,,,"<p>
	The Peling Tukse incarnation line, associated with Bhutan and Lhalung in southern Tibet, dates back to around the sixteenth century. This lineage is named for <a href=""/biographies/view/Dawa-Gyelsten/TBRC_P2652"">Dawa Gyelsten</a>, the son of influential Nyingma treasure revealer Pema Lingpa. It is one of three primary incarnation lines of <a href=""/biographies/view/Pema-Lingpa/TBRC_P1693"">Pema Lingpa</a>. Dawa Gyeltsen would become known as the First Peling Tukse. The <a href=""/biographies/view/Tenth-Peling-Tukse,-Tekchok-Tenpai-Gyeltsen/TBRC_P2AG33"">Tenth Peling Tukse, Tekchok Tenpai Gyeltsen</a> died in Bhutan in 2010.</p>
"
47,,47,Petseling,Nyingma,1,,,pad tshal gling sprul sku,པད་ཚལ་གླིང་སྤྲུལ་སྐུ།,,G2AG31,TOLG371,"<p>
	The Petseling incarnation line was named for the monastery of the same name located in near Jakar in Bhutan&#39;s Tang valley. <a href=""/geographies/view/Petseling-monastery/TBRC_G2AG31"">Petseling Monastery</a> was founded in the eighteenth century by <a href=""/biographies/view/Jigme-Lingpa/TBRC_P314"">Jigme Lingpa</a>&#39;s student, <a href=""/biographies/view/Drubtob-Namgyel-Lhundrub/TBRC_P2Ag28"">Drubtob Namgyel Lhundrub</a>, who would become known as the First Petseling Tulku.</p>
"
48,R8LS12862,48,Purchok,Geluk,27,,,phur lcog,ཕུར་ལྕོག།,,G156,TOLG294,"<p>
	The Purchok incarnation line is a Geluk lineage that dates to the eighteenth century. The line is named for a small ridge near <a href=""/geographies/view/Sera/TBRC_G154"">Sera</a> called Purchok Ri, where, according to tradition, <a href=""/biographies/view/Padmasambhava/TBRC_P4956"">Padmasambhava</a> meditated. The <a href=""/biographies/view/First-Purchok,-Ngawang-Jampa/TBRC_P108"">First Purchok, Ngawang Jampa</a>, a prominent disciple of the Fifth Panchen Lama, is said to have participated in developing an important hermitage at the site which became known as Purchok or Purbuchok.</p>
"
49,R8LS12816,49,Reting Rinpoche,Geluk,27,,,rwa sgreng,རྭ་སྒྲེང་།,,G74,TOLG327,"<p>
	The Reting incarnation line dates to the eighteenth century when the <a href=""/biographies/view/Second-Reting,-Lobzang-Yeshe-Tenpa-Rabgye/TBRC_P304"">Second Reting, Lobzang Yeshe Tenpa Rabgye</a> was recognized as the reincarnation of <a href=""/biographies/view/Ngawang-Chokden/TBRC_P412"">Ngawang Chokden</a>, the Fifty-fourth Ganden Tripa, who would be posthumously known as the First Reting Rinpoche. The Seventh Dalai Lama gave <a href=""/geographies/view/Reting-Monastery/TBRC_G74"">Reting Monastery</a>, established in 1056 by Dromtonpa as the seat of the Kadampa school, to Trichen Ngawang Chokden upon his retirement; the monastery became the seat of the Reting incarnation line. The Reting tulkus were one of only a few high-ranking incarnation lines empowered to become regent of Tibet during the absence or minority of the Dalai Lamas.</p>
"
50,,50,Riwoche Jedrung,Taklung Kagyu,45,,,ri bo che rje drung,རི་བོ་ཆེ་རྗེ་དྲུང་།,,G70,TOL218,"<p>
	The Riwoche Jedrung incarnation line, also known as the Machen Tulku, dates to the sixteenth century when <a href=""/biographies/view/Second-Riwoche-Jedrung,-Drakpa-Gyeltsen/TBRC_p3ag46"">Drakpa Gyeltsen</a> was recognized as the reincarnation of <a href=""/biographies/view/Tsokye-Dorje/TBRC_p3ag45"">Tsokye Dorje</a>, who became posthumously known as the First Riwoche Jedrung. The seat is at <a href=""/geographies/view/Riwoche-monastery/TBRC_G70"">Riwoche monastery</a>, a major Taklung Kagyu monastery in Kham.</p>
"
51,R8LS13078,51,Rongwo Drubchen,Geluk,27,,,rong po grub chen,རོང་པོ་གྲུབ་ཆེན།,,G163,TOLG374,"<p>
	The Rongwo Drubchen incarnation line dates to the seventeenth century when&nbsp;<a href=""/biographies/view/Ngawang-Trinle-Gyatso/TBRC_P409"">Ngawang Trinle Gyatso</a>&nbsp;was identified as the reincarnation of&nbsp;<a href=""/biographies/view/Shar-Kelden-Gyatso/TBRC_P711"">Shar Kelden Gyatso</a>, who was posthumously named the First Rongwo Drubchen. The seat is at&nbsp;<a href=""/geographies/view/Rongwo-Monastery/TBRC_G163"">Rongwo Monastery</a>&nbsp;in Rebkong, Amdo, where the First Rongwo Drubchen established a Geluk college, and thus converted the institution from Sakya to Geluk. The line is also called the Shar Kelden incarnation line.&nbsp;</p>
"
52,,52,Seri Mani Pandita,Geluk,27,,,gser ri'i ma Ni paNDita ,གསེར་རིའི་མ་ཎི་པཎཌིཏ།,,G160,TOL40,"<p>
	The Seri Maṇi Paṇḍita incarnation line includes the Fourth Seri Maṇi Paṇḍita, Lobzang Dargye, who prophesied his reincarnation in either Amgon or Gyakhar. This caused some confusion and Jigme Rigpai Lodro was sought to finalize the recognition of the Fifth Seri Manipa as&nbsp;<a href=""/biographies/view/Gendun-Tendzin-Gyeltsen/TBRC_P7072"">Gendun Tendzin Gyeltsen</a>&nbsp;at the turn of the twentieth century. Little is know about the previous incarnations of this line, while the Sixth Seri Maṇi Paṇḍita, born in 1945, remained active as of 2008.</p>
"
53,R8LS13066,53,Setsang,Geluk,27,,,bse tshang,བསེ་ཚང་།,,G471,TOLG479,"<p>
	The Setsang incarnation lineage originated with the recognition of&nbsp;<a href=""/biographies/view/Ngawang-Jamyang-Tashi-/TBRC_P3681"">Ngawang Jamyang Tashi&nbsp;</a>as the reincarnation of&nbsp;<a href=""/biographies/view/Ngawang-Tashi/TBRC_P410"">Ngawang Tashi</a>, who was a disciple of the&nbsp;<a href=""/biographies/view/First-Jamyang-Zhepa/TBRC_P423"">First Jamyang Zhepa</a>&nbsp;and also second throneholder of&nbsp;<a href=""/geographies/view/Labrang-Tashikyil-Monastery/TBRC_G162"">Labrang Tashikyil Monastery</a>.&nbsp;<a href=""/biographies/view/Ngawang-Tashi/TBRC_P410"">Ngawang Tashi</a>&nbsp;was posthumously named the First Setsang and&nbsp;<a href=""/biographies/view/Ngawang-Jamyang-Tashi/TBRC_P3681"">Ngawang Jamyang Tashi</a>&nbsp;became the Second Setsang. The title of Setsang Lama is derived from Ngawang Tashi&#39;s clan name, &quot;Se,&quot; and &quot;tshang,&quot; which means household. The seat is at&nbsp;<a href=""/geographies/view/Terlung-Yiga-Choling-monastery/TBRC_G471"">Terlung Yiga Choling monastery</a>&nbsp;in Amdo.</p>
"
54,,54,Shardong,Geluk,27,,,shar gdong,ཤར་གདོང་།,,G161,TOLG358,"<p>
	The Shardong incarnation lineage was in existence by the twentieth century, when the&nbsp;<a href=""/biographies/view/Fifth-Shardong,-Lobzang-Shedrub-Gyatso/TBRC_P4704"">Fifth Shardong, Lobzang Shedrub Gyatso</a>, was recognized as the reincarnation of the Fourth Shardong while in his mother&#39;s womb. There is no information about the Fourth Shardong, or any of the previous incarnations. The seat is at Lhalung Jakhyung Monastery in Tsongon. A Sixth Shardong has not been named.</p>
"
55,R8LS13138,55,Sodrak,Geluk,27,,,bsod grags sprul sku ,བསོད་གྲགས་སྤྲུལ་སྐུ།,,G162,TOLG41,"<p>
	The Sodrak incarnation line dates to the eighteenth century <a href=""/biographies/view/Sonam-Drakpa/TBRC_P4208"">Sonam Drakpa</a>, who was posthumously known as the First Sodrak Tulku. This incarnation line is associated with <a href=""/geographies/view/Labrang-Tashikhyil/TBRC_G162"">Labrang Tashikhyil</a>.</p>
"
56,R8LS12799,56,Takpu,Geluk,27,,,stag phu ,སྟག་ཕུ།,,,,"<p>
	According to some sources, the Takpu incarnation line is said to begin with Gushri Pelden Dondrub, who was born in the late fourteenth century. An alternate listing traces the first Takpu to the eighteenth century <a href=""/biographies/view/Lobzang-Tenpai-Gyeltsen/TBRC_P336"">Lobzang Tenpai Gyeltsen</a>. Another title commonly associated with the Takpu incarnations was that of Garwang: Gargyi Wangchuk and Gargyi Wangpo, already used by Lobzang Chokyi Wangchuk, who appears to have been known by this name.</p>
<p>
	<a href=""/biographies/view/Jampel-Tenpai-Ngodrub/TBRC_P231"">Jampel Tenpai Ngodrub</a> notes that he is the Fourth Gargyi Wangchuk. It seems that either an incarnation is missing from the accepted sequence, or that Tenpai Ngodrub counts Lobzang Tenpai Gyeltsen and not Chokyi Wangchuk as the first &lsquo;official&rsquo; Garwang incarnation. The latter explanation would follow today&rsquo;s usual presentation of the lineage as Tenpai Ngodrub appears to be regarded as the Fourth Takpu incarnation amongst contemporary Geluk lineage holders. Takpu incarnations are said to have been highly accomplished yogis and are well-known for their pure visions of deities and the ability to travel to various pure lands in order to receive teachings.</p>
"
57,,57,Taktser,Geluk,27,,,stag mtsher,སྟག་མཚེར།,,G160,TOLG40,"<p>
	The Taktser incarnation line was initiated when <a href=""/biographies/view/Second-Taktser,-Yeshe-Kelzang/TBRC_P1143"">Yeshe Kelzang</a> was recognized as the reincarnation of <a href=""/biographies/view/Lobzang-Dorje/TBRC_P1137"">Lobzang Dorje</a>, an abbot of the tantric college at <a href=""/geographies/view/Kumbum-monastery/TBRC_G160"">Kumbum Monastery</a>, who was then posthumously known as the First Taktser, The name of the incarnation line stems from the town of Taktser in Amdo where the Lobzang Dorje was born. The seat of this incarnation line is at Kumbum. The <a href=""/biographies/view/Fifth-Takster,-Lobzang-Tsultrim-Jigme-Gyatso/TBRC_P1138"">Fifth Takster, Lobzang Tsultrim Jigme Gyatso</a> was a contemporary of the <a href=""/biographies/view/Thirteenth-Dalai-Lama/TBRC_P197"">Thirteenth Dalai Lama</a>, and together they worked to improve the administration of Kumbum. The <a href=""/biographies/view/Sixth-Taktser,-Tubten-Jigme-Norbu/TBRC_P1648"">Sixth Taktser, Tubten Jigme Norbu</a>, was the brother of the Fourteenth Dalai Lama. He passed away in 2008 in Indiana, USA.</p>
"
58,R8LS12798,58,Tatsak Jedrung,Geluk,27,,,rta tshag rje drung,རྟ་ཚག་རྗེ་དྲུང་།,,G219,TOLG536,"<p>
	The Tatsak Jedrung incarnation line is also known as the Olga Jedrung. The first to hold the title was <a href=""/biographies/view/Ngawang-Chokyi-Wangchuk/TBRC_P1080"">Ngawang Chokyi Wangchuk</a> who became the Fifth Tatsak Jedrung. Previous incarnations were identified as the first through the fourth, the first being <a href=""/biographies/view/Baso-Chokyi-Gyeltsen/TBRC_P432"">Baso Chokyi Gyeltsen</a>, who was a disciple of <a href=""http://beta.treasuryoflives.org/biographies/view/Tsongkhapa-Lobzang-Drakpa/TBRC_P64"">Tsongkhapa Lobzang Drakpa</a> and the younger brother of <a href=""http://beta.treasuryoflives.org/biographies/view/Khedrubje-Gelek-Pelzang/TBRC_P55"">Khedrubje Gelek Pelzang</a>. <a href=""/biographies/view/Wonpo-Lhakyab/TBRC_P4493"">Wonpo Lhakyab</a>, a nephew of the First Pakpa Lha, <a href=""http://beta.treasuryoflives.org/biographies/view/Dechen-Dorje/TBRC_p427"">Dechen Dorje</a>, was given the title of Second Tatsak Jedrung, and a fictional person named <a href=""/biographies/view/Liyul-Chogyel/TBRC_P4498"">Liyul Chogyel</a> was created to bridge the gap between the Second and the Fourth. Beginning with the <a href=""/biographies/view/Ninth-Tatsak/TBRC_P266"">Ninth Tatsak</a>, the incarnation line also became known as the Kundeling Hutuktu after the <a href=""/geographies/view/Kundeling/TBRC_G219"">Kundeling</a> temple, which was offered to this incarnation line in perpetuity by the Qing emperor. The Eighth Tatsak, <a href=""/biographies/view/Yeshe-Lobzang-Tenpai-Gonpo/TBRC_P302"">Yeshe Lobzang Tenpai Gonpo</a> and the Tenth Tatsak, <a href=""/biographies/view/Ngawang-Pelden-Chokyi-Gyeltsen/TBRC_P246"">Ngawang Pelden Chokyi Gyeltsen</a> both served as regent of Tibet.</p>
"
59,R8LS13418,59,Tewo Lungzang Nangwa,Geluk,27,,,the bo lung bzang nang ba ,ཐེ་བོ་ལུང་བཟང་ནང་བ།,,G1KR226,TOLG804,"<p>
	The Tewo Lungzang Nangwa incarnation line dates to the seventeenth century. The <a href=""/biographies/view/First-Tewo-Lungzang,-Nangwa-Lobzang-Samten/TBRC_P8LS13405"">First Tewo Lungzang, Nangwa Lobzang Samten</a> founded the monastery of Tewo <a href=""/geographies/view/Ganden-Jangchub-Chopel-Ling/TBRC_G1KR226"">Ganden Jangchub Chopel Ling</a>, a Geluk monastery which is the seat of the incarnation line.</p>
"
60,R8LS13060,60,Tongkhor,Geluk,27,,,stong 'khor,སྟོང་འཁོར།,,G1542,TOLG411,"<p>
	The Tongkhor line of incarnations began in the sixteenth century when, following the death of <a href=""/biographies/view/Dawa-Gyeltsen/TBRC_P2048"">Dawa Gyeltsen</a> in 1556, <a href=""/biographies/view/Yonten-Gyatso/TBRC_P2043"">Yonten Gyatso</a> was recognized as his reincarnation, named the Second Tongkhor, and installed at <a href=""/geographies/view/Tongkhor-Tashilhunpo/TBRC_G1542"">Tongkhor Tashilhunpo</a>. After the death of the <a href=""/biographies/view/Third-Tongkhor,-Gyelwa-Gyatso/TBRC_P1004"">Third Tongkhor, Gyelwa Gyatso</a>, the line established two seats. According to tradition, a recently deceased seventeen-year old boy of mixed Tibetan and Chinese heritage, while being carried to his funeral, suddenly sat up and declared that he was the Tongkhor lama. Thought to be a zombie, the Chinese army was called in to destroy him. The boy emerged from the assault unharmed, convincing everyone that he was indeed the reincarnation of Gyelwa Gyatso. The identity of the young man, who was given the name <a href=""/biographies/view/Dogyu-Gyatso-/TBRC_P722"">Dogyu Gyatso </a>by local lamas, was later affirmed and taught by the Fourth Panchen Lama, <a href=""/biographies/view/Lobzang-Chokyi-Gyeltsen/TBRC_P719"">Lobzang Chokyi Gyeltsen</a>, and the Fifth Dalai Lama, <a href=""/biographies/view/Ngawang-Lobzang-Gyatso/TBRC_P37"">Ngawang Lobzang Gyatso</a>. After returning east, he created a new Geluk monastery called <a href=""/geographies/view/Tongkhor-Ganden-Chokhor-Ling/TBRC_G239"">Tongkhor Ganden Chokhor Ling</a> in the Tongkhor region of Amdo. It would seem that this institution developed quite quickly, and in competition with Tashilhunpo in Kham, for following the death of the Fifth Tongkhor, <a href=""/biographies/view/Ngawang-Sonam-Gyatso/TBRC_P1468"">Ngawang Sonam Gyatso</a>, both communities put forward their own reincarnations. There were thus two Sixth Tongkhor lamas: <a href=""/biographies/view/Ngawang-Jamyang-Tendzin-Gyatso/TBRC_P1813"">Ngawang Jamyang Tendzin Gyatso</a> and <a href=""/biographies/view/Jampel-Gendun-Gyatso/TBRC_P1KG4775"">Jampel Gendun Gyatso</a>. The two separate lines have continued to this day.</p>
"
61,,61,Trijang,Geluk,27,,,khri byang,ཁྲི་བྱང་།,,G337,TOLG36,"<p>
	The Trijang incarnation line was established in the nineteenth century when&nbsp;<a href=""/biographies/view/Lobzang-Tsultrim-Pelden/TBRC_P2569"">Lobzang Tsultrim Pelden</a>&nbsp;was recognized as the reincarnation of the&nbsp;<a href=""/biographies/view/Sixty-ninth-Ganden-Tripa,-Trichen-Jangchub-Chopel-Pelzangpo/TBRC_P306"">Sixty-ninth Ganden Tripa, Trichen Jangchub Chopel Pelzangpo</a>, and given the title of the Second Trijang. The&nbsp;<a href=""/biographies/view/Third-Trijang,-Lobzang-Yeshe-Tendzin-Gyatso/TBRC_P2596"">Third Trijang, Lobzang Yeshe Tendzin Gyatso</a>, one of the most prominent Geluk teachers of the twentieth century, was one of the two principal teachers of the Fourteenth Dalai Lama.</p>
"
62,R8LS12872,62,Tsemonling,Geluk,27,,,tshe smon gling,ཚེ་སྨོན་གླིང་།,,G220; G337,"TOL724,TOL36","<p>
	The Tsemonling incarnation line was established in the nineteenth century. The incarnation line is named Tsemonling after the palace in Lhasa where the Sixty-first Ganden Tripa Trichen <a href=""http://beta.treasuryoflives.org/biographies/view/Ngawang-Tsultrim/TBRC_P332"">Ngawang Tsultrim</a> lived and founded a college, earning the name Tsemonling Lama. <a href=""/biographies/view/Ngawang-Jampel-Tsultrim-Gyatso/TBRC_P4533"">Ngawang Jampel Tsultrim Gyatso</a>, recognized as the reincarnation of Ngawang Tsultrim became the Second Tsemonling. The First Tsemonling Ngawang Tsultrim served as the sixth Regent of Tibet from 1777 to 1786 and the <a href=""/biographies/view/Third-Tsemonling/TBRC_P4532"">Third Tsemonling</a> served as Regent in the Thirteenth Dalai Lama&#39;s absence during the 1911 Chinese invasion of Tibet.</p>
<p>
	&nbsp;</p>
"
63,,63,Tseten Zhabdrung,Geluk,27,,,tshe tan zhabs drung,ཚེ་ཏན་ཞབས་དྲུང་།,,G288,TOLG287,"<p>
	The Tseten Zhabdrung incarnation line is based in Amdo. Since the late seventeenth century, the Tseten Zhabdrung incarnations shared the throne of the Six Garwaka monasteries with the lineage of Tseten Abbots, while Tseten Zhabdrung also had his own monastic seat at Tak Monastery. The mother monastery of the Six Garwaka monasteries is a Geluk monastery known as&nbsp;<a href=""/geographies/view/Tseten/TBRC_G288"">Tseten</a>. The&nbsp;<a href=""/biographies/view/Sixth-Tseten-Zhabdrung,-Jigme-Rigpai-Lodro/TBRC_P1646"">Sixth Tseten Zhabdrung, Jigme Rigpai Lodro</a>&nbsp;was one of the great Tibetan polymaths of the twentieth century, writing extensively on Tibetan history, language, astronomy and Buddhism.</p>
"
64,R8LS13254,64,Tsopu Drubchen,Nyingma,1,,,mtsho phu grub chen,མཚོ་ཕུ་གྲུབ་ཆེན།,,G17,TOLG9,"<p>
	The Tsopu Drubchen incarnation line began in the eighteenth century with the <a href=""/biographies/view/First-Tsopu-Drubchen,-Choying-Rangdrol/TBRC_P6010"">First Tsopu Drubchen, Choying Rangdrol</a>, who was recognized as an incarnation of the famous Katok yogi <a href=""http://beta.treasuryoflives.org/biographies/view/Drubtob-Namkha-Gyatso/TBRC_P5973"">Drubtob Namkha Gyatso</a>. The incarnation line is likely named for Tram Tsopu, a meditation site where Choying Rangdrol is said to have practiced. The lineage is associated with <a href=""/geographies/view/Katok-monastery/TBRC_G17"">Katok monastery</a>.</p>
"
65,R8LS13059,65,Tukwan ,Geluk,27,,,thu'u bkwan,ཐུའུ་བཀྭན།,,G165,TOLG156,"<p>
	The Tukwan incarnation line is named for the clan of the First Tukwan, <a href=""/biographies/view/Lobzang-Rabten/TBRC_P3548"">Lobzang Rabten</a>, who was born into a Mongol family of Tuguan chieftains in Amdo in the seventeenth century. The Tukwan seat is at <a href=""/geographies/view/Gonlung/TBRC_G165"">Gonlung</a>, a Geluk monastery in Amdo. The Third Tukwan, <a href=""/biographies/view/Lobzang-Chokyi-Nyima/TBRC_P170"">Lobzang Chokyi Nyima</a> travelled widely between China, central Tibet and Mongolia, and his extensive writings are well known and include his monumental survey of Asian religious and thought.</p>
"
66,,66,Yolmo,Nyingma,1,,,yol mo,ཡོལ་མོ།,,,,"<p>
	The Yolmo tulku incarnation line was established in the sixteenth century when the Second Yolmo Tulku, Namkha Gyajin, was recognized as the reincarnation of Shakya Zangpo, a treasure revealer associated with the renovation of the Jarung Khashor stupa in Nepal. He was believed to have discovered the hidden land at Yolmo, thus the subsequent incarnation line was named Yolmo. The&nbsp;<a href=""/biographies/view/Third-Yolmo-Tulku,-Tendzin-Norbu/TBRC_P1690"">Third Yolmo Tulku, Tendzin Norbu</a>&nbsp;was an important figure in the Jangter, Northern Treasures, lineage of the Nyingma tradition.&nbsp;</p>
"
67,R8LS13074,67,Zamtsa Sertri,Geluk,27,,,zam tsha gser khri ,ཟམ་ཚ་གསེར་ཁྲི།,,G162,TOLG41,"<p>
	The Zamtsa Serti incarnation line was initiated when the Second Zamtsa Sertri,&nbsp;<a href=""/biographies/view/Lobzang-Jigme-Namkha/TBRC_P6899"">Lobzang Jigme Namkha</a>&nbsp;was identified as the reincarnation of Fifty-fifth Ganden Tripa, Trichen&nbsp;<a href=""/biographies/view/Ngawang-Namkha-Zangpo/TBRC_P2761"">Ngawang Namkha Zangpo</a>&nbsp;in the eighteenth century. The seat of this tulku line is at&nbsp;<a href=""/geographies/view/Labrang-Tashikyil/TBRC_G162"">Labrang Tashikyil</a>, an important Geluk monastery in Amdo.</p>
"
68,R8LS13079,68,Zhabdrung Karpo,Geluk,27,,,zhabs drung dkar po,ཞབས་དྲུང་དཀར་པོ།,,G448,TOL1180,"<p>
	The Zhabdrung Karpo incarnation line, one of the most important incarnation lines in Amdo, was named for&nbsp;<a href=""/biographies/view/Tsoknyi-Gyatso/TBRC_P4251"">Tsoknyi Gyatso</a>, the <a href=""/biographies/view/Third-Dalai-Lama’s-/TBRC_P999"">Third Dalai Lama&rsquo;s </a>emissary to Mongol royal families. The line was established in the early seventeenth century when Lodro Gyatso was recognized by the&nbsp;<a href=""/biographies/view/Fourth-Panchen-Lama,-Lobzang-Chokyi-Gyeltsen/TBRC_P719"">Fourth Panchen Lama, Lobzang Chokyi Gyeltsen</a>, as the Second Zhabdrung Karpo. He founded&nbsp;<a href=""/geographies/view/Magur-Namgyel-Ling/TBRC_G1KR2451"">Magur Namgyel Ling</a>, a Geluk monastery, which became the seat of the incarnation line.</p>
<div>
	&nbsp;</div>
"
69,R8LS13407,69,Zhabdrung Sungtrul,Drukpa Kagyu,40,,,zhabs drung gsung sprul,ཞབས་དྲུང་གསུང་སྤྲུལ།,,G55,TOLG418,"<p>
	The Zhabdrung Sungtrul incarnation line represents the speech incarnation of <a href=""http://beta.treasuryoflives.org/biographies/view/Zhabdrung-Ngawang-Namgyel/TBRC_P509"">Zhabdrung Ngawang Namgyel</a>, the seventeenth century Tibetan-born Drukpa Kagyu leader who was recognized as an incarnation of Pema Karpo. When the Tsang Desi challenged the recognition, Ngawang Namgyel fled to Bhutan. The Zhabdrung Sungtrul line, one of several incarnation lines of the Zhabdrung, was established in the eighteenth century. The <a href=""/biographies/view/Second-Zhabdrung-Sungtrul,-Shakya-Tendzin/TBRC_P536"">Second Zhabdrung Sungtrul, Shakya Tendzin</a> founded <a href=""/geographies/view/Sang-Chokhor-Monastery/TBRC_G55"">Sang Chokhor Monastery</a>, which became a seat of the line, in Paro.</p>
"
70,R8LS13180,70,Shechen Rabjam,Nyingma,1,,,zhe chen rab 'byams,ཞེ་ཆེན་རབ་འབྱམས།,,G20,TOLG13,"<p>
	The Shechen Rabjam incarnation line was established in the eighteenth century when the Second Shechen Rabjam, <a href=""/biographies/view/Gyurme-Kunzang-Namgyel/TBRC_P690"">Gyurme Kunzang Namgyel</a> was recognized as the reincarnation of <a href=""/biographies/view/Tenpai-Gyeltsen/TBRC_P661"">Tenpai Gyeltsen</a>, who founded a small monastery called Shechen Orgyen Chodzon. The Second Shechen Rabjam relocated and expanded the monastery to form <a href=""/geographies/view/Zhechen-Tennyi-Dargyeling/TBRC_G20"">Shechen Tennyi Dargyeling</a>.</p>
"
71,R8LS12813,71,Zhiwa lha,Geluk,27,,,zhi ba lha,ཞི་བ་ལྷ།,,G180,TOLG237,"<p>
	The line originated when the <a href=""/biographies/view/Second-Pakpa-Lha,-Pakpa-Sanggye/TBRC_P395"">Second Pakpa Lha, Pakpa Sanggye</a> identified <a href=""/biographies/view/Sanggye-Jungne/TBRC_P2119"">Sanggye Jungne</a> as the reincarnation of his master, <a href=""http://beta.treasuryoflives.org/biographies/view/Pelden-Chokdrub/TBRC_P2118"">Pelden Chokdrub</a>, who he posthumously recognized as a reincarnation of the Indian Pandita Śāntideva, author of the <em>Bodhisattvacaryāvatāra</em>. The seat of the Zhiwa Lha is <a href=""/geographies/view/Chamdo-Jampa-Ling/TBRC_G180"">Chamdo Jampa Ling</a>, a Geluk monastery, which is also the seat of the <a href=""/incarnation/view/Pakpa-Lha/TBRC_R8LS12860"">Pakpa Lha</a> line.</p>
"
72,R8LS13049,72,Zhamarpa,Karma Kagyu,24,,,zhwa dmar pa,ཞྭ་དམར་པ།,,G198,TOLG599,"<p>
	The Zhamarpas, the &lsquo;red hat&rsquo; lamas, are one of the main reincarnate lines of the Karma Kagyu order and the second oldest tulku line of Tibetan buddhism. The First Zhamarpa, <a href=""/biographies/view/Drakpa-Sengge/TBRC_P70"">Drakpa Sengge</a> was a close disciple of the <a href=""/biographies/view/Third-Karmapa,-Rangjung-Dorje/TBRC_P66"">Third Karmapa, Rangjung Dorje</a>, who gave him a red version of his own famous black hat. When the <a href=""/biographies/view/10th-Zhamarpa/TBRC_P831"">Tenth Zhamarpa</a> was found guilty of plotting with the Gorkha army that invaded Tibet and sacked <a href=""/geographies/view/Tashilhunpo-Monastery/TBRC_G104"">Tashilhunpo Monastery</a> in 1791, the government confiscated the seat at <a href=""/geographies/view/Yangpachen/TBRC_G198"">Yangpachen</a> and turned it into a Geluk monastery and banned further Zhamar incarnations. In 1963, at the request of the <a href=""/biographies/view/Sixteenth-Karmapa/TBRC_P865"">Sixteenth Karmapa</a>, the Central Tibetan Administration lifted the ban.</p>
"
73,R11MS247,73,Simda Dzogchen,Nyingma,1,,,srib mda' rdzogs chen sprul sku skye brgyud/,སྲིབ་མདའ་རྫོགས་ཆེན།,,G4687,TOLG700,"<p>
	The Simda Dzogchen incarnation line is a Nyingma line with its seat at&nbsp;<a href=""/geographies/view/Simda-Dzogchen/TBRC_G4687"">Simda Dzogchen</a>&nbsp;monastery in the Markham region. The line was established in the early half of the eighteenth century when&nbsp;<a href=""/biographies/view/Kunzang-Pema-Wanggyel/TBRC_P2JM431"">Kunzang Pema Wanggyel</a>&nbsp;was identified as the reincarnation of the Dzogchen master&nbsp;<a href=""/biographies/view/Orgyen-Samten/TBRC_P2JM424"">Orgyen Samten</a>&nbsp;who was posthumously recognized as the First Simda Dzogchen. It was Orgyen Samten who established Simda Dzogchen Monastery, the seat of the incarnation, in 1678.</p>
"
74,R8LS13050,74,Tai Situ,Karma Kagyu,24,,,ta'i si tu,ཏའི་སི་ཏུ།,,G36; G35,"TOL472, TOL215","<p>
	The Tai Situ incarnations began when the <a href=""/biographies/view/Sixth-Karmapa/TBRC_P1006"">Sixth Karmapa</a> recognized <a href=""/biographies/view/Tashi-Namgyel/TBRC_P820"">Tashi Namgyel</a> as the reincarnation of his teacher <a href=""http://beta.treasuryoflives.org/biographies/view/Chokyi-Gyeltsen/TBRC_P3572"">Chokyi Gyeltsen</a>, a lama of&nbsp;<a href=""/geographies/view/Karma-Gon/TBRC_G35"">Karma Gon</a> Monastery in Kham who had received the Chinese imperial title from a Ming envoy. In the eighteenth century the <a href=""/biographies/view/Eighth-Tai-Situ,-Chokyi-Jungne/TBRC_P956"">Eighth Tai Situ, Chokyi Jungne</a>, moved the seat of the line to <a href=""/geographies/view/Pelpung-Monastery-/TBRC_G36"">Pelpung Monastery </a>near Derge.</p>
"
75,,75,Mindrol Nominhan,Geluk,27,,,smin grol no mon han,སྨིན་གྲོལ་ནོ་མོན་ཧན།,,G294,TOLG532,"<p>
	The Mindrol Nominan incarnation line, also known as the Tseten Nominhan, was based at <a href=""/geographies/view/Tsenpo-Monastery/TBRC_G294"">Tsenpo Monastery</a> in Amdo, which is also known as Serkhok. The line began when <a href=""/biographies/view/Lobzang-Tendzin-Gyatso/TBRC_P7051"">Lobzang Tendzin Gyatso</a> was identified as the reincarnation of a lama of Tsenpo named <a href=""/biographies/view/Tsenpo-Nominhan-Ngawang-Trinle-Lhundrub/TBRC_P1731"">Tsenpo Nominhan Ngawang Trinle Lhundrub</a>. The identity of the third incarnation is not known, but the Fourth was named <a href=""/biographies/view/Jampel-Chokyi-Tendzin/TBRC_P4994"">Jampel Chokyi Tendzin</a>, and the Fifth was named <a href=""/biographies/view/Kelzang-Tubten-Trinle-Gyatso/TBRC_P9214"">Kelzang Tubten Trinle Gyatso</a>.</p>
"
76,R8LS13154,76,Dzongkar Chungwa,Geluk,27,,,rdzong dkar chung ba,རྫོང་དཀར་ཆུང་བ།,,G224,TOL497,"<p>
	The Dzongkar Chungwa are a Geluk incarnation line with a seat at <a href=""/geographies/view/Dzongkar-Kadam-Podrang-Tashi-Ling/TBRC_G224"">Dzongkar Kadam Podrang Tashi Ling</a> Monastery in Dzongkar, Amdo. This line is not to be confused with the <a href=""/incarnation/view/Dzongkar/TBRC_R8LS13153"">Dzongkar</a> incarnation line which is also based at Dzongkar Monastery. The Dzongkar Chungwas also have a seat at <a href=""/geographies/view/Rongwo-Monastery/TBRC_G163"">Rongwo Monastery</a> in Rebkong.</p>
"
77,R8LS13051,77,Jamgon Kongtrul,Karma Kagyu,24,,,jam mgon kong sprul,འཇམ་མགོན་ཀོང་སྤྲུལ།,,G36,TOLG472,"<p>
	The Jamgon Kongtrul incarnation line began with the reincarnation of&nbsp;<a href=""/biographies/view/Jamgon-Kongtrul-Lodro-Taye/TBRC_P264"">Jamgon Kongtrul Lodro Taye</a>, a master of <a href=""/geographies/view/Pelpung-Monastery/TBRC_G36"">Pelpung Monastery</a> who was one of the most influential Tibetans of the nineteenth century. Multiple other incarnations of Lodro Taye were identified, including the <a href=""/incarnation/view/Dzogchen-Kongtrul/TBRC_R8LS13177"">Dzogchen Kongtrul</a>&nbsp;line based at <a href=""/geographies/view/Dzogchen&nbsp;Monastery/TBRC_G16"">Dzogchen&nbsp;Monastery</a>, the <a href=""/incarnation/view/Zhechen-Kongtrul/TBRC_84"">Zhechen Kongtrul</a> based at <a href=""/geographies/view/Zhechen-Monastery/TBRC_G20"">Zhechen Monastery</a>,&nbsp;<a href=""/biographies/view/Dzigar-Kongtrul/TBRC_P1PD108567"">Dzigar Kongtrul</a>, based at <a href=""/geographies/view/Tsokha-Monastery/TBRC_G2CN11081"">Tsokha Monastery</a>,&nbsp;and <a href=""/biographies/view/Kalu-Rinpoche/TBRC_P938"">Kalu Rinpoche</a>, based at <a href=""/geographies/view/Tsandra-Rinchen-Drak/TBRC_g37"">Ts<span style=""font-size:12px;""><span style=""font-family: arial,helvetica,sans-serif;""><span id=""docs-internal-guid-4fe07377-c061-1cec-cee2-067fbac5e9ce"" style=""color: rgb(0, 0, 0); background-color: transparent; font-weight: 400; font-style: normal; font-variant: normal; text-decoration: none; vertical-align: baseline;"">ā</span></span></span>dra Rinchen Drak</a>.</p>
"
79,R8LS13166,79,Penor,Nyingma,1,,,pad nor,པད་ནོར།,,G18,TOLG14,"<p>
	The Penor incarnation line of <a href=""/geographies/view/Pelyul-Monastery/TBRC_G18"">Pelyul Monastery</a> began with the recognition of the <a href=""/biographies/view/Second-Penor,-Chokyi-Langpo/TBRC_P7359"">Second Penor, Chokyi Langpo</a>, as the reincarnation of the Third Throne Holder of the monastery, <a href=""/biographies/view/Pema-Norbu/TBRC_P5083"">Pema Norbu</a>. The <a href=""/biographies/view/Third-Penor-Rinpoche,-Lekshe-Chokyi-Drayang/TBRC_P6387"">Third Penor Rinpoche, Lekshe Chokyi Drayang</a>, built <a href=""/geographies/view/Namdroling-Monastery/TBRC_G4886"">Namdroling Monastery</a> in southern India.</p>
"
80,R8LS13055,80,Zurmang Trungpa,Karma Kagyu,24,,,zur mang drung pa,ཟུར་མང་དྲུང་པ།,,G326,TOLG174,"<p>
	The Zurmang Trungpa is one of several incarnation lineages based at <a href=""/geographies/view/Zurmang-Dutsitil-Monastery/TBRC_g326"">Zurmang Dutsitil Monastery</a> in Kham. The <a href=""/biographies/view/Eleventh-Trungpa,-Chokyi-Gyatso/TBRC_P851"">Eleventh Trungpa, Chokyi Gyatso</a>, was one of the leading proponents of Tibetan Buddhism in Europe and America.</p>
"
81,R8LS16682,81,Pakchok,Taklung Kagyu,45,Nyingma,1,phags mchog,འཕགས་མཆོག།,,G70,TOL218,"<p>
	The Pakchok incarnations were based at <a href=""/geographies/view/Riwoche-Monastery/TBRC_G70"">Riwoche Monastery</a> in Kham. Very little is known about the lives of the various incarnations.</p>
"
82,R8LS16683,82,Karma Kuchen,Nyingma,1,,,karma sku chen,ཀརྨ་སྐུ་ཆེན།,,G18,TOLG14,"<p>
	The Karma Kuchen incarnation line is based at <a href=""/geographies/view/Pelyul-Monastery/TBRC_g18"">Pelyul Monastery</a> and <a href=""/geographies/view/Dartang/TBRC_g523"">Dartang</a>, which the <a href=""/biographies/view/Second-Karma-Kuchen/TBRC_p6310"">Second Karma Kuchen</a> established.</p>
"
83,,83,Dzigar Kongtrul,Karma Kagyu,24,,,dzi sgar kong sprul,ཛི་སྒར་ཀོང་སྤྲུལ།,,G185,TOLG1114,"<p>
	The Dzigar Kongtrul line, incarnations of <a href=""/biographies/view/Jamgon-Kongtrul-Lodro-Taye/TBRC_P264"">Jamgon Kongtrul Lodro Taye</a> based at <a href=""/geographies/view/Dzigar-Chogar-Monastery/TBRC_G185"">Dzigar Chogar Monastery</a>, began with the recognition of <a href=""/biographies/view/Lodro-Rabpel/TBRC_P1PD108567"">Lodro Rabpel</a>, who was born around the year 1901.</p>
"
84,,84,Shechen Kongtrul,Nyingma,1,,,zhe chen kong sprul,ཞེ་ཆེན་ཀོང་སྤྲུལ།,,G20,TOLG13,"<p>
	The Shechen Kongtrul incarnation line was based at Shechen Monastery, and began when <a href=""/biographies/view/Pema-Drime-Lekpai-Lodro/TBRC_P744"">Pema Drime Lekpai Lodro</a> was recognized as the reincarnation of <a href=""/biographies/view/Jamgon-Kongtrul/TBRC_p264"">Jamgon Kongtrul</a>.</p>
"
85,,85,Kalu Rinpoche,Shangpa Kagyu,67,,,kar lu rin po che,ཀར་ལུ་རིན་པོ་ཆེ།,,G36,TOL472,"<p>
	The Kalu Rinpoche incarnation line began when the <a href=""/biographies/view/First-Kalu-Rinpoche,-Karma-Rangjung-Kunkhyab/TBRC_P938"">First Kalu Rinpoche, Karma Rangjung Kunkhyab</a>, was identified as the reincarnation of <a href=""/biographies/view/Jamgon-Kongtrul/TBRC_p264"">Jamgon Kongtrul</a>. His seat was <a href=""/geographies/view/Tsadra-Rinchen-Drak/TBRC_G37"">Tsadra Rinchen Drak</a>, Jamgon Kongtrul&#39;s hermitage and three-year retreat center. The current <a href=""/biographies/view/Kalu-Yangsi/TBRC_P5610"">Kalu Yangsi</a> was born in 1990.</p>
"
86,R8LS13054,86,Dzongsar Khyentse,Sakya,7,,,rdzong sar mkhyen brtse,རྫོགས་ཆེན་མཁྱེན་བརྩེ།,,G213,TOL180,"<p>
	The Dzongsar Khyentse incarnation line is the primary incarnation line that originated with <a href=""/biographies/view/Jamyang-Khyentse-Wangpo/TBRC_P258"">Jamyang Khyentse Wangpo</a>. It is based at <a href=""/geographies/view/Dzogsar-Monastery/TBRC_G213"">Dzongsar Monastery</a> in Kham.</p>
"
87,,87,Beru Khyentse,Karma Kagyu,24,,,be ru mkhyen brtse,བེ་རུ་མཁྱེན་བརྩེ།,,G36,,"<p>
	The Beru Khyentse incarnation line, based at <a href=""/geographies/view/Pelpung-Monasery/TBRC_G36"">Pelpung Monasery</a>, began with the recognition of <a href=""/biographies/view/Karma-Jamyang-Khyentse-Ozer/TBRC_P931"">Karma Jamyang Khyentse Wozer</a> as one of several reincarnations of <a href=""/biographies/view/Jamyang-Khyentse-Wangpo/TBRC_p258"">Jamyang Khyentse Wangpo</a>.</p>
"
88,R8LS12785,88,Pelri,Nyingma,1,,,dpal ri,དཔལ་རི།,,G665,TOL253,"<p>
	The Pelri incarnation line has its seat in Chonggye in Utsang, at <a href=""/geographies/view/Pelri-Tekchen-Ling/TBRC_g665"">Pelri Tekchen Ling</a>, a Nyingma monastery that was initially established in the fifteenth century by a local lord named Sonam Tobgyel.&nbsp;</p>
<p>
	&nbsp;</p>
<p>
	&nbsp;</p>
"
89,R8LS13416,89,Seula Jamgon,Drukpa Kagyu,40,,,se'u la byams mgon,སེའུ་ལ་བྱམས་མགོན།,,G56,TOLG1072,"<p>
	The Seula Jamgon Tulku line, one of the most significant lineages of Bhutan, is based at <a href=""/geographies/view/Seula-Chokhor-Dorjeden/TBRC_G56"">Seula Chokhor Dorjeden</a>, a Drukpa Kagyu monastery in Bhutan. The <a href=""/biographies/view/First-Seula-Tulku,-Jamgon-Ngawang-Gyeltsen/TBRC_P529"">First Seula Tulku, Jamgon Ngawang Gyeltsen</a>, was an important religious and politcal figure in 17th-18th century Bhutan.&nbsp;</p>
"
90,R8LS13170 ,90,Khangnang,Nyingma,1,,,khang nang,ཁང་ནང་།,,g18,TOLG14,"<p>
	The Khangnang lamas are based at <a href=""/geographies/view/Pelyul-Monastery/TBRC_g18"">Pelyul Monastery</a>. The line originated with <a href=""/biographies/view/Tashi-Puntsok/TBRC_p8552"">Tashi Puntsok</a>, who lived in the nineteenth century.</p>
"
91,R8LS13167,91,Dzongnang Jewon,Nyingma,1,,,rdzong nang rje dbon,རྫོང་ནང་རྗེ་དབོན།,,G18,TOLG14,"<p>
	The Dzongnang Jewon incarnations are based at <a href=""/geographies/view/Pelyul-Monastery/TBRC_g18"">Pelyul Monastery</a>. The line originated with <a href=""/biographies/view/Kunzang-Gyurme/TBRC_P8554"">Kunzang Gyurme</a> in the nineteenth century.</p>
"
92,R8LS13294,92,Pelyul Choktrul,Nyingma,1,,,dpal yul mchog sprul,དཔལ་ཡུལ་མཆོག་སྤྲུལ།,,G18,TOLG14,"<p>
	The Pelyul Choktrul incarnation line, also known as the Dzigar Choktrul and the Dzongnang Lama, are based at the Nyingma monasteries of <a href=""/geographies/view/Pelyul/TBRC_g18"">Pelyul</a> and <a href=""/geographies/view/Dartang/TBRC_g523"">Dartang</a>.</p>
"
93,R1AG93,93,Peling Sungtrul,Nyingma,1,,,pad gling gsung sprul,པད་གླིང་གསུང་སྤྲུལ།,,,,"<p>
	The Peling Sungtrul incarnation line, one of three lines stemming from <a href=""/biographies/view/Pema-Lingpa/TBRC_p1693"">Pema Lingpa</a>, began with the Second Pelung Sungtrul, <a href=""https://www.treasuryoflives.org/biographies/view/-Yenpa-Lode/P2654"">Yenpa Lode</a>.</p>
"
94,R8LS13273,94,Garchen,Drigung Kagyu,42,,,mgar chen,མགར་ཆེན།,,G1KR2696,TOL1605,"<p>
	The Garchen incarnation line is based at <a href=""/geographies/view/Gar-Gon-Jangchub-Choling-Monastery/TBRC_G2611"">Gar Gon Jangchub Choling Monastery</a> in Nangchen. There is some confusion about the origin of the line. It either began in the thirteenth century when the <a href=""/biographies/view/First-Garchen,-Ngawang-Dondrub/TBRC_P8575"">First Garchen, Ngawang Dondrub</a>, was identified as the reincarnation of the twelfth century Drigung master <a href=""/biographies/view/Gar-Dampa-Shakya-Pel/TBRC_P813"">Gar Dampa Shakya Pel</a>, or these two men were in fact the same, and Gar Dampa is the First Garchen.</p>
"
95,R8LS18184,95,Neten Chokling,Nyingma,1,,,gnas brtan mchog gling,གནས་བརྟན་མཆོག་གླིང་།,,G1AG98,TOLG59,"<p>
	The Neten Chokling incarnation line began with the recognition of <a href=""/biographies/view/Ngedon-Drubpai-Dorje/TBRC_P1AG97"">Ngedon Drubpai Dorje</a> as the reincarnation of <a href=""/biographies/view/Chokgyur-Lingpa/TBRC_P564"">Chokgyur Lingpa</a>. They are based at <a href=""/geographies/view/Neten-Monastery/TBRC_G1AG98"">Neten Monastery</a>. Another line of incarnations is the <a href=""/incarnation/view/Tsike/TBRC_R8LS18185"">Tsike</a>, or Kela line.</p>
"
96,R8LS18185,96,Tsike Chokling,Nyingma,1,,,rtsi ke mchog gling,རྩི་ཀེ་མཆོག་གླིང་།,,G3JT12623,TOL60,"<p>
	The Tsike, or Kela Chokling line of incarnations began with the recognition of <a href=""/biographies/view/Konchok-Gyurme/TBRC_P8050"">Konchok Gyurme</a> as one of two incarnations of <a href=""/biographies/view/Chokgyur-Lingpa/TBRC_P564"">Chokgyur Lingpa</a>. The line is based at <a href=""/geographies/view/Tsike-Monastery/TBRC_G3JT12623"">Tsike Monastery</a>. The other incarnation line is the <a href=""/incarnation/view/Neten-Chokling/TBRC_R8LS18184"">Neten Chokling</a>.</p>
"
97,R8LS13184,97,Shechen Gyeltsab,Nyingma,1,,,zhe chen rgyal tshab,ཞེ་ཆེན་རྒྱལ་ཚབ།,,G20,TOLG13,"<p>
	The Gyeltsab incarnations of <a href=""/geographies/view/Zhechen-Monastery/TBRC_g20"">Shechen Monastery</a> began in the eighteenth century with the recognition of the <a href=""/biographies/view/Second-Gyeltsab,-Pema-Sangngak-Tendzin/TBRC_P8LS13182"">Second Gyeltsab, Pema Sangngak Tendzin</a>. The line ended with death of the <a href=""/biographies/view/Fifth,-Gyurme-Pema-Dorje/TBRC_P8LS13183"">Fifth, Gyurme Pema Dorje</a>, who died in 1959.</p>
"
98,R8LS13030,98,Nyetang Mokchok,Shangpa Kagyu,67,,,mnyes thang smog lcog ,མཉེས་ཐང་སྨོག་ལྕོག།,,G2437,TOL1317,"<p>
	The Nyetang Mokchok tulku line begins with Khyungpo Neljor, the First Nyetang Mokchok, who lived in the eleventh century and founded the Shangpa Kagyu tradition and established <a href=""/geographies/view/Zhangzhong-Dorjeden-Monastery/TBRC_G4783 "">Zhangzhong Dorjeden Monastery</a> in the Shang valley in Tsang.&nbsp;</p>
"
99,,99,Chamtrul,Nyingma,1,,,lcam sprul,ལྕམ་སྤྲུལ།,,G17,TOLG9,"<p>
	A Nyingma incarnation line affiliated with <a href=""/geographies/view/Katok-Monastery/TBRC_G17"">Katok Monastery</a> in Kham. Although Katok Chamtruk Kunzik&nbsp;<a href=""/biographies/view/Jigme-Dorje/TBRC_P6026"">Jigme Dorje</a> was identified in his time as an incarnation in the Chamtrul line, it now appears that he&#39;s considered to be the First Chamtrul, followed by the Second Chamtrul Pema Nangsel Dorje and the present Third Chamtrul Lobsang Gyatso.&nbsp;</p>
<p>
	&nbsp;</p>
"
100,R8LS12778,100,Demo,Geluk,27,,,de mo,དེ་མོ།,,G303,TOLG723,"<p>
	The Demo incarnation was initially associated with <a href=""/geographies/view/Demo-Monastery/TBRC_G1438"">Demo Monastery</a>&nbsp;in Kongpo. <a href=""/geographies/view/Tengyeling/TBRC_G303"">Tengyeling</a>&nbsp;was founded by the Sixth Demo in the early 1760&#39;s became the seat of the lineage; the&nbsp;<a href=""/geographies/view/Demo-Labrang/TBRC_2784"">Demo Labrang</a>, built in the early 20th century,&nbsp;was the residence. The Demo Tulkus were among several other incarnations empowered as Regents to rule when a Dalai Lama was not of ruling age. This practice was ended during the reign of the <a href=""/biographies/view/Thirteenth-Dalai-Lama/TBRC_P197"">Thirteenth Dalai Lama</a>, who had the Ninth Demo, <a href=""/biographies/view/Ngawang-Lobzang-Trinle-Rabgye/TBRC_P1814"">Ngawang Lobzang Trinle Rabgye</a>, arrested for attempting to kill the Dalai Lama using cursed boots. The Eleventh Demo lives in exile and as of 2018 was pursuing graduate studies in North America.&nbsp;</p>
"
101,R8LS12886,101,Drigung Chetsang,Drigung Kagyu,42,,,bri gung che tshang,འབྲི་གུང་ཆེ་ཚང་།,,G340,TOLG82,"<p>
	The Drigung Chetsang line is one of two main tulku lines of <a href=""/geographies/view/Drigung-Monastery/TBRC_G340"">Drigung Monastery</a>, the other being the <a href=""/incarnation/view/Drigung-Chungstang/TBRC_R8LS12892"">Drigung Chungstang</a>. The First Drigung Chetsang was <a href=""/biographies/view/Konchok-Rinchen/TBRC_P4578"">Konchok Rinchen</a> (1590-1654) and his younger brother, <a href=""/biographies/view/Chokyi-Drakpa/TBRC_P2666"">Chokyi Drakpa</a>, was the First Drigung Chungstang.</p>
"
102,R8LS12892,102,Drigung Chungstang,Drigung Kagyu,42,,,bri gung chung tshang,འབྲི་གུང་ཆུང་ཚང་།,,G340,TOLG82,"<p>
	The Drigung Chungstang line is one of two main tulku lines of&nbsp;<a href=""/geographies/view/Drigung-Monastery/TBRC_G340"">Drigung Monastery</a>, the other being the&nbsp;<a href=""/incarnation/view/Drigung-Chetsang/TBRC_R8LS12886"">Drigung Chetsang</a>.&nbsp;<a href=""/biographies/view/Chokyi-Drakpa/TBRC_P2666"">Chokyi Drakpa</a>&nbsp;was the First Drigung Chungstang and the First Drigung Chetsang was&nbsp;<a href=""/biographies/view/Konchok-Rinchen/TBRC_P4578"">Konchok Rinchen</a>&nbsp;(1590-1654), his older brother.</p>
"
103,R8LS13062,103,Gungri Khandro,Geluk,27,,,gung ri mkha' 'gro,གུང་རི་མཁའ་འགྲོ།,,G4646,TOLG465,"<p>
	The Gungri Khandro is a female Geluk tulku line based at <a href=""/geographies/view/Gangya-Drakkar-Gon/TBRC_G4646"">Gangya Drakkar Gon</a> in Amdo.&nbsp;</p>
"
104,R8LS13153,104,Dzongkar,Geluk,27,,,rdzong dkar,རྫོང་དཀར།,,G224,TOLG497,"<p>
	The Dzonkar incarnation has its seat at <a href=""/geographies/view/Dzongkar-Monastery/TBRC_G224"">Dzongkar Monastery</a> in Amdo. The First Dzongkar was <a href=""/biographies/view/Sherab-Tashi/TBRC_P422"">Sherab Tashi</a>, who founded in the monastery in 1683. He was also known as the First Maṇipa, a title which is also held by subsequent Dzongkar Tulkus.&nbsp;</p>
"
105,R8LS13294,105,Dzongnang,Nyingma,1,,,rdzong nang bla ma,རྫོང་ནང་རྗེ་དབོན།,,G18,TOLG14,"<p>
	The Dzongnang Lama has its seat at <a href=""/geographies/view/Pelyul/TBRC_G18"">Pelyul</a> in Kham. The First Dzongnang Lama was also known as the <a href=""/biographies/view/Pelyul-Choktrul/TBRC_R8LS13294"">Pelyul Choktrul</a>, a title that subsequent incarnations also held.&nbsp;</p>
"
106,R8LS13046,106,Tsechok Ling,Geluk,27,,,tshe mchog gling ,ཚེ་མཆོག་གླིང་།,,G157,TOLG871,"<p>
	The Tsechok Ling line is based at <a href=""/geographies/view/Drib-Tsechok-Ling/TBRC_G157"">Drib Tsechok Ling</a> outside of Lhasa. It was founded by <a href=""/biographies/view/Yeshe-Gyelsten/TBRC_P105"">Yeshe Gyelsten</a>, who is considered the First Tsechok Ling. He was tutor to the <a href=""/biographies/view/Eighth-Dalai-Lama/TBRC_P109"">Eighth Dalai Lama</a>.</p>
"
107,R8LS12801,107,Pelbar,Geluk,27,Sakya,7,dpal 'bar sprul sku,དཔལ་འབར་སྤྲུལ་སྐུ།,,G73,TOLG814,"<p>
	The Pelbar Tulku has its seat at <a href=""/geographies/view/Pelbar/TBRC_G73"">Pelbar</a>, a Geluk monastery in Kham that was initially founded as a Sakya institution.&nbsp;</p>
"
108,R8LS13334,108,Chepa Gyakhar,Geluk,27,,,chas pa rgya mkhar,ཆས་པ་རྒྱ་མཁར།,,G4851,TOLG409,"<p>
	The Chepa Gyakgar lineage has its seat at <a href=""/geographies/view/Gyakhar-Monastery/TBRC_G4851"">Gyakhar Monastery</a> in Amdo.&nbsp;</p>
"
109,,109,Lelung Jedrung,Geluk,27,,,sle lung rje drung,སླེ་ལུང་རྗེ་དྲུང་།,,G180,TOLG237,"<p>
	The Lelung Jedrung incarnations appear to have begun in the sixteenth century with the recognition of <a href=""/biographies/view/Tenpa-Gyatso/TBRC_P5465"">Tenpa Gyatso</a> as the reincarnation of <a href=""/biographies/view/Gendun-Tashi/TBRC_p2311"">Gendun Tashi</a>, the eighth abbot of <a href=""/geographies/view/Chamdo-Jampa-Ling/TBRC_g180"">Chamdo Jampa Ling</a>. Tenpa Gyatso was declared the Third Lelung Jedrung, the first being <a href=""/biographies/view/Grubchen-Lekyi-Dorje/TBRC_P1317"">Drubchen Lekyi Dorje</a>. The incarnation line is based at <a href=""/geographies/view/Lelung-Monastery/TBRC_G184"">Lelung Monastery</a>, and is also known as the Wolga Jedrung.</p>
"
111,,111,Dilgo Khyentse,Nyingma,1,,,dil mgo mkhyen brtse,དིལ་མགོ་མཁྱེན་བརྩེ།,,G20,TOLG13,"<p>
	Dilgo Khyentse was one of five recognized reincarnations of <a href=""/biographies/view/Jamyang-Khyentse-Wangpo/TBRC_p258"">Jamyang Khyentse Wangpo</a>. His reincarnation, known as Dilgo Yangse Rinpoche, was born in 1993, the son of Tsikey Choling Rinpoche.</p>
"
113,,113,Pelme Khyentse,Drigung Kagyu,42,,,dpal me mkhyen brtse,དཔལ་མེ་མཁྱེན་བརྩེ།,,G2601,TOLG247,"<p>
	The Pelme Khyentse incarnation line, based at <a href=""/geographies/view/Pelme-Monastery/TBRC_G2601"">Pelme Monastery</a>, was initiated with <a href=""/biographies/view/Kunzang-Drodul/TBRC_P6897"">Kunzang Drodul</a>, who was identified as a reincarnation of <a href=""/biographies/view/Jamyang-Khyentse-Wangpo/TBRC_P258"">Jamyang Khyentse Wangpo</a>.</p>
"
114,,114,Pakchok Khyentse,Nyingma,1,,,phags mchog mkhyen brtse,ཕགས་མཆོག་མཁྱེན་བརྩེ།,,,,"<p>
	The Pakchok Khyentse line initiated with the identification of <a href=""/biographies/view/Pakchok-Dorje/TBRC_P717"">Pakchok Dorje</a>, a son of <a href=""/biographies/view/Śākya-Śrī/TBRC_P620"">Śākya Śrī</a>, as a reincarnation of <a href=""/biographies/view/Jamyang-Khyentse-Wangpo/TBRC_P258"">Jamyang Khyentse Wangpo</a>.</p>
"
115,,115,Gonchen Khyentse,Sakya,7,,,dgon chen mkhyen brtse,དགོན་ཆེན་མཁྱེན་བརྩེ།,,G193,TOL207,"<p>
	The Gonchen Khyentse line, for want of a better name, is the incarnation line that began when <a href=""/biographies/view/Jamyang-Khyentse-Chokyi-Wangpo/TBRC_P8LS76438"">Jamyang Khyentse Chokyi Wangpo</a> was identified as a reincarnation of <a href=""/biographies/view/Jamyang-Khyentse-Wangpo/TBRC_P258"">Jamyang Khyentse Wangpo</a> and installed at <a href=""/geographies/view/Dzongsar-Monastery/TBRC_G213"">Dzongsar Monastery</a>. When he died young he was replaced at Dzongsar by <a href=""https://treasuryoflives.org/biographies/view/Jamyang-Khyentse-Chokyi-Lodro/TBRC_P733"">Jamyang Khyentse Chokyi Lodro</a>, who had been based at Katok, and his reincarnation, <a href=""/biographies/view/Jamyang-Chokyi-Wangchuk/TBRC_P8LS76435"">Jamyang Chokyi Wangchuk</a> was moved to <a href=""/geographies/view/Gonchen/TBRC_G193"">Gonchen</a>. He was the uncle and teacher of <a href=""https://treasuryoflives.org/biographies/view/Namkhai-Norbu/TBRC_P6672"">Namkhai Norbu</a>.</p>
"
116,,116,Khordong,Nyingma,1,,,khor gdong,འཁོར་གདོང་།,,G3842,TOLG1316,"<p>
	The Khordong Tertrul incarnation line began with <a href=""/biographies/view/Khordong-Terchen-Nuden-Dorje/TBRC_P1KG9679"">Khordong Terchen Nuden Dorje</a>. The Third Khordong Tertrul was the famous twentieth-century Nyingma master <a href=""/biographies/view/Chime-Rigdzin/TBRC_P1KG9680"">Chime Rigdzin</a>, popularly known as C.R. Lama.&nbsp;</p>
"
117,P8LS12765,117,Dungkar,Geluk,27,,,dung dkar,དུང་དཀར།,,,,"<p>
	The Dungkar incarnation lineage was initially associated with&nbsp;<a href=""https://treasuryoflives.org/geographies/view/Rika-Ganden-Shedrub-Dargye-Ling/TBRC_G3481"">Rika Ganden Shedrub Dargye Ling</a>, where&nbsp;<a href=""/biographies/view/Tsangyang-Drukdrak/TBRC_P8LS12767"">Tsangyang Drukdrak</a>, the Third Dungkar, served as Abbot. It later became associated with&nbsp;<a href=""/geographies/view/Tashi-Choling/TBRC_G4321"">Tashi Choling</a>&nbsp;in Kongpo.&nbsp;<a href=""/biographies/view/Dungkar-Lobzang-Trinle/TBRC_P1161"">Dungkar Lobzang Trinle</a>, eminent scholar of Tibetan language, was recognized as the eighth in the lineage.&nbsp;</p>
"
118,,118,Ganden Tongkhor,Geluk,27,,,a mdo stong 'khor,ཨ་མདོ་སྟོང་འཁོར།,,G239,TOL440,"<p> The Tongkhor line of incarnations began in the sixteenth century when, following the death of <a href=""/biographies/view/Dawa-Gyeltsen/TBRC_P2048"">Dawa Gyeltsen</a> in 1556, <a href=""/biographies/view/Yonten-Gyatso/TBRC_P2043"">Yonten Gyatso</a> was recognized as his reincarnation, named the Second Tongkhor, and installed at <a href=""/geographies/view/Tongkhor-Tashilhunpo/TBRC_G1542"">Tongkhor Tashilhunpo</a> in Kham.&nbsp;After the death of the Third Tongkhor, <a href=""/biographies/view/Gyelwa-Gyatso/TBRC_P1004"">Gyelwa Gyatso</a>, the line had two seats, Tashilhunpo in Kham and the other at <a href=""/geographies/view/Ganden-Chokhor-Ling/TBRC_G239"">Ganden Chokhor Ling</a> in Tongkhor county near Lake Kokonor .Following the death of the Fifth Tongkhor, <a href=""/biographies/view/Ngawang-Sonam-Gyatso/TBRC_P1468"">Ngawang Sonam Gyatso</a>, both communities put forward their own reincarnations. There were thus two Sixth Tongkhor lamas: <a href=""/geographies/view/Ngawang-Jamyang-Tendzin-Gyatso/TBRC_P1813"">Ngawang Jamyang Tendzin Gyatso</a> and <a href=""/biographies/view/Jampel-Gendun-Gyatso/TBRC_P1KG4775"">Jampel Gendun Gyatso</a>. The lines conitnued separately thereafter.</p>"
119,R8LS13092,119,Zimwok,Sakya,7,,,gzims 'og,གཟིམས་འོག།,,G233,TOL128,"<p> The Zimwok Tulku line began with <a href=""/biographies/view/Zhabdrung-Ngawang-Norbu/TBRC_P8452"">Zhabdrung Ngawang Norbu</a>,&nbsp;who was identified as the reincarnation of both <a href=""/biographies/view/Rongton-Sheja-Kunrik/TBRC_P431"">Rongton Sheja Kunrik</a>&nbsp;and his close disciple <a href=""/biographies/view/Dakpo-Tashi-Namgyel-/TBRC_P5091"">Dakpo Tashi Namgyel</a>, the two founders of <a href=""/geographies/view/Nalendra-Monastery/TBRC_G233"">Nalendra Monastery</a>. Tashi Namgyel had built a residence below Rongton&#39;s which became known as &quot;Zimwok,&quot; meaning &quot;below the residence,&quot; and this title was given to the first joint incarnation of the two masters. Zhabdrung Ngawang Norbu was a nephew and disciple of <a href=""/biographies/view/Jampa-Ngawang-Lhundrub/TBRC_P3511"">Jampa Ngawang Lhundrub</a>&nbsp;of the <a href=""/communities/view/Kuzhang-family/TBRC_TOL1626"">Kuzhang family</a>&nbsp;who were major patrons of Nalendra and <a href=""/geographies/view/Ngor-Ewaṃ-Choden/TBRC_G211"">Ngor Ewaṃ Choden</a>.</p>"
120,R8LS13205,120,Jebtsundampa,Geluk,27,Jonang,278,khal kha rje btsun dam pa'i skye brgyud,ཁལ་ཁ་རྗེ་བཙུན་དམ་པའི་སྐྱེ་བརྒྱུད།,,G507,TOL1280,"<p> The Jebstundampa incarnation lineage is regarded as the head of Buddhism in Mongolia. The lineage is currently affiliated with both Jonang and Geluk traditions. The First Jebtsundampa, <a href=""/biographies/view/Zanabazar/TBRC_P5779"">Zanabazar</a>, was identified as the reincarnation of&nbsp;<a href=""/biographies/view/Jetsun-Tāranātha/TBRC_P1428"">Jetsun Tāranātha</a>&nbsp;(tA ra nA tha, 1575&ndash;1634). The list of prior incarnations is as follows: 1) Indian Paṇḍita Barbey Tsobo (&#39;bar ba&#39;i gtso bo), 2) Mahāsiddha Kṛṣṇācārya, 3) Indian tantric master Rātna Bhahula, 4) <a href=""/biographies/view/Rongzom-Chokyi-Zangpo/TBRC_P3816"">Rongzom Chokyi Zangpo</a> (rong zom chos kyi bzang po mid 11th cen&ndash;early 12th cen.), 5) <a href=""/biographies/view/Barompa-Darma-Wangchuk/TBRC_P1856"">Barompa Darma Wangchuk</a> (&#39;ba rom pa dar ma dbang phyug 1127&ndash;1194), 6) Avadhūti Wozer Pel (a wa dhu ti &#39;od zer dpal), 7) Zhang Drukdra Gyaltsen (zhang &#39;brug sgra rgyal mtshan), 8) Sanggye Rechen (sangs rgyas ras chen), 9) Kunkhyen Sangha Bhadra (kun mkhyen sangha bhadra), 10) <a href=""/biographies/view/Jamyang-Choje-Tashi-Pelden/TBRC_P35"">Jamyang Choje Tashi Pelden</a> ( &#39;jam dbyangs chos rje bkra shis ldan 1379&ndash;1449), 11) Paṇḍita Chokyi Nyinje (chos kyi nyin byed), 12) <a href=""/biographies/view/Jonang-Jetsun-Kunga-Drolchok/TBRC_P2387"">Jonang Jetsun Kunga Drolchok</a> (rje btsun kun dga&#39; grol mchog 1507&ndash;1566), 13) and the Indian prince Gaje Sakyong (dga&#39; byed sa skyong).&nbsp;</p>"
121,,121,Drubgyud Tulku,Yelpa Kagyu,54,,,sgrub rgyud sprul sku,སྒྲུབ་རྒྱུད་སྤྲུལ་སྐུ།,,G2628,TOL158        ,"<p> The Drubgyud Tulku line is a Yelpa Kagyu incarnation based at <a href=""/geographies/view/Tana-monastery/TBRC_G2628"">Tana monastery</a> in Nangchen, Kham.</p>"
122,R8LS13250        ,122,Katok Getse        ,Nyingma,1,,,kaH thog dge rtse        ,ཀཿ་ཐོག་དགེ་རྩེ།,,,,"<p>
        The Katok Getse incarnations began with <a href=""/biographies/view/Getse-Mahāpaṇḍita/TBRC_P2943"">Getse Mahāpaṇḍita</a>, one of the most reknowned scholars of the eighteenth century, a prominent chaplain at Derge and the compiler of the Collected Nyingma Tantras. The Fourth Katok Getse passed away in 2018 in Nepal. The Getse incarnations are considered emanations of the bodhisattva Vajrapāṇi, with a preincarnation line that begins with the Indian mahāsiddha <a href=""/biographies/view/Kṛṣṇācārya/TBRC_P3299"">Kṛṣṇācārya</a>&nbsp;and includes&nbsp;<a href=""/biographies/view/Namkhai-Nyingpo/TBRC_P7743"">Namkhai Nyingpo</a>, <a href=""/biographies/view/Zur-Śākya-Senge/TBRC_P2099"">Zur Śākya Senge</a>, <a href=""/biographies/view/Lingje-Repa/TBRC_P910"">Lingje Repa</a>, <a href=""/biographies/view/Jampa-Bum/TBRC_P1492"">Jampa Bum</a>, <a href=""/biographies/view/Sakya-Paṇḍita/TBRC_P1056"">Sakya Paṇḍita</a>, <a href=""/biographies/view/Dolpopa-Sherab-Gyeltsen/TBRC_P139"">Dolpopa Sherab Gyeltsen</a>, <a href=""/biographies/view/Śākya-Chokden/TBRC_P396"">Śākya Chokden</a>, <a href=""/biographies/view/Tāranātha/TBRC_P1428"">Tāranātha</a>, and <a href=""/biographies/view/Rigdzin-Tsewang-Norbu/TBRC_P676"">Rigdzin Tsewang Norbu</a>.</p>
"
123,,123,Dudjom,Nyingma,1,,,bdud 'joms,བདུད་འཇོམས།,,G3992,TOL957,"<p>The Dudjom incarnation line is generally said to have begun with the seventeenth-century Katok lama <a href=""/biographies/view/Dudul-Dorje/TBRC_P651"">Dudul Dorje</a>, although <a href=""/biographies/view/Orgyen-Dudul-Rolpatsel/TBRC_P5226"">Orgyen Dudul Rolpatsel</a> is sometimes mentioned as the first of the line. Dudul Dorje&rsquo;s reincarnation, <a href=""/biographies/view/Dudjom-Lingpa/TBRC_P705"">Dudjom Lingpa</a>, was the progenitor of the Dudjom Tersar, of which his reincarnation, the great twentieth-century lama <a href=""/biographies/view/Dudjom-Rinpoche/TBRC_P736"">Dudjom Rinpoche</a>, was the main propagator.</p>"
124,R8LS13040,124,Kagyu Tulku,Barawa Kagyu,77,,,bka' brgyud sprul sku,བཀའ་བརྒྱུད་སྤྲུལ་སྐུ།,,G1KR1632,TOL1549,"<p>
        The Kagyu Tulkus are a Barawa Kagyu incarnation line based at <a href=""/geographies/view/Kagyu-Gonsar-Monastery/TBRC_G1KR1632"">Kagyu Gonsar Monastery</a> in the Chumbu valley, southern Tibet. The line originated when <a href=""/biographies/view/Tenzin-Nyida/TBRC_P8LS13000"">Tenzin Nyida</a> was identified as the reincarnation of the prominent seventeenth-century Barawa Kagyu lama <a href=""/biographies/view/Konchok-Gyeltsen/TBRC_P7118"">Konchok Gyeltsen</a>. The line is also known as the Drubtob Tulkus.</p>"
125,,125,Tana Lhatse,Yelpa Kagyu,54,,,rta rna lha rtse        ,རྟ་རྣ་ལྷ་རྩེ།,,G2628,TOL158        ,"<p>
        The Tana Lhatse incarnation line was based at <a href=""/geographies/view/Jang-Tana/TBRC_G2628"">Jang Tana</a>, a Yelpa Kagyu monastery in Nangchen.</p>"
126,,126,Dezhung,Sakya,7,,,sde gzhung        ,སྡེ་གཞུང་།,,G3268,TOL179,"<p>
        The Dezhung incarnation line, which appears to have begun with the <a href=""/biographies/view/Second-Dezhung/TBRC_P11MS232"">Second Dezhung, Lungrik Nyinma</a>, was based at <a href=""/geographies/view/Dezhung-Monastery/TBRC_G3268"">Dezhung Monastery</a> in Kham. The <a href=""/biographies/view/Third-Dezhung-Rinpoche,-Kunga-Tenpai-Nyima,/TBRC_P7679"">Third Dezhung Rinpoche, Kunga Tenpai Nyima,</a> taught at the University of Washington for many years, training some of North America&#39;s best scholars of Tibet. In some sources Lungrik Nyima is enumerated as the first, and Kunga Tenpai Nyima is the second.&nbsp;</p>"