Monastery Head Lineage ID,Lineage Name -IGNORE,Person ID,Sequence,Ordinal Text,start_date_century_id,end_date_century_id,start_date,start_date_approx,start_date_alternate,end_date,end_date_approx,end_date_alternate
88,Drigung Gompa,13449,1,1,,,1179,,,,,
88,Drigung Gompa,13451,6,6,,,,,,,,
88,Drigung Gompa,13450,2,2,,,,,,,,
830,Je Khenpo,150,1,1,,,,,,,,
830,Je Khenpo,892,2,2,,,,,,,,
830,Je Khenpo,893,3,3,,,,,,,,
830,Je Khenpo,1479,4,4,,,,,,,,
830,Je Khenpo,905,5,5,,,,,,,,
830,Je Khenpo,907,6,6,,,,,,,,
830,Je Khenpo,910,7,7,,,,,,,,
830,Je Khenpo,911,8,8,,,,,,,,
830,Je Khenpo,914,9,9,,,,,,,,
830,Je Khenpo,943,10,10,,,,,,,,
830,Je Khenpo,956,11,11,,,,,,,,
830,Je Khenpo,931,12,12,,,,,,,,
830,Je Khenpo,969,13,13,,,,,,,,
830,Je Khenpo,935,14,14,,,,,,,,
830,Je Khenpo,963,15,15,,,,,,,,
830,Je Khenpo,940,16,16,,,,,,,,
830,Je Khenpo,964,17,17,,,,,,,,
830,Je Khenpo,970,18,18,,,,,,,,
830,Je Khenpo,1003,19,19,,,,,,,,
830,Je Khenpo,999,20,20,,,,,,,,
830,Je Khenpo,1847,21,21,,,,,,,,
830,Je Khenpo,975,22,22,,,,,,,,
830,Je Khenpo,986,23,23,,,,,,,,
830,Je Khenpo,1007,24,24,,,,,,,,
830,Je Khenpo,1008,25,25,,,,,,,,
830,Je Khenpo,1004,26,26,,,,,,,,
830,Je Khenpo,1846,27,27,,,,,,,,
830,Je Khenpo,1002,28,28,,,,,,,,
830,Je Khenpo,1000,29,29,,,,,,,,
830,Je Khenpo,1009,30,30,,,,,,,,
830,Je Khenpo,1005,31,31,,,,,,,,
830,Je Khenpo,1011,32,32,,,,,,,,
830,Je Khenpo,1012,33,33,,,,,,,,
830,Je Khenpo,1013,34,34,,,,,,,,
830,Je Khenpo,1016,35,35,,,,,,,,
830,Je Khenpo,1017,36,36,,,,,,,,
830,Je Khenpo,1018,37,37,,,,,,,,
830,Je Khenpo,1851,38,38,,,,,,,,
830,Je Khenpo,1019,39,39,,,,,,,,
830,Je Khenpo,1022,40,40,,,,,,,,
830,Je Khenpo,1023,41,41,,,,,,,,
830,Je Khenpo,1845,42,42,,,,,,,,
830,Je Khenpo,1028,43,43,,,,,,,,
830,Je Khenpo,1025,44,44,,,,,,,,
830,Je Khenpo,1032,45,45,,,,,,,,
830,Je Khenpo,1036,46,46,,,,,,,,
830,Je Khenpo,1038,47,47,,,,,,,,
830,Je Khenpo,1039,48,48,,,,,,,,
830,Je Khenpo,1040,49,49,,,,,,,,
830,Je Khenpo,1042,50,50,,,,,,,,
830,Je Khenpo,1015,51,51,,,,,,,,
830,Je Khenpo,1844,52,52,,,,,,,,
830,Je Khenpo,1010,53,53,,,,,,,,
830,Je Khenpo,1046,54,54,,,,,,,,
830,Je Khenpo,1044,55,55,,,,,,,,
830,Je Khenpo,1047,56,56,,,,,,,,
830,Je Khenpo,1049,57,57,,,,,,,,
830,Je Khenpo,1050,58,58,,,,,,,,
830,Je Khenpo,1218,59,59,,,,,,,,
830,Je Khenpo,1219,60,60,,,,,,,,
830,Je Khenpo,1221,61,61,,,,,,,,
830,Je Khenpo,1222,62,62,,,,,,,,
830,Je Khenpo,1223,63,63,,,,,,,,
830,Je Khenpo,1224,64,64,,,,,,,,
830,Je Khenpo,1225,65,65,,,,,,,,
830,Je Khenpo,1848,66,66,,,,,,,,
830,Je Khenpo,1227,67,67,,,,,,,,
830,Je Khenpo,1014,68,68,,,,,,,,
830,Je Khenpo,1220,69,69,,,,,,,,
830,Je Khenpo,1296,70,70,,,,,,,,
1,Katok Khenpo,2589,1,1,,,1159,,,1192,,
1,Katok Khenpo,10573,2,2,,,1192,,,1227,,
1,Katok Khenpo,2781,3,3,,,1227,,,1252,,
1,Katok Khenpo,2780,4,4,,,1252,,,1282,,
1,Katok Khenpo,7152,5,5,,,1282,,,1327,,
1,Katok Khenpo,10654,6,6,,,1327,,,1347,,
1,Katok Khenpo,10656,7,7,,,1347,,,1357,,
1,Katok Khenpo,10649,8,8,,,1339,,,1369,,
1,Katok Khenpo,10659,9,9,,,1369,,,1384,,
1,Katok Khenpo,10658,10,10,,,1384,,,1406,,
1,Katok Khenpo,10572,11,11,,,1406,,,1430,,
1,Katok Khenpo,7736,12,12,,,1430,,,,,
1,Katok Khenpo,10571,13,13,,,,,,1439,,
1,Katok Khenpo,13134,14,14,,,1439,,,,,
1,Katok Khenpo,4028,15,15,,,,,,,,
1,Katok Khenpo,2,,,,,1995,,,,,
1,Katok Khenpo,7144,,,,,,,,,,
1,Katok Khenpo,8539,,,,,,,,,,
1,Katok Khenpo,2992,,,,,,,,,,
1,Katok Khenpo,8580,,,,,,,,,,
10,Sera Trirab,5795,1,1,,,1419,0,,1435,,
10,Sera Trirab,6769,3,3,,,,0,,,,
10,Sera Trirab,7294,8,8,,,1467,0,1481,,,
10,Sera Trirab,8079,9,9,,,,0,,,,
10,Sera Trirab,2896,10,10,,,1516,0,1517,,,
10,Sera Trirab,11114,11,11,,,1528,0,,,,
10,Sera Trirab,7240,12,12,,,,0,,,,
10,Sera Trirab,1637,13,13,,,1546,0,,1554,,
10,Sera Trirab,5953,14,14,,,1554,0,,,,
10,Sera Trirab,12828,15,15,,,1558,0,,,,
10,Sera Trirab,3708,16,16,,,,0,,,,
10,Sera Trirab,3085,17,17,,,,0,,,,
10,Sera Trirab,9839,18,18,,,,0,,,,
10,Sera Trirab,3134,,,69,,,0,,,,
11,Drepung,5849,1,1,,,1416,0,,1449,,
11,Drepung,13286,2,2,,,1449,0,,,,
11,Drepung,6769,3,3,,,,0,,,,
11,Drepung,2912,4,4,,,,0,,,,
11,Drepung,13287,5,5,,,,0,,1492,,
11,Drepung,13288,6,6,,,,0,,,,
11,Drepung,6953,7,7,,,1481,0,,,,
11,Drepung,6782,8,8,,,,0,,,,
11,Drepung,13289,9,9,,,,0,,,,
11,Drepung,11114,10,10,,,1517,0,,1535,,
11,Drepung,1637,11,11,,,1535,0,,1551,,
11,Drepung,12828,12,12,,,1564,0,,,,
11,Drepung,3085,13,13,,,,0,,,,
11,Drepung,9839,14,14,,,,0,,,,
11,Drepung,6065,15,15,,,,0,,,,
11,Drepung,7002,,,,,,0,,,,
11,Drepung,12025,,,,,,0,,,,
12,Kumbum Trichen,6488,1,1,,,1621,0,,1623,0,
12,Kumbum Trichen,1542,2,2,,,1617,0,,,0,
12,Kumbum Trichen,13266,3,3,,,1621,0,,1623,0,
12,Kumbum Trichen,6902,4,4,,,1623,0,,1630,0,
12,Kumbum Trichen,5962,5,5,,,1630,0,,1638,0,
12,Kumbum Trichen,6903,6,6,,,1638,0,,1642,0,
12,Kumbum Trichen,5961,7,7,,,1642,0,,1648,0,
12,Kumbum Trichen,6904,8,8,,,1648,0,,1653,0,
12,Kumbum Trichen,6905,9,9,,,1653,0,,1658,0,
12,Kumbum Trichen,6906,10,10,,,1658,0,,1663,0,
12,Kumbum Trichen,6907,11,11,,,1663,0,,1668,0,
12,Kumbum Trichen,6908,12,12,,,1668,0,,1671,0,
12,Kumbum Trichen,6909,13,13,,,1671,0,,1676,0,
12,Kumbum Trichen,6911,14,14,,,1676,0,,1681,0,
12,Kumbum Trichen,6912,15,15,,,1681,0,,1686,0,
12,Kumbum Trichen,6204,16,16,,,1686,0,,1691,0,
12,Kumbum Trichen,2392,17,17,,,1691,0,1692,1696,0,
12,Kumbum Trichen,3227,18,18,,,1696,0,,1713,0,
12,Kumbum Trichen,3872,19,19,,,1713,0,,1718,0,
12,Kumbum Trichen,6921,20,20,,,1718,0,,1724,0,
12,Kumbum Trichen,6593,21,21,,,1724,0,,1729,0,
12,Kumbum Trichen,2942,22,22,,,1729,0,,1731,0,
12,Kumbum Trichen,6694,23,23,,,1731,0,,1734,0,
12,Kumbum Trichen,6922,24,24,,,1734,0,,1741,0,
12,Kumbum Trichen,3941,25,25,,,1741,0,,1746,0,
12,Kumbum Trichen,3942,26,26,,,1746,0,,1749,0,
12,Kumbum Trichen,6923,27,27,,,1749,0,,1752,0,
12,Kumbum Trichen,5620,28,28,,,1777,0,,1780,0,
12,Kumbum Trichen,2399,29,29,,,1762,0,,1764,0,1765
12,Kumbum Trichen,2996,30,30,,,1764,0,,1768,0,
12,Kumbum Trichen,6924,31,31,,,1768,0,,1777,0,
12,Kumbum Trichen,3320,33,33,,,1780,0,,1785,0,
12,Kumbum Trichen,4218,63,33,,,1874,0,,,0,
12,Kumbum Trichen,6824,34,34,,,1785,0,,1789,0,
12,Kumbum Trichen,3008,35,35,,,1789,0,,1793,0,
12,Kumbum Trichen,5336,36,36,,,1793,0,,1798,0,
12,Kumbum Trichen,6594,37,37,,,1798,0,,1802,0,
12,Kumbum Trichen,2348,38,38,,,1802,0,,1804,0,
12,Kumbum Trichen,6925,39,39,,,1804,0,,1807,0,
12,Kumbum Trichen,5545,40,40,,,1807,0,,1808,0,
12,Kumbum Trichen,2568,41,41,,,1807,0,,1810,0,
12,Kumbum Trichen,6484,42,42,,,1810,0,,,0,
12,Kumbum Trichen,13267,43,43,,,1806,0,,,0,
12,Kumbum Trichen,2974,44,44,,,1813,0,,1815,0,
12,Kumbum Trichen,4568,45,45,,,1816,0,,,0,
12,Kumbum Trichen,13179,46,46,,,1819,0,,,0,
12,Kumbum Trichen,3731,47,47,,,1820,0,,,0,
12,Kumbum Trichen,13268,48,48,,,1822,0,,,0,
12,Kumbum Trichen,6056,49,49,,,1824,0,,,0,
12,Kumbum Trichen,13269,50,50,,,1828,0,,,0,
12,Kumbum Trichen,9443,51,51,,,1830,0,,,0,
12,Kumbum Trichen,6989,52,52,,,1833,0,,,0,
12,Kumbum Trichen,13268,53,53,,,1845,0,,,0,
12,Kumbum Trichen,13270,54,54,,,1846,0,,,0,
12,Kumbum Trichen,2506,55,55,,,1850,0,,,0,
12,Kumbum Trichen,4112,56,56,,,1851,0,,,0,
12,Kumbum Trichen,6822,57,57,,,1855,0,,,0,
12,Kumbum Trichen,5567,58,58,,,1861,0,,,0,
12,Kumbum Trichen,13271,59,59,,,1864,0,,,0,
12,Kumbum Trichen,6263,60,60,,,1865,0,,,0,
12,Kumbum Trichen,3852,61,61,,,1866,0,,,0,
12,Kumbum Trichen,2398,62,62,,,1868,0,,,0,
12,Kumbum Trichen,3313,64,64,,,1874,0,,,0,
12,Kumbum Trichen,3760,65,65,,,1877,0,,,0,
12,Kumbum Trichen,2393,66,66,,,1892,0,,1894,0,
12,Kumbum Trichen,6458,66,66,,,1880,0,,,0,
12,Kumbum Trichen,6532,67,67,,,1882,0,,,0,
12,Kumbum Trichen,2758,68,68,,,1883,0,,,0,
12,Kumbum Trichen,13272,69,69,,,1884,0,,,0,
12,Kumbum Trichen,4252,70,70,,,1886,0,,,0,
12,Kumbum Trichen,4077,71,71,,,1888,0,1889,,0,
12,Kumbum Trichen,13273,72,72,,,1890,0,,,0,
12,Kumbum Trichen,2393,73,73,,,1892,0,,1894,0,
12,Kumbum Trichen,13274,74,74,,,1894,0,,,0,
12,Kumbum Trichen,13275,75,75,,,,0,,,0,
12,Kumbum Trichen,13276,76,76,,,,0,,,0,
12,Kumbum Trichen,3838,77,77,,,1901,0,,,0,
12,Kumbum Trichen,6048,78,78,,,1903,0,,,0,
12,Kumbum Trichen,3739,,,,,1943,0,,,0,
12,Kumbum Trichen,9097,,,,,1946,0,,,0,
13,Labrang Tri,6646,1,1,,,1709,0,,1710,0,
13,Labrang Tri,6505,2,2,,,1719,0,,1738,0,
13,Labrang Tri,2436,3,3,,,1739,0,,1746,0,
13,Labrang Tri,5889,4,4,,,1745,0,,,0,
13,Labrang Tri,10388,5,5,,,,0,,,0,
13,Labrang Tri,6312,6,6,,,1755,0,,,0,
13,Labrang Tri,3086,7,7,,,1753,0,,1754,0,
13,Labrang Tri,10388,8,8,,,,0,,,0,
13,Labrang Tri,8069,10,10,,,,0,,,0,
13,Labrang Tri,2996,11,11,,,,0,,,0,
13,Labrang Tri,6045,12,12,,,,0,,,0,
13,Labrang Tri,6529,13,13,,,1761,0,,1767,0,
13,Labrang Tri,7105,14,14,,,1768,0,,1773,1,
13,Labrang Tri,6731,15,15,,,,0,,,0,
13,Labrang Tri,6502,16,16,,,1777,0,,1778,0,
13,Labrang Tri,6622,17,17,,,,0,,,0,
13,Labrang Tri,6760,18,18,,,1783,0,,1787,0,1788
13,Labrang Tri,4607,19,19,,,1787,0,,,0,
13,Labrang Tri,6536,20,20,,,1789,0,,1792,1,
13,Labrang Tri,4730,21,21,,,1792,0,,,0,
13,Labrang Tri,8184,22,22,,,1798,0,,,0,
13,Labrang Tri,4720,23,23,,,1788,0,,,0,
13,Labrang Tri,3074,24,24,,,1804,1,,1810,1,
13,Labrang Tri,3769,25,25,,,1809,0,,1813,0,
13,Labrang Tri,6025,26,26,,,1813,0,,,0,
13,Labrang Tri,2506,27,27,,,1817,0,,,0,
13,Labrang Tri,5910,28,28,,,,0,,,0,
13,Labrang Tri,3080,29,29,,,,0,,,0,
13,Labrang Tri,6198,30,30,,,1824,0,,,0,
13,Labrang Tri,5911,31,31,,,,0,,,0,
13,Labrang Tri,6459,32,32,,,,0,,,0,
13,Labrang Tri,7892,33,33,,,,0,,,0,
13,Labrang Tri,2855,34,34,,,1831,0,,,0,
13,Labrang Tri,3079,35,35,,,1831,0,,1834,0,
13,Labrang Tri,4093,36,36,,,1834,0,,,0,
13,Labrang Tri,2860,37,37,,,,0,,,0,
13,Labrang Tri,3892,38,38,,,1839,0,,1840,0,
13,Labrang Tri,7109,39,39,,,1849,0,,1851,0,
13,Labrang Tri,5994,40,40,,,1843,0,,,0,
13,Labrang Tri,4546,41,41,,,1844,0,,,0,
13,Labrang Tri,5912,42,42,,,1846,0,,1849,0,
13,Labrang Tri,5929,43,43,,,1848,0,,,0,
13,Labrang Tri,3041,44,44,,,1849,0,,,0,
13,Labrang Tri,3869,45,45,,,1852,0,,,0,
13,Labrang Tri,6467,46,46,,,1853,0,,,1,
13,Labrang Tri,6535,47,47,,,,0,,,0,
13,Labrang Tri,6110,48,48,,,1846,0,,,0,
13,Labrang Tri,4480,49,49,,,,0,,,0,
13,Labrang Tri,8062,50,50,,,1862,0,,,0,
13,Labrang Tri,2484,51,51,,,1865,0,,,0,
13,Labrang Tri,6818,53,53,,,1865,0,1866,1872,0,
13,Labrang Tri,7680,74,74,,,1918,0,,,0,
13,Labrang Tri,11736,78,78,,,,0,,,0,
13,Labrang Tri,5982,,,,,1889,0,,,0,
13,Labrang Tri,7107,,,,,1754,0,,1758,0,
13,Labrang Tri,2758,,,,,1883,0,,,0,
14,Nartang Denrab,5790,1,1,,,1153,0,,,0,
14,Nartang Denrab,6491,2,2,,,1166,0,,,0,
14,Nartang Denrab,6895,3,3,,,1185,0,,,0,
14,Nartang Denrab,3957,4,4,,,1185,0,,1232,0,
14,Nartang Denrab,6393,5,5,,,1232,0,,,0,
14,Nartang Denrab,4359,6,6,,,1241,0,,,0,1249
14,Nartang Denrab,2181,7,7,,,1248,0,,1285,0,1289
14,Nartang Denrab,2483,8,8,,,1285,0,,1299,0,
14,Nartang Denrab,13199,9,9,,,1299,0,,,0,
14,Nartang Denrab,2578,10,10,,,1305,0,,1314,0,
14,Nartang Denrab,2577,11,11,,,1314,0,,1325,0,
14,Nartang Denrab,2570,12,12,,,1337,0,,1375,0,
14,Nartang Denrab,2569,13,13,,,1375,0,,,0,
14,Nartang Denrab,2576,14,14,,,1388,0,,1418,0,
14,Nartang Denrab,8137,15,15,,,1418,0,,1433,0,
14,Nartang Denrab,2575,16,16,,,1452,0,,,0,
14,Nartang Denrab,6404,17,17,,,1468,0,,,0,
14,Nartang Denrab,5477,18,18,,,1470,0,,,0,
14,Nartang Denrab,9768,19,19,,,1473,0,,,0,
14,Nartang Denrab,2579,20,20,,,1486,0,,,0,
15,Daklha Gampo Denrab,3168,1,1,,,1122,0,,1150,0,
15,Daklha Gampo Denrab,3169,2,2,,,1150,0,,1169,0,
15,Daklha Gampo Denrab,3165,3,3,,,1169,0,,1171,1,
15,Daklha Gampo Denrab,3175,4,4,,,1171,1,,1218,0,
15,Daklha Gampo Denrab,2584,5,5,,,1218,0,,,0,
15,Daklha Gampo Denrab,620,6,6,,,1220,1,,,0,
16,Yangpachen Denrab,2204,2,2,,,,0,,,0,
16,Yangpachen Denrab,10548,,,,,1607,0,,1614,0,
17,Densatil Denrab,5934,,,,,1208,0,,,0,
18,Tsel Gungtang Trirab,3182,1,1,,,1175,0,,1187,0,
18,Tsel Gungtang Trirab,11453,2,2,,,1187,0,,1207,0,
18,Tsel Gungtang Trirab,11454,3,3,,,1207,0,,,0,
18,Tsel Gungtang Trirab,6615,4,4,,,1208,0,,,0,
18,Tsel Gungtang Trirab,6547,5,5,,,1210,0,,1214,0,
18,Tsel Gungtang Trirab,6145,6,6,,,1214,0,,,0,
18,Tsel Gungtang Trirab,6662,10,10,,,1301,0,,,0,
19,Rokam Khenrab,4175,1,1,,,1183,0,,1208,0,
19,Rokam Khenrab,6578,2,2,,,1208,0,,1226,0,
19,Rokam Khenrab,13434,3,3,,,1226,0,,1259,0,
19,Rokam Khenrab,6707,4,4,,,1259,0,,1279,0,
19,Rokam Khenrab,5986,6,6,,,,0,,,0,
2,MInling Khenchen,5966,1,1,,,,,,,,
2,MInling Khenchen,9275,2,2,,,,,,,,
2,MInling Khenchen,9447,3,3,,,,,,,,
2,MInling Khenchen,13278,4,4,,,,,,,,
2,MInling Khenchen,2074,5,5,,,,,,,,
2,MInling Khenchen,11486,6,6,,,,,,,,
2,MInling Khenchen,13279,7,7,,,,,,,,
2,MInling Khenchen,13282,8,8,,,,,,,,
2,MInling Khenchen,13280,9,9,,,,,,,,
20,Taklung Tri,4368,1,1,,,1180,0,,,0,1210
20,Taklung Tri,3101,2,2,,,1210,0,,1236,0,
20,Taklung Tri,3139,3,3,,,1236,0,,1272,0,
20,Taklung Tri,1732,4,4,,,1272,0,,1273,0,
20,Taklung Tri,11144,4,4,,,1273,0,,1297,0,
20,Taklung Tri,8021,5,5,,,1298,1,,1309,0,
20,Taklung Tri,6460,6,6,,,1309,0,,,0,
20,Taklung Tri,9106,7,7,,,1327,1,,1361,0,
20,Taklung Tri,7534,8,8,,,1363,1,,1377,0,
20,Taklung Tri,11141,9,9,,,1377,1,,,0,
20,Taklung Tri,1627,10,10,,,,1,,,0,
20,Taklung Tri,6128,11,11,,,1427,0,1428,,0,
20,Taklung Tri,6964,12,12,,,,0,,,0,
20,Taklung Tri,4199,13,13,,,1503,1,,1530,0,
20,Taklung Tri,10403,14,14,,,1501,1,,1520,0,
20,Taklung Tri,8090,15,15,,,1585,1,,1563,0,
20,Taklung Tri,8100,16,16,,,1551,0,,,0,
20,Taklung Tri,7385,17,17,,,1585,0,,1615,0,
20,Taklung Tri,9109,,,,,1550,0,,1551,0,
21,Drigung Denrab,2819,,,,,,0,,,0,
21,Drigung Denrab,4276,,,,,1625,0,,,0,
21,Drigung Denrab,4493,,,,,1746,0,,,0,
21,Drigung Denrab,4495,,,,,,0,,,0,
21,Drigung Denrab,4497,,,,,,0,,,0,
21,Drigung Denrab,5381,,,,,,0,,,0,
21,Drigung Denrab,6466,,,,,,0,,,0,
21,Drigung Denrab,6648,,,,,,0,,,0,
21,Drigung Denrab,11135,,,,,1992,0,,,0,
22,Jonang Denrab,11307,1,1,,,1294,0,,1313,0,
22,Jonang Denrab,2803,2,2,,,1313,0,,1319,0,
22,Jonang Denrab,2790,3,3,,,1319,0,,1326,0,
22,Jonang Denrab,2670,4,4,,,1326,0,,1339,0,
22,Jonang Denrab,2823,5,5,,,1339,0,,1354,0,
22,Jonang Denrab,2812,6,6,,,1361,0,,1386,0,
22,Jonang Denrab,3162,7,7,,,,0,,,0,
22,Jonang Denrab,2812,8,8,,,1361,0,,1386,0,
22,Jonang Denrab,13223,9,9,,,,0,,,0,
22,Jonang Denrab,3673,10,10,,,,0,,,0,
22,Jonang Denrab,724,11,11,,,,0,,,0,
22,Jonang Denrab,13259,12,12,,,,0,,,0,
22,Jonang Denrab,13260,13,13,,,,0,,,0,
22,Jonang Denrab,4168,14,14,,,,0,,,0,
22,Jonang Denrab,13261,15,15,,,,0,,,0,
22,Jonang Denrab,13262,16,16,,,,0,,,0,
22,Jonang Denrab,13263,17,17,,,,0,,,0,
22,Jonang Denrab,4170,18,18,,,,0,,,0,
22,Jonang Denrab,13887,19,19,,,,0,,,0,
22,Jonang Denrab,13264,20,20,,,,0,,,0,
22,Jonang Denrab,5858,21,21,,,1516,0,,,0,
22,Jonang Denrab,4119,22,22,,,1517,1,,1520,1,
22,Jonang Denrab,13265,23,23,,,,0,,,0,
22,Jonang Denrab,4085,24,24,,,1546,0,,1565,0,
22,Jonang Denrab,13064,25,25,,,1567,0,,,1,
22,Jonang Denrab,2712,26,26,,,1588,0,,,0,
23,Chogye Trichen,5418,1,1,,,,0,,,0,
23,Chogye Trichen,8308,2,2,,,,0,,,0,
23,Chogye Trichen,11169,3,3,,,,0,,,0,
23,Chogye Trichen,11168,4,4,,,,0,,,0,
23,Chogye Trichen,5449,6,6,,,,0,,,0,
23,Chogye Trichen,5450,7,7,,,,0,,,0,
23,Chogye Trichen,11165,8,8,,,,0,,,0,
23,Chogye Trichen,5863,9,9,,,,0,,,0,
23,Chogye Trichen,11160,10,10,,,,0,,,0,
23,Chogye Trichen,11161,11,11,,,,0,,,0,
23,Chogye Trichen,11162,12,12,,,,0,,,0,
23,Chogye Trichen,11163,13,13,,,,0,,,0,
23,Chogye Trichen,11164,14,14,,,,0,,,0,
23,Chogye Trichen,11159,15,15,,,,0,,,0,
23,Chogye Trichen,11158,17,17,,,,0,,,0,
23,Chogye Trichen,12479,18,18,,,,0,,,0,
24,Yabzang Khenchen,11469,,,,,1233,0,,,0,
25,Gonlung Tri,2442,1,1,,,1609,0,,,0,
25,Gonlung Tri,2442,4,4,,,,0,,,0,
25,Gonlung Tri,6487,8,8,,,,0,,,0,
25,Gonlung Tri,5961,10,10,,,1648,0,,,0,
25,Gonlung Tri,2441,11,11,,,1630,0,,,0,
25,Gonlung Tri,3038,11,11,,,,0,,,0,
25,Gonlung Tri,5899,17,17,,,,0,,,0,
25,Gonlung Tri,3227,19,19,,,,0,,,0,
25,Gonlung Tri,6492,21,21,,,,0,,,0,
25,Gonlung Tri,3224,22,22,,,,0,,,0,
25,Gonlung Tri,6483,23,23,,,,0,,,0,
25,Gonlung Tri,6486,26,26,,,,0,,,0,
25,Gonlung Tri,6586,27,27,,,1729,0,,1734,1,
25,Gonlung Tri,3226,30,30,,,,0,,,0,
25,Gonlung Tri,3065,31,31,,,,0,,,0,
25,Gonlung Tri,1859,,,,,1612,0,,1617,0,
25,Gonlung Tri,1860,,,,,1617,0,,,0,
25,Gonlung Tri,3758,,,,,1688,0,,,0,
25,Gonlung Tri,5729,,,,,1746,0,,,0,
25,Gonlung Tri,5620,,,,,,0,,,0,
25,Gonlung Tri,5962,,,,,,0,,,0,
26,Dzongsar Khenrab,12742,,,,,1956,0,,1958,0,
26,Dzongsar Khenrab,12743,,,,,1951,0,,1955,0,
27,Gyume Tri,2456,,,,,,0,,,0,
27,Gyume Tri,4277,,,,,,0,,,0,
27,Gyume Tri,4279,,,,,,0,,,0,
27,Gyume Tri,4282,,,,,,0,,,0,
27,Gyume Tri,4488,,,,,1695,0,,,0,
27,Gyume Tri,4494,,,,,,0,,,0,
27,Gyume Tri,4496,,,,,,0,,,0,
27,Gyume Tri,4498,,,,,,0,,,0,
27,Gyume Tri,4499,,,,,,0,,,0,
27,Gyume Tri,4501,,,,,,0,,,0,
27,Gyume Tri,5317,,,,,,0,,,0,
27,Gyume Tri,5415,,,,,1792,0,,,0,
27,Gyume Tri,5932,,,,,1805,0,,1807,0,
27,Gyume Tri,5953,,,,,,0,,,0,
27,Gyume Tri,6526,,,,,1719,0,,,0,
27,Gyume Tri,7182,,,,,,0,,,0,
27,Gyume Tri,7870,,,,,,0,,,0,
27,Gyume Tri,9050,,,,,,0,,,0,
27,Gyume Tri,9054,,,,,,0,,,0,
27,Gyume Tri,10388,,,,,,0,,,0,
28,Riwo Gepel Densapa,9839,,,,,1608,0,,,0,
29,Ganchen Chopel Khenchen,9839,,,,,1598,0,,,0,
3,Minling Trichen,9633,1,1,,,1670,,,,,
3,Minling Trichen,8570,2,2,,,,,,,,
3,Minling Trichen,9352,3,3,,,,,,,,
3,Minling Trichen,4250,4,4,,,1758,,,,,
3,Minling Trichen,4251,5,5,,,,,,,,
3,Minling Trichen,3136,6,6,,,,,,,,
3,Minling Trichen,4422,7,7,,,,,,,,
3,Minling Trichen,4435,8,8,,,,,,,,
3,Minling Trichen,13279,9,9,,,,,,,,
3,Minling Trichen,13281,10,10,,,,,,,,
3,Minling Trichen,10177,11,11,,,,,,,,
30,Cheka Tri,5791,,,,,1141,0,1142,,0,
31,Derge Gonchen Denrab,2336,1,1,,,,0,,,0,
31,Derge Gonchen Denrab,13513,2,2,,,,0,,1675,1,
31,Derge Gonchen Denrab,7581,3,3,,,1675,1,,1710,0,
31,Derge Gonchen Denrab,2720,4,4,,,1710,0,,1714,0,
31,Derge Gonchen Denrab,6499,5,5,,,1714,0,,1738,0,
31,Derge Gonchen Denrab,13532,6,6,,,1738,0,,1751,0,
31,Derge Gonchen Denrab,11972,7,7,,,1751,0,,1779,0,
31,Derge Gonchen Denrab,13533,8,8,,,1774,0,,1786,0,
32,Gyel Lhakhang Densapa,4262,,,,,1144,0,,,0,
32,Gyel Lhakhang Densapa,9066,,,,,1325,0,,,0,
32,Gyel Lhakhang Densapa,9390,,,,,1153,0,,1159,0,
33,Riwoche Denrab,1732,1,1,,,1276,0,,1296,0,
33,Riwoche Denrab,9107,2,2,,,,0,,,0,
34,Chamdo Jampaling Denrab,13078,1,1,,,1437,0,,1457,0,
34,Chamdo Jampaling Denrab,6770,2,2,,,1458,0,,1463,0,
34,Chamdo Jampaling Denrab,13404,3,3,,,1463,0,,1471,0,
34,Chamdo Jampaling Denrab,6373,4,4,,,1471,0,,1507,0,
34,Chamdo Jampaling Denrab,8076,5,5,,,1507,0,,1514,0,
34,Chamdo Jampaling Denrab,8085,6,6,,,1519,0,,1540,0,
34,Chamdo Jampaling Denrab,8101,7,7,,,1543,0,,,0,
34,Chamdo Jampaling Denrab,4002,8,8,,,1546,0,,,0,
34,Chamdo Jampaling Denrab,11565,9,9,,,1553,0,,1560,1,
34,Chamdo Jampaling Denrab,8103,10,10,,,1560,0,,1566,0,
34,Chamdo Jampaling Denrab,11597,11,11,,,1566,0,,1569,0,
34,Chamdo Jampaling Denrab,6793,12,12,,,1580,0,,,0,
34,Chamdo Jampaling Denrab,12828,13,13,,,1581,0,,,0,
34,Chamdo Jampaling Denrab,3778,14,14,,,1594,0,,,0,
34,Chamdo Jampaling Denrab,3789,15,15,,,1604,0,,,0,
34,Chamdo Jampaling Denrab,2328,16,16,,,1620,0,,1643,1,
34,Chamdo Jampaling Denrab,11618,17,17,,,,0,,,0,
34,Chamdo Jampaling Denrab,3791,18,18,,,1642,0,,,0,
34,Chamdo Jampaling Denrab,2462,19,19,,,1652,0,,1713,0,
34,Chamdo Jampaling Denrab,5137,20,20,,,1714,0,,,0,
34,Chamdo Jampaling Denrab,3782,21,21,,,1717,0,,,0,
34,Chamdo Jampaling Denrab,3792,22,22,,,1756,0,,,0,
34,Chamdo Jampaling Denrab,3783,23,23,,,,0,,,0,
34,Chamdo Jampaling Denrab,13103,24,24,,,,0,,,0,
34,Chamdo Jampaling Denrab,3784,25,25,,,,0,,,0,
34,Chamdo Jampaling Denrab,3793,26,26,,,1847,0,,1862,0,
34,Chamdo Jampaling Denrab,3785,27,27,,,,0,,,0,
34,Chamdo Jampaling Denrab,3794,28,28,,,1920,0,,1860,0,
34,Chamdo Jampaling Denrab,3786,29,29,,,,0,,,0,
34,Chamdo Jampaling Denrab,13105,30,30,,,1938,0,,1950,0,
35,Menri Trizin,12072,,,,,1820,0,,,0,
35,Menri Trizin,12074,,,,,1836,0,,,0,
35,Menri Trizin,12079,,,,,1849,0,,,0,
35,Menri Trizin,12113,,,,,1758,0,,,0,
35,Menri Trizin,12116,,,,,1732,0,,,0,
35,Menri Trizin,12118,,,,,1736,0,,,0,
35,Menri Trizin,12122,,,,,1760,0,,,0,
35,Menri Trizin,13132,,,,,1415,0,,,0,
36,Dakpo Dratsang Khentok,3171,,,,,1709,0,,1728,0,
36,Dakpo Dratsang Khentok,8096,,,,,1585,0,,,0,
36,Dakpo Dratsang Khentok,11619,,,,,,0,,,0,
36,Dakpo Dratsang Khentok,7093,,,,,,0,,,0,
37,Jangtse Khenpo,4496,,,,,,0,,,0,
37,Jangtse Khenpo,4498,,,,,,0,,,0,
37,Jangtse Khenpo,4499,,,,,,0,,,0,
37,Jangtse Khenpo,4501,,,,,1788,0,,,0,
37,Jangtse Khenpo,5901,,,,,,0,,,0,
37,Jangtse Khenpo,5932,,,,,1811,0,,,0,
37,Jangtse Khenpo,8108,,,,,,0,,,0,
37,Jangtse Khenpo,9839,,,,,1626,0,,,0,
37,Jangtse Khenpo,10388,,,,,,0,,,0,
37,Jangtse Khenpo,12231,,,,,,0,,,0,
38,Ganden Shartse Dratsang Khentok,2819,,,,,,0,,,0,
38,Ganden Shartse Dratsang Khentok,4276,,,,,1625,0,,,0,
38,Ganden Shartse Dratsang Khentok,4493,,,,,1746,0,,,0,
38,Ganden Shartse Dratsang Khentok,4495,,,,,,0,,,0,
38,Ganden Shartse Dratsang Khentok,4497,,,,,,0,,,0,
38,Ganden Shartse Dratsang Khentok,5381,,,,,,0,,,0,
38,Ganden Shartse Dratsang Khentok,6466,,,,,,0,,,0,
38,Ganden Shartse Dratsang Khentok,6648,,,,,,0,,,0,
38,Ganden Shartse Dratsang Khentok,11135,,,,,1992,0,,,0,
39,Kyormolung Khenchen,11456,,,,,1215,0,,,0,
4,Dzogchen Denrab,9126,1,1,,,1684,0,,1697,0,
4,Dzogchen Denrab,10832,2,2,,,1697,0,,1726,0,
4,Dzogchen Denrab,9383,3,3,,,1726,0,,1757,0,
4,Dzogchen Denrab,8578,4,4,,,1758,0,,1773,0,
4,Dzogchen Denrab,10068,5,5,,,1773,0,,1792,0,
4,Dzogchen Denrab,10828,6,6,,,1792,0,,1810,1,
4,Dzogchen Denrab,3020,7,7,,,1810,1,,1870,0,
4,Dzogchen Denrab,9601,8,8,,,1848,1,,,0,
4,Dzogchen Denrab,9646,9,9,,,,0,,,0,
4,Dzogchen Denrab,13204,10,10,,,1935,0,,1940,0,
4,Dzogchen Denrab,10169,11,11,,,1951,0,,1959,0,
4,Dzogchen Denrab,9200,12,12,,,,0,,,0,
40,Reting Denrab,5807,2,2,,,1065,0,,,0,
40,Reting Denrab,2598,,,,,1078,0,,1083,0,
41,Chubzang Khenpo,5962,,,,,,0,,,0,
42,Sangngak Khar Khenchen,4494,,,,,,0,,,0,
43,Serje Khenrab,7232,1,1,,,,0,,,0,
43,Serje Khenrab,7294,2,2,,,1467,0,,1481,0,
43,Serje Khenrab,8079,3,3,,,1481,0,,,0,
43,Serje Khenrab,2896,4,4,,,,0,,,0,
43,Serje Khenrab,7240,5,5,,,1511,0,,,0,
43,Serje Khenrab,13347,6,6,,,,0,,,0,
43,Serje Khenrab,13348,7,7,,,,0,,,0,
43,Serje Khenrab,13349,8,8,,,,0,,,0,
43,Serje Khenrab,5483,9,9,,,,0,,,0,
43,Serje Khenrab,13350,10,10,,,,0,,,0,
43,Serje Khenrab,2846,11,11,,,,0,,,0,
43,Serje Khenrab,8246,12,12,,,,0,,,0,
43,Serje Khenrab,6254,13,13,,,,0,,,0,
43,Serje Khenrab,13346,14,14,,,,0,,,0,
43,Serje Khenrab,9062,15,15,,,1605,0,,,0,
43,Serje Khenrab,13351,16,16,,,,0,,,0,
43,Serje Khenrab,13352,17,17,,,,0,,,0,
43,Serje Khenrab,13353,18,18,,,,0,,,0,
43,Serje Khenrab,13354,19,19,,,,0,,,0,
43,Serje Khenrab,6946,20,20,,,,0,,,0,
43,Serje Khenrab,4501,21,21,,,,0,,,0,
43,Serje Khenrab,7917,22,22,,,,0,,,0,
43,Serje Khenrab,2473,23,23,,,,0,,,0,
43,Serje Khenrab,5780,24,24,,,,0,,,0,
43,Serje Khenrab,13355,25,25,,,,0,,,0,
43,Serje Khenrab,13356,26,26,,,,0,,,0,
43,Serje Khenrab,13357,27,27,,,,0,,,0,
43,Serje Khenrab,13358,28,28,,,,0,,,0,
43,Serje Khenrab,13359,29,29,,,,0,,,0,
43,Serje Khenrab,13360,30,30,,,,0,,,0,
43,Serje Khenrab,13361,31,31,,,,0,,,0,
43,Serje Khenrab,13200,32,32,,,,0,,,0,
43,Serje Khenrab,13362,33,33,,,,0,,,0,
43,Serje Khenrab,13363,34,34,,,,0,,,0,
43,Serje Khenrab,13364,35,35,,,,0,,,0,
43,Serje Khenrab,13365,36,36,,,,0,,,0,
43,Serje Khenrab,13366,37,37,,,,0,,,0,
43,Serje Khenrab,13367,38,38,,,,0,,,0,
43,Serje Khenrab,13368,39,39,,,,0,,,0,
43,Serje Khenrab,13369,40,40,,,,0,,,0,
43,Serje Khenrab,13370,41,41,,,,0,,,0,
43,Serje Khenrab,13380,51,41,,,,0,,,0,
43,Serje Khenrab,13371,42,42,,,,0,,,0,
43,Serje Khenrab,13372,43,43,,,,0,,,0,
43,Serje Khenrab,13373,44,44,,,,0,,,0,
43,Serje Khenrab,13374,45,45,,,,0,,,0,
43,Serje Khenrab,13375,46,46,,,,0,,,0,
43,Serje Khenrab,13376,47,47,,,,0,,,0,
43,Serje Khenrab,13377,48,48,,,,0,,,0,
43,Serje Khenrab,13378,49,49,,,,0,,,0,
43,Serje Khenrab,13379,50,50,,,,0,,,0,
43,Serje Khenrab,13381,52,52,,,,0,,,0,
43,Serje Khenrab,13382,53,53,,,,0,,,0,
43,Serje Khenrab,13383,54,54,,,,0,,,0,
43,Serje Khenrab,13384,55,55,,,,0,,,0,
43,Serje Khenrab,13385,56,56,,,,0,,,0,
43,Serje Khenrab,13386,57,57,,,,0,,,0,
43,Serje Khenrab,13387,58,58,,,,0,,,0,
43,Serje Khenrab,13388,59,59,,,,0,,,0,
43,Serje Khenrab,13389,60,60,,,,0,,,0,
43,Serje Khenrab,13390,61,61,,,,0,,,0,
43,Serje Khenrab,13391,62,62,,,,0,,,0,
43,Serje Khenrab,13392,63,63,,,,0,,,0,
43,Serje Khenrab,13393,64,64,,,,0,,,0,
43,Serje Khenrab,13394,65,65,,,,0,,,0,
43,Serje Khenrab,13395,66,66,,,1954,0,,1959,0,
43,Serje Khenrab,13396,67,67,,,1961,0,,1964,0,
43,Serje Khenrab,13397,68,68,,,1965,0,,1974,0,
43,Serje Khenrab,13398,69,69,,,1975,0,,,0,
43,Serje Khenrab,13399,70,70,,,1983,0,,1987,0,
43,Serje Khenrab,13400,71,71,,,1986,0,,,0,
43,Serje Khenrab,13401,72,72,,,,0,,,0,
43,Serje Khenrab,13402,73,73,,,1999,0,,,0,
43,Serje Khenrab,13403,74,74,,,2005,0,,,0,
44,Sera Me Khentok,5706,41,41,,,,0,,,0,
44,Sera Me Khentok,2349,,,,,,0,,,0,
45,Toling Khenchen,6526,,,,,1710,0,,,0,
46,Chone Trichen,2931,,,,,1726,0,,1727,0,
47,Jyakhung Khenrab,2854,1,1,,,,0,,,0,
47,Jyakhung Khenrab,2853,2,2,,,,0,,,0,
47,Jyakhung Khenrab,6571,7,7,,,,0,,,0,
47,Jyakhung Khenrab,6573,8,8,,,1583,0,,1619,0,
47,Jyakhung Khenrab,7084,13,13,,,1652,0,,,0,
47,Jyakhung Khenrab,1873,16,16,,,,0,,,0,
47,Jyakhung Khenrab,6905,20,20,,,,0,,,0,
47,Jyakhung Khenrab,6873,23,23,,,1675,0,,,0,
47,Jyakhung Khenrab,3700,24,24,,,,0,,,0,
47,Jyakhung Khenrab,6559,26,26,,,1696,0,,,0,
47,Jyakhung Khenrab,6828,27,27,,,1709,0,,,0,
47,Jyakhung Khenrab,6657,28,28,,,1712,0,,1713,0,
47,Jyakhung Khenrab,6537,32,32,,,1721,0,,,0,
47,Jyakhung Khenrab,3941,33,33,,,,0,,,0,
47,Jyakhung Khenrab,5850,35,35,,,1732,0,,,0,
47,Jyakhung Khenrab,3217,36,36,,,,0,,,0,
47,Jyakhung Khenrab,9455,37,37,,,1748,0,,,0,
47,Jyakhung Khenrab,5741,38,38,,,1760,0,,,0,
47,Jyakhung Khenrab,5620,39,39,,,1773,0,,,0,
47,Jyakhung Khenrab,3186,40,40,,,1781,0,,,0,
47,Jyakhung Khenrab,6479,41,41,,,1784,0,,,0,
47,Jyakhung Khenrab,3008,42,42,,,1787,0,,,0,
47,Jyakhung Khenrab,2996,43,43,,,,0,,,0,
47,Jyakhung Khenrab,7116,44,44,,,,0,,,0,
47,Jyakhung Khenrab,6824,46,46,,,1797,0,,,0,
47,Jyakhung Khenrab,6495,47,47,,,,0,,,0,
47,Jyakhung Khenrab,2963,49,49,,,1803,0,,,0,
47,Jyakhung Khenrab,6480,50,50,,,,0,,,0,
47,Jyakhung Khenrab,6484,51,51,,,1805,0,,,0,
47,Jyakhung Khenrab,6478,52,52,,,1809,0,,,0,
47,Jyakhung Khenrab,6485,55,55,,,1815,0,,,0,
47,Jyakhung Khenrab,6477,56,56,,,1819,0,,,0,
47,Jyakhung Khenrab,4089,58,58,,,1824,0,,1832,0,
47,Jyakhung Khenrab,6531,59,59,,,1832,0,,,0,
47,Jyakhung Khenrab,2936,60,60,,,1833,0,,,0,
47,Jyakhung Khenrab,3875,64,64,,,1846,0,,,0,
47,Jyakhung Khenrab,4568,65,65,,,1849,0,,,0,
47,Jyakhung Khenrab,2426,66,66,,,1850,0,,1859,0,
47,Jyakhung Khenrab,6523,68,68,,,,0,,,0,
47,Jyakhung Khenrab,3113,78,78,,,1879,0,,,0,
47,Jyakhung Khenrab,4218,79,79,,,1881,0,,,0,
47,Jyakhung Khenrab,5958,81,81,,,1882,0,,,0,
47,Jyakhung Khenrab,3140,82,82,,,1885,0,,,0,
47,Jyakhung Khenrab,2502,91,91,,,,0,,,0,
47,Jyakhung Khenrab,6078,94,94,,,1908,0,,,0,
47,Jyakhung Khenrab,3142,104,104,,,1925,0,,,0,
47,Jyakhung Khenrab,3922,107,107,,,1930,0,,1932,0,
47,Jyakhung Khenrab,6475,112,112,,,1938,0,,,0,
48,Shitsang Denrab,2506,1,1,,,,0,,,0,
48,Shitsang Denrab,6198,2,2,,,,0,,,0,
48,Shitsang Denrab,3074,3,3,,,,0,,,0,
48,Shitsang Denrab,4546,4,4,,,,0,,,0,
48,Shitsang Denrab,5994,5,5,,,,0,,,0,
48,Shitsang Denrab,6818,6,6,,,,0,,,0,
48,Shitsang Denrab,2484,7,7,,,1869,0,,,0,
48,Shitsang Denrab,3867,10,10,,,,0,,,0,
48,Shitsang Denrab,7899,11,11,,,1812,0,,,0,
48,Shitsang Denrab,3869,12,12,,,,0,,,0,
48,Shitsang Denrab,7897,13,13,,,,0,,,0,
48,Shitsang Denrab,7913,14,14,,,,0,,,0,
48,Shitsang Denrab,7911,23,23,,,,0,,,0,
48,Shitsang Denrab,7890,25,25,,,,0,,,0,
48,Shitsang Denrab,11745,27,27,,,,0,,,0,
48,Shitsang Denrab,7879,28,28,,,1888,0,,,0,
48,Shitsang Denrab,7886,29,29,,,,0,,,0,
48,Shitsang Denrab,1681,31,31,,,,0,,,0,
48,Shitsang Denrab,2245,32,32,,,,0,,,0,
48,Shitsang Denrab,7881,33,33,,,,0,,,0,
48,Shitsang Denrab,2243,34,34,,,,0,,,0,
48,Shitsang Denrab,7680,35,35,,,,0,,,0,
48,Shitsang Denrab,2244,36,36,,,,0,,,0,
48,Shitsang Denrab,11736,37,37,,,,0,,,0,
48,Shitsang Denrab,7876,38,38,,,,0,,,0,
48,Shitsang Denrab,7885,39,39,,,,0,,,0,
48,Shitsang Denrab,7934,40,40,,,,0,,,0,
48,Shitsang Denrab,7935,41,41,,,,0,,,0,
48,Shitsang Denrab,7921,42,42,,,,0,,,0,
48,Shitsang Denrab,7936,43,43,,,,0,,,0,
48,Shitsang Denrab,7937,44,44,,,,0,,,0,
48,Shitsang Denrab,7938,45,45,,,,0,,,0,
48,Shitsang Denrab,7940,46,46,,,,0,,,0,
48,Shitsang Denrab,7887,47,47,,,,0,,,0,
48,Shitsang Denrab,7941,48,48,,,,0,,,0,
48,Shitsang Denrab,7942,49,49,,,,0,,,0,
48,Shitsang Denrab,7647,50,50,,,,0,,,0,
48,Shitsang Denrab,7943,52,52,,,,0,,,0,
48,Shitsang Denrab,7919,53,53,,,,0,,,0,
49,Muge Tashi Khorlo Tri,5929,,,,,,0,,,0,
5,Pelyul Denrab,9148,1,1,,,,0,,,,
5,Pelyul Denrab,7681,2,2,,,1698,1,,1727,,
5,Pelyul Denrab,7582,3,3,,,1727,1,,1757,,
5,Pelyul Denrab,11246,4,4,,,,0,,,,
5,Pelyul Denrab,11244,5,5,,,1790,1,,,,
5,Pelyul Denrab,11245,5,5,,,1790,1,,,,
5,Pelyul Denrab,8892,6,6,,,1850,0,,1851,,
5,Pelyul Denrab,8754,7,7,,,1851,0,,,,
5,Pelyul Denrab,8757,8,8,,,,0,,,,
5,Pelyul Denrab,10018,9,9,,,1906,0,,1932,,
5,Pelyul Denrab,13254,10,10,,,,0,,,,
5,Pelyul Denrab,8972,11,11,,,1959,1,,,,
5,Pelyul Denrab,13255,12,12,,,,0,,,,
50,Ngayul Gomang Khenrab,2996,1,1,,,,0,,,0,
50,Ngayul Gomang Khenrab,2506,2,2,,,,0,,,0,
50,Ngayul Gomang Khenrab,2758,3,3,,,,0,,,0,
50,Ngayul Gomang Khenrab,2784,4,4,,,,0,,,0,
50,Ngayul Gomang Khenrab,9101,5,5,,,,0,,,0,
50,Ngayul Gomang Khenrab,9962,6,6,,,,0,,,0,
50,Ngayul Gomang Khenrab,11742,9,9,,,,0,,,0,
50,Ngayul Gomang Khenrab,2787,20,20,,,1870,0,,,0,
50,Ngayul Gomang Khenrab,2943,30,30,,,,0,,,0,
51,Ngayul Gomang Tri,4730,1,1,,,1791,0,,,0,
51,Ngayul Gomang Tri,9716,3,3,,,,0,,,0,
51,Ngayul Gomang Tri,9717,4,4,,,,0,,,0,
51,Ngayul Gomang Tri,11750,5,5,,,,0,,,0,
51,Ngayul Gomang Tri,11751,6,6,,,,0,,,0,
51,Ngayul Gomang Tri,11752,7,7,,,1808,0,,,0,
51,Ngayul Gomang Tri,11752,9,9,,,1815,0,,,0,
51,Ngayul Gomang Tri,11753,10,10,,,,0,,,0,
51,Ngayul Gomang Tri,11734,13,13,,,,0,,,0,
51,Ngayul Gomang Tri,11738,14,14,,,,0,,,0,
51,Ngayul Gomang Tri,2484,17,17,,,,0,,,0,
51,Ngayul Gomang Tri,5410,18,18,,,,0,,,0,
51,Ngayul Gomang Tri,7853,21,21,,,,0,,,0,
51,Ngayul Gomang Tri,8656,21,21,,,,0,,,0,
51,Ngayul Gomang Tri,7680,22,22,,,1908,0,,,0,
51,Ngayul Gomang Tri,7934,27,27,,,,0,,,0,
51,Ngayul Gomang Tri,11748,28,28,,,1918,0,,,0,
51,Ngayul Gomang Tri,11745,29,29,,,1921,0,1922,,0,
51,Ngayul Gomang Tri,11736,31,31,,,,0,,,0,
51,Ngayul Gomang Tri,11737,32,32,,,,0,,,0,
51,Ngayul Gomang Tri,7891,34,34,,,1940,0,,,0,
51,Ngayul Gomang Tri,7912,35,35,,,,0,,,0,
51,Ngayul Gomang Tri,7940,36,36,,,1949,0,,,0,
51,Ngayul Gomang Tri,11742,41,41,,,,0,,,0,
51,Ngayul Gomang Tri,9962,44,44,,,,0,,,0,
52,Rongwo Gonchen Denrab,1564,,,,,1670,0,,1678,0,
52,Rongwo Gonchen Denrab,2467,,,,,,0,,,0,
52,Rongwo Gonchen Denrab,2521,,,,,,0,,,0,
52,Rongwo Gonchen Denrab,2895,,,,,1787,0,,,0,
52,Rongwo Gonchen Denrab,2974,,,,,1818,0,,,0,
52,Rongwo Gonchen Denrab,3228,,,,,1829,0,,,0,
52,Rongwo Gonchen Denrab,3233,,,,,,0,,,0,
52,Rongwo Gonchen Denrab,3336,,,,,1809,0,,,0,
52,Rongwo Gonchen Denrab,3339,,,,,1765,0,,,0,
52,Rongwo Gonchen Denrab,3885,,,,,1921,0,,,0,
52,Rongwo Gonchen Denrab,4066,,,,,1894,0,,,0,
52,Rongwo Gonchen Denrab,4665,,,,,1807,0,,1807,0,
52,Rongwo Gonchen Denrab,5360,,,,,1816,0,,,0,
52,Rongwo Gonchen Denrab,5436,,,,,1759,0,,,0,
52,Rongwo Gonchen Denrab,5881,,,,,1755,0,,1759,0,
52,Rongwo Gonchen Denrab,6045,,,,,1771,0,,,0,
52,Rongwo Gonchen Denrab,6161,,,,,,0,,,0,
52,Rongwo Gonchen Denrab,6166,,,,,1781,0,,,0,
52,Rongwo Gonchen Denrab,6177,,,,,1832,0,,,0,
52,Rongwo Gonchen Denrab,6185,,,,,1717,0,,1732,0,
52,Rongwo Gonchen Denrab,6252,,,,,1858,0,,,0,
52,Rongwo Gonchen Denrab,6493,,,,,,0,,,0,
52,Rongwo Gonchen Denrab,6511,,,,,1804,0,,,0,
52,Rongwo Gonchen Denrab,6635,,,,,1708,0,,1716,0,
52,Rongwo Gonchen Denrab,6640,,,,,,0,,,0,
52,Rongwo Gonchen Denrab,6729,,,,,1679,0,,1708,0,
52,Rongwo Gonchen Denrab,6730,,,,,1812,0,,,0,
52,Rongwo Gonchen Denrab,6985,,,,,1752,0,,,0,
52,Rongwo Gonchen Denrab,7170,,,,,,0,,,0,
52,Rongwo Gonchen Denrab,7172,,,,,,0,,,0,
52,Rongwo Gonchen Denrab,9753,,,,,1630,0,,1741,0,
52,Rongwo Gonchen Denrab,10957,,,,,1641,0,,1670,0,
52,Rongwo Gonchen Denrab,12206,,,,,1796,0,,,0,
52,Rongwo Gonchen Denrab,12207,,,,,,0,,,0,
52,Rongwo Gonchen Denrab,12219,,,,,,0,,,0,
52,Rongwo Gonchen Denrab,12220,,,,,1835,0,,,0,
52,Rongwo Gonchen Denrab,12221,,,,,1827,0,,,0,
52,Rongwo Gonchen Denrab,12222,,,,,1823,0,,,0,
52,Rongwo Gonchen Denrab,12224,,,,,1811,0,,,0,
52,Rongwo Gonchen Denrab,12225,,,,,1807,0,,1808,0,
52,Rongwo Gonchen Denrab,12227,,,,,,0,,,0,
52,Rongwo Gonchen Denrab,12228,,,,,,0,,,0,
52,Rongwo Gonchen Denrab,12230,,,,,,0,,,0,
52,Rongwo Gonchen Denrab,12231,,,,,1787,0,,,0,
52,Rongwo Gonchen Denrab,5567,,,,,1873,0,,,0,
52,Rongwo Gonchen Denrab,5490,,,,,1902,0,,,0,
52,Rongwo Gonchen Denrab,2469,,,,,,0,,,0,
52,Rongwo Gonchen Denrab,2268,,,,,,0,,,0,
53,Ditsa Tashi Choding Tri,13176,,,,,1937,0,,,0,
54,Urge Dratsang Tri,3079,,,,,,0,,,0,
54,Urge Dratsang Tri,6528,,,,,1794,0,,,0,
55,Śrī Siṃha Khenrab,4659,1,1,,,1848,0,,,0,
55,Śrī Siṃha Khenrab,9601,2,2,,,1848,0,,,0,
55,Śrī Siṃha Khenrab,11487,3,3,,,,0,,,0,
55,Śrī Siṃha Khenrab,11488,4,4,,,,0,,,0,
55,Śrī Siṃha Khenrab,4425,5,5,,,,0,,,0,
55,Śrī Siṃha Khenrab,11491,6,6,,,,0,,,0,
55,Śrī Siṃha Khenrab,11426,7,7,,,,0,,,0,
55,Śrī Siṃha Khenrab,9355,8,8,,,,0,,,0,
55,Śrī Siṃha Khenrab,11489,9,9,,,1877,1,,,0,
55,Śrī Siṃha Khenrab,11490,10,10,,,,0,,,0,
55,Śrī Siṃha Khenrab,11444,11,11,,,1860,1,,,0,
55,Śrī Siṃha Khenrab,5041,13,13,,,,0,,,0,
55,Śrī Siṃha Khenrab,5044,14,14,,,,0,,,0,
55,Śrī Siṃha Khenrab,11445,15,15,,,1870,1,,1878,1,
55,Śrī Siṃha Khenrab,11427,16,16,,,,0,,,0,
55,Śrī Siṃha Khenrab,13181,17,17,,,,0,,,0,
55,Śrī Siṃha Khenrab,5048,18,18,,,1900,1,,,0,
55,Śrī Siṃha Khenrab,9622,19,19,,,,0,,1904,0,
55,Śrī Siṃha Khenrab,9585,20,20,,,1904,0,,1912,0,
55,Śrī Siṃha Khenrab,11435,21,21,,,,0,,,0,
55,Śrī Siṃha Khenrab,5049,22,22,,,,0,,,0,
55,Śrī Siṃha Khenrab,9588,23,23,,,1912,1,,,0,
55,Śrī Siṃha Khenrab,5078,24,24,,,,0,,,0,
55,Śrī Siṃha Khenrab,5024,25,25,,,1920,1,,,0,
55,Śrī Siṃha Khenrab,9589,26,26,,,,0,,,0,
55,Śrī Siṃha Khenrab,9203,27,27,,,,0,,,0,
55,Śrī Siṃha Khenrab,5099,28,28,,,,0,,,0,
55,Śrī Siṃha Khenrab,5115,29,29,,,,0,,,0,
55,Śrī Siṃha Khenrab,5117,30,30,,,,0,,,0,
55,Śrī Siṃha Khenrab,5121,31,31,,,,0,,,0,
55,Śrī Siṃha Khenrab,5120,32,32,,,,0,,,0,
55,Śrī Siṃha Khenrab,5122,33,33,,,1956,1,,1959,0,
56,Khamshe Khenpo,9622,1,1,,,1918,0,,1920,0,
56,Khamshe Khenpo,8507,2,2,,,1920,0,,1929,0,
56,Khamshe Khenpo,12522,3,3,,,1929,0,,1930,0,
56,Khamshe Khenpo,8508,4,4,,,1930,0,,1935,0,
56,Khamshe Khenpo,12500,5,5,,,1935,0,,1940,0,
56,Khamshe Khenpo,2069,6,6,,,1940,0,,1943,0,
56,Khamshe Khenpo,13707,7,7,,,1943,0,,1950,0,
56,Khamshe Khenpo,12743,8,8,,,1951,0,,1955,0,
56,Khamshe Khenpo,12742,9,9,,,1956,0,,1958,0,
57,Tsang Gon Denrab,6162,1,1,,,1765,0,,,0,
57,Tsang Gon Denrab,4607,6,6,,,1792,0,,1796,0,
57,Tsang Gon Denrab,8815,40,40,,,1983,0,,,0,
58,Chokhor Gyel Khenpo,4720,,,,,,0,,,0,
58,Chokhor Gyel Khenpo,5901,,,,,1791,0,,,0,
59,Amchok Ganden Chokhorling Tri,4546,,,,,,0,,,0,
59,Amchok Ganden Chokhorling Tri,5982,,,,,1895,0,,,0,
6,Pelyul Khyenrab,9895,1,1,,,1922,,,,,
6,Pelyul Khyenrab,10018,2,2,,,1922,,,1932,,
6,Pelyul Khyenrab,11256,3,3,,,,,,,,
6,Pelyul Khyenrab,11257,4,4,,,,,,,,
6,Pelyul Khyenrab,11259,6,6,,,,,,,,
6,Pelyul Khyenrab,11260,7,7,,,,,,,,
6,Pelyul Khyenrab,11261,8,8,,,,,,,,
6,Pelyul Khyenrab,11262,9,9,,,,,,,,
6,Pelyul Khyenrab,11261,10,10,,,,,,,,
6,Pelyul Khyenrab,11264,11,11,,,,,,,,
6,Pelyul Khyenrab,11265,12,12,,,,,,,,
6,Pelyul Khyenrab,11266,13,13,,,,,,,,
60,Mawochok Khenchen,5999,,,,,1140,1,,1192,0,
60,Mawochok Khenchen,6010,,,,53,1192,0,,,0,
61,Shelkar Denrab,3952,,,,,1926,0,,,0,
61,Shelkar Denrab,4026,,,,,1894,0,,,0,
62,Dartang Denrab,8892,1,1,,,1850,0,,1851,0,
62,Dartang Denrab,8754,2,2,,,1851,0,,1892,0,
62,Dartang Denrab,8757,3,3,,,1892,0,,1906,0,
62,Dartang Denrab,8895,4,4,,,1906,0,,,0,
62,Dartang Denrab,8753,5,5,,,,0,,,0,
62,Dartang Denrab,8915,6,6,,,,0,,,0,
62,Dartang Denrab,8916,7,7,,,,0,,,0,
62,Dartang Denrab,8917,8,8,,,,0,,,0,
62,Dartang Denrab,8918,9,9,,,,0,,,0,
63,Dartang Khenrab,8919,1,1,,,,0,,,0,
63,Dartang Khenrab,8759,2,2,,,,0,,,0,
63,Dartang Khenrab,8920,3,3,,,,0,,,0,
63,Dartang Khenrab,12171,4,4,,,,0,,,0,
63,Dartang Khenrab,8922,5,5,,,,0,,,0,
63,Dartang Khenrab,8924,6,6,,,,0,,,0,
63,Dartang Khenrab,8925,7,7,,,,0,,,0,
63,Dartang Khenrab,8926,8,8,,,,0,,,0,
63,Dartang Khenrab,8927,9,9,,,,0,,,0,
63,Dartang Khenrab,8928,10,10,,,,0,,,0,
63,Dartang Khenrab,8929,11,11,,,,0,,,0,
63,Dartang Khenrab,8930,12,12,,,,0,,,0,
64,Sakya Trizin,6100,1,1,,,1073,0,,1102,0,
64,Sakya Trizin,6101,2,2,,,1103,0,,1110,0,
64,Sakya Trizin,2916,3,3,,,1092,0,,1158,0,
64,Sakya Trizin,2919,4,4,,,1159,0,,1171,0,
64,Sakya Trizin,2915,5,5,,,1172,0,,1215,0,
64,Sakya Trizin,2137,6,6,,,1216,0,,1243,0,
64,Sakya Trizin,2051,7,7,,,1276,0,,1280,0,
64,Sakya Trizin,2051,7,7,,,1265,0,,1266,0,
64,Sakya Trizin,2314,8,8,,,1267,0,,1275,0,
64,Sakya Trizin,3194,9,9,,,1281,0,,1287,0,
64,Sakya Trizin,6636,10,10,,,1288,0,,1297,0,
64,Sakya Trizin,3204,11,11,,,1298,0,,1324,0,
64,Sakya Trizin,3189,12,12,,,1325,0,,1342,0,
64,Sakya Trizin,3191,13,13,,,1342,0,,1344,0,
64,Sakya Trizin,2491,14,14,,,1344,0,,1347,0,
64,Sakya Trizin,7545,15,15,,,1347,0,,1364,0,
64,Sakya Trizin,3188,16,16,,,1364,0,,1399,0,
64,Sakya Trizin,4327,17,17,,,1399,0,,1420,0,
64,Sakya Trizin,3208,18,18,,,1421,0,,1441,0,
64,Sakya Trizin,1974,19,19,,,1442,0,,1462,0,
64,Sakya Trizin,3211,20,20,,,1463,0,,1472,0,
64,Sakya Trizin,7348,21,21,,,1473,0,,1495,0,
64,Sakya Trizin,7064,22,22,,,1496,0,,1533,0,
64,Sakya Trizin,7053,23,23,,,1534,0,,1584,0,
64,Sakya Trizin,13285,24,24,,,1584,0,,1589,0,
64,Sakya Trizin,10481,25,25,,,1589,0,,1617,0,
64,Sakya Trizin,10613,26,26,,,1618,0,,1620,0,
64,Sakya Trizin,10591,27,27,,,1620,0,,1659,0,
64,Sakya Trizin,10633,28,28,,,1659,0,,1685,0,
64,Sakya Trizin,4249,29,29,,,1685,0,,1711,0,
64,Sakya Trizin,10753,30,30,,,1711,0,,1741,0,
64,Sakya Trizin,10742,31,31,,,1741,0,,1783,0,
64,Sakya Trizin,13284,32,32,,,1783,0,,1806,0,
64,Sakya Trizin,10772,33,33,,,1806,0,,1843,0,
64,Sakya Trizin,10805,34,34,,,1843,0,,1845,0,
64,Sakya Trizin,12425,35,35,,,1846,0,,1865,0,
64,Sakya Trizin,12573,36,36,,,1866,0,,1882,0,
64,Sakya Trizin,12584,37,37,,,1883,0,,1899,0,
64,Sakya Trizin,12595,38,38,,,1901,0,,1915,0,
64,Sakya Trizin,12617,39,39,,,1915,0,,1936,0,
64,Sakya Trizin,12606,40,40,,,1937,0,,1950,0,
64,Sakya Trizin,8641,41,41,,,1951,0,,2017,0,
64,Sakya Trizin,13746,42,42,,,2017,0,,2022,0,
64,Sakya Trizin,4385,,,,,1575,0,1584,,0,
64,Sakya Trizin,10481,,,,,1581,0,1589,,0,
65,Bodong Khenchen,2340,,,65,,,0,,,0,
65,Bodong Khenchen,13244,,,,,1382,0,,,0,
66,Pulung Denrab,13236,,,49,,,0,,,0,
67,Amchok Tsenyi Denrab,2787,,,,,,0,,,0,
67,Amchok Tsenyi Denrab,3079,,,,,,0,,,0,
68,Changra Tri,8027,,,,,,0,,,0,
69,Dzingchi Tri,5706,,,,,,0,,,0,
7,Ngor Khenchen,2387,1,1,,,1429,0,,1456,0,
7,Ngor Khenchen,1898,2,2,,,1456,0,,1462,0,
7,Ngor Khenchen,2866,3,3,,,1462,0,,1465,0,
7,Ngor Khenchen,1963,4,4,,,1465,0,,1478,0,
7,Ngor Khenchen,1930,5,5,,,1479,0,,1481,0,
7,Ngor Khenchen,1985,6,6,,,1483,0,,1486,0,
7,Ngor Khenchen,3200,7,7,,,1486,0,,1513,0,
7,Ngor Khenchen,1820,8,8,,,1513,0,,1516,0,
7,Ngor Khenchen,4217,9,9,,,1516,0,,1534,0,
7,Ngor Khenchen,10507,10,10,,,1534,0,,1557,0,
7,Ngor Khenchen,4219,11,11,,,1557,0,,1569,0,
7,Ngor Khenchen,10528,12,12,,,1569,0,,1579,0,
7,Ngor Khenchen,10528,14,12,,,1582,0,1583,1590,0,
7,Ngor Khenchen,10452,13,13,,,1579,0,,1582,0,
7,Ngor Khenchen,10452,15,13,,,1590,0,,1595,0,
7,Ngor Khenchen,10462,16,14,,,1595,0,,1615,0,
7,Ngor Khenchen,4220,17,15,,,1615,0,,1618,0,
7,Ngor Khenchen,10470,18,16,,,1618,0,,1621,0,
7,Ngor Khenchen,6281,19,17,,,1622,0,,1625,0,
7,Ngor Khenchen,4221,20,18,,,1625,0,,1653,0,
7,Ngor Khenchen,4222,21,19,,,1653,0,1654,1657,0,
7,Ngor Khenchen,4223,22,20,,,1658,0,,1658,0,
7,Ngor Khenchen,10623,23,21,,,1658,0,,1667,0,
7,Ngor Khenchen,4224,24,22,,,1667,0,,1671,0,
7,Ngor Khenchen,4225,25,23,,,1671,0,,1672,0,
7,Ngor Khenchen,4226,26,24,,,1673,0,,1686,0,
7,Ngor Khenchen,10644,27,25,,,1686,0,,1689,0,
7,Ngor Khenchen,4227,28,26,,,1689,0,,1693,0,
7,Ngor Khenchen,7718,29,27,,,1695,0,,1702,0,
7,Ngor Khenchen,10677,30,28,,,1703,0,,1709,0,
7,Ngor Khenchen,7724,31,29,,,1709,0,,1713,0,
7,Ngor Khenchen,7725,32,30,,,1713,0,,1722,0,
7,Ngor Khenchen,7725,37,30,,,1739,0,,1740,0,
7,Ngor Khenchen,10688,33,31,,,1722,0,,1725,0,
7,Ngor Khenchen,4245,34,32,,,1725,0,,1730,0,
7,Ngor Khenchen,4244,35,33,,,1731,0,,1733,0,
7,Ngor Khenchen,10710,36,34,,,1733,0,,1739,0,
7,Ngor Khenchen,4243,38,35,,,1740,0,,1741,0,
7,Ngor Khenchen,4242,39,36,,,1741,0,,1745,0,
7,Ngor Khenchen,8513,40,37,,,1746,0,,1751,0,
7,Ngor Khenchen,4241,41,38,,,1751,0,,1751,0,
7,Ngor Khenchen,4240,42,39,,,1751,0,,1765,0,
7,Ngor Khenchen,4239,43,40,,,1765,0,,1776,0,
7,Ngor Khenchen,4237,44,41,,,1776,0,,,1,
7,Ngor Khenchen,4236,45,42,,,,1,,,1,
7,Ngor Khenchen,4235,46,43,,,,1,,1787,0,
7,Ngor Khenchen,4234,47,44,,,1789,0,,1793,0,
7,Ngor Khenchen,4233,48,45,,,1797,0,,1805,0,
7,Ngor Khenchen,4232,49,46,,,1805,0,,1811,0,
7,Ngor Khenchen,5864,50,47,,,1812,0,,1821,0,
7,Ngor Khenchen,4231,51,48,,,1821,0,,1825,1,
7,Ngor Khenchen,10795,52,49,,,1825,1,,1831,1,
7,Ngor Khenchen,4230,53,50,,,1831,1,,1835,0,
7,Ngor Khenchen,10447,54,51,,,1835,0,,1842,0,
7,Ngor Khenchen,10448,55,52,,,1842,0,,1848,0,
7,Ngor Khenchen,10344,56,53,,,1848,0,,1851,0,
7,Ngor Khenchen,12435,57,54,,,1851,0,,1859,0,
7,Ngor Khenchen,12563,58,55,,,1859,0,,1866,1,
7,Ngor Khenchen,10449,59,56,,,1866,1,,1870,1,
7,Ngor Khenchen,9792,60,57,,,1870,1,,1876,1,
7,Ngor Khenchen,10450,61,58,,,1876,1,,1881,1,
7,Ngor Khenchen,12745,62,59,,,1881,1,,1890,1,
7,Ngor Khenchen,10203,63,60,,,1890,1,,1895,1,
7,Ngor Khenchen,10204,64,61,,,1895,0,,1898,0,
7,Ngor Khenchen,10205,65,62,,,1898,0,,1904,0,
7,Ngor Khenchen,13647,66,63,,,1904,1,,1920,1,
7,Ngor Khenchen,13646,67,64,,,1920,1,,1922,1,
7,Ngor Khenchen,12553,68,65,,,1922,1,,1924,1,
7,Ngor Khenchen,12553,70,65,,,1926,0,,1927,0,
7,Ngor Khenchen,13245,69,66,,,1924,0,,1926,0,
7,Ngor Khenchen,13246,71,67,,,1927,0,,1929,0,
7,Ngor Khenchen,13246,76,67,,,1940,0,,1941,1,
7,Ngor Khenchen,13247,72,68,,,1929,0,1930,1933,0,
7,Ngor Khenchen,4820,73,69,,,1933,0,,1935,0,
7,Ngor Khenchen,13248,74,70,,,1936,0,,1938,0,
7,Ngor Khenchen,13248,79,70,,,1948,0,,1951,0,
7,Ngor Khenchen,13249,75,71,,,1939,0,,1940,0,
7,Ngor Khenchen,13250,77,72,,,1942,0,,1945,0,
7,Ngor Khenchen,13251,78,73,,,1945,0,,1948,0,
7,Ngor Khenchen,13251,82,73,,,1957,0,,1959,0,
7,Ngor Khenchen,13252,80,74,,,1951,0,,1954,0,
7,Ngor Khenchen,13253,81,75,,,1954,0,,1957,0,
70,Nyimalung Khenrab,5237,1,1,,,1934,0,,1940,0,
70,Nyimalung Khenrab,4962,2,2,,,1940,0,,1943,0,
70,Nyimalung Khenrab,13416,3,3,,,1943,0,,1956,0,
70,Nyimalung Khenrab,13417,4,4,,,1956,0,,1959,0,
70,Nyimalung Khenrab,13418,5,5,,,1959,0,,1961,0,
70,Nyimalung Khenrab,13419,6,6,,,1961,0,,1978,0,
70,Nyimalung Khenrab,13420,7,7,,,1978,0,,1982,0,
70,Nyimalung Khenrab,13421,8,8,,,1982,0,,1985,0,
70,Nyimalung Khenrab,13422,9,9,,,1985,0,,1990,0,
70,Nyimalung Khenrab,4471,10,10,,,1990,0,,1993,0,
70,Nyimalung Khenrab,10482,11,11,,,1993,0,,2009,0,
71,Labrang Dukhor Tri,2503,,,,,,0,,,0,
71,Labrang Dukhor Tri,2996,,,,,,0,,,0,
71,Labrang Dukhor Tri,3117,,,,,,0,,,0,
71,Labrang Dukhor Tri,3754,,,,,,0,,,0,
71,Labrang Dukhor Tri,3873,,,,,1798,0,,,0,
71,Labrang Dukhor Tri,6572,,,,,,0,,,0,
71,Labrang Dukhor Tri,6760,,,,,,0,,,0,
71,Labrang Dukhor Tri,8070,,,,,,0,,,0,
72,Labrang Menpa Tri,2996,,,,,,0,,,0,
72,Labrang Menpa Tri,3335,,,,,1798,0,,,0,
72,Labrang Menpa Tri,3867,,,,,,0,,,0,
72,Labrang Menpa Tri,5903,,,,,1820,0,,,0,
72,Labrang Menpa Tri,5906,,,,,1835,0,,1839,0,
72,Labrang Menpa Tri,5912,,,,,1832,0,,,0,
72,Labrang Menpa Tri,6560,,,,,1814,0,,,0,
72,Labrang Menpa Tri,6589,,,,,1841,0,,,0,
72,Labrang Menpa Tri,10829,,,,,1792,0,,,0,
73,Kumbum Gyupa Tri,6825,1,1,,,1649,0,,,0,
73,Kumbum Gyupa Tri,6873,4,4,,,,0,,,0,
73,Kumbum Gyupa Tri,6204,5,5,,,,0,,,0,
73,Kumbum Gyupa Tri,3227,6,6,,,1676,0,,,0,
73,Kumbum Gyupa Tri,3083,7,7,,,1738,0,,,0,
73,Kumbum Gyupa Tri,2392,8,8,,,,0,,,0,
73,Kumbum Gyupa Tri,6828,11,11,,,1695,0,,,0,
73,Kumbum Gyupa Tri,6309,12,12,,,,0,,,0,
73,Kumbum Gyupa Tri,3320,16,16,,,1779,0,,,0,
73,Kumbum Gyupa Tri,6694,17,17,,,1722,0,,,0,
73,Kumbum Gyupa Tri,6300,20,20,,,,0,,,0,
73,Kumbum Gyupa Tri,2399,22,22,,,1748,0,,,0,
73,Kumbum Gyupa Tri,6924,26,26,,,,0,,,0,
73,Kumbum Gyupa Tri,6923,27,27,,,1725,0,,,0,
73,Kumbum Gyupa Tri,6824,28,28,,,1767,0,,,0,
73,Kumbum Gyupa Tri,6594,31,31,,,1787,0,,,0,
73,Kumbum Gyupa Tri,2348,32,32,,,1793,0,,,0,
73,Kumbum Gyupa Tri,2568,34,34,,,1801,0,,,0,
73,Kumbum Gyupa Tri,6056,35,35,,,1803,0,,,0,
73,Kumbum Gyupa Tri,13267,36,36,,,1806,0,,,0,
73,Kumbum Gyupa Tri,12006,39,39,,,1813,0,,,0,
73,Kumbum Gyupa Tri,3731,40,40,,,1816,0,,,0,
73,Kumbum Gyupa Tri,13268,41,41,,,1819,0,,,0,
73,Kumbum Gyupa Tri,6989,42,42,,,1820,0,,,0,
73,Kumbum Gyupa Tri,13270,44,44,,,1827,0,,,0,
73,Kumbum Gyupa Tri,6822,45,45,,,1830,0,,,0,
73,Kumbum Gyupa Tri,2398,46,46,,,1834,0,,,0,
73,Kumbum Gyupa Tri,5931,47,47,,,1837,0,,,0,
73,Kumbum Gyupa Tri,6981,48,48,,,1840,0,,,0,
73,Kumbum Gyupa Tri,6523,49,49,,,1843,0,,,0,
73,Kumbum Gyupa Tri,6055,50,50,,,1844,0,,,0,
73,Kumbum Gyupa Tri,6621,51,51,,,1851,0,,,0,
73,Kumbum Gyupa Tri,3852,53,53,,,1855,0,,,0,
73,Kumbum Gyupa Tri,3760,54,54,,,1859,0,,,0,
73,Kumbum Gyupa Tri,9114,55,55,,,1863,0,,,0,
73,Kumbum Gyupa Tri,4218,56,56,,,1866,0,,,0,
73,Kumbum Gyupa Tri,3313,57,57,,,1867,0,,,0,
73,Kumbum Gyupa Tri,4106,58,58,,,1870,0,,,0,
73,Kumbum Gyupa Tri,6051,59,59,,,1872,0,,,0,
73,Kumbum Gyupa Tri,3229,61,61,,,,0,,,0,
73,Kumbum Gyupa Tri,3312,62,62,,,,0,,,0,
73,Kumbum Gyupa Tri,13272,64,64,,,1883,0,,,0,
73,Kumbum Gyupa Tri,4077,65,65,,,1884,0,,,0,
73,Kumbum Gyupa Tri,4103,66,66,,,1885,0,,,0,
73,Kumbum Gyupa Tri,6826,67,67,,,1888,0,,,0,
73,Kumbum Gyupa Tri,5973,68,68,,,1890,0,,,0,
73,Kumbum Gyupa Tri,3838,70,70,,,1893,0,,,0,
73,Kumbum Gyupa Tri,8056,71,71,,,1895,0,,,0,
73,Kumbum Gyupa Tri,9046,72,72,,,1897,0,,,0,
73,Kumbum Gyupa Tri,9115,73,73,,,1898,0,,,0,
73,Kumbum Gyupa Tri,6011,74,74,,,1900,0,,,0,
73,Kumbum Gyupa Tri,6155,75,75,,,1902,0,,,0,
74,Kumbum Menpa Tri,2348,,,,,1786,0,,,0,
74,Kumbum Menpa Tri,2398,,,,,1830,0,,,0,
74,Kumbum Menpa Tri,2560,,,,,1901,0,,,0,
74,Kumbum Menpa Tri,2565,,,,,1856,0,,,0,
74,Kumbum Menpa Tri,2568,,,,,1793,0,,,0,
74,Kumbum Menpa Tri,2935,,,,,1863,0,,,0,
74,Kumbum Menpa Tri,3184,,,,,1870,0,,,0,
74,Kumbum Menpa Tri,3317,,,,,,0,,,0,
74,Kumbum Menpa Tri,3320,,,,,1769,0,,,0,
74,Kumbum Menpa Tri,3327,,,,,1868,0,,,0,
74,Kumbum Menpa Tri,3760,,,,,1859,0,,,0,
74,Kumbum Menpa Tri,3775,,,,,1868,0,,,0,
74,Kumbum Menpa Tri,3852,,,,,1850,0,,,0,
74,Kumbum Menpa Tri,4106,,,,,1866,0,,,0,
74,Kumbum Menpa Tri,4252,,,,,1880,0,,,0,
74,Kumbum Menpa Tri,5336,,,,,1789,0,,,0,
74,Kumbum Menpa Tri,5973,,,,,1889,0,,,0,
74,Kumbum Menpa Tri,6013,,,,,1847,0,,,0,
74,Kumbum Menpa Tri,6048,,,,,1896,0,,,0,
74,Kumbum Menpa Tri,6484,,,,,1798,0,,,0,
74,Kumbum Menpa Tri,6521,,,,,1882,0,,,0,
74,Kumbum Menpa Tri,6523,,,,,1841,0,,,0,
74,Kumbum Menpa Tri,6524,,,,,1894,0,,,0,
74,Kumbum Menpa Tri,6594,,,,,1776,0,,,0,
74,Kumbum Menpa Tri,6822,,,,,1829,0,,,0,
74,Kumbum Menpa Tri,6827,,,,,1884,0,,,0,
74,Kumbum Menpa Tri,6980,,,,,1872,0,,,0,
74,Kumbum Menpa Tri,9443,,,,,1827,0,,,0,
74,Kumbum Menpa Tri,13270,,,,,1826,0,,,0,
74,Kumbum Menpa Tri,13271,,,,,1860,0,,,0,
74,Kumbum Menpa Tri,13273,,,,,1883,0,,,0,
74,Kumbum Menpa Tri,13274,,,,,1890,0,,,0,
74,Kumbum Menpa Tri,13276,,,,,,0,,,0,
75,Kumbum Dukhor Tri,2391,,,,,1820,0,,,0,
75,Kumbum Dukhor Tri,2560,,,,,1897,0,,,0,
75,Kumbum Dukhor Tri,2935,,,,,1859,0,,,0,
75,Kumbum Dukhor Tri,3229,,,,,1875,0,,,0,
75,Kumbum Dukhor Tri,3312,,,,,1879,0,,,0,
75,Kumbum Dukhor Tri,3317,,,,,1858,0,,,0,
75,Kumbum Dukhor Tri,3327,,,,,1862,0,,,0,
75,Kumbum Dukhor Tri,3668,,,,,1882,0,,,0,
75,Kumbum Dukhor Tri,3775,,,,,1865,0,,,0,
75,Kumbum Dukhor Tri,3882,,,,,1823,0,,,0,
75,Kumbum Dukhor Tri,4103,,,,,1884,0,,,0,
75,Kumbum Dukhor Tri,5931,,,,,,0,,,0,
75,Kumbum Dukhor Tri,6051,,,,,1868,0,,,0,
75,Kumbum Dukhor Tri,6155,,,,,1893,0,,,0,
75,Kumbum Dukhor Tri,6521,,,,,1881,0,,,0,
75,Kumbum Dukhor Tri,8056,,,,,1888,0,,,0,
75,Kumbum Dukhor Tri,9046,,,,,1895,0,,,0,
75,Kumbum Dukhor Tri,9114,,,,,,0,,,0,
75,Kumbum Dukhor Tri,9443,,,,,1825,0,,,0,
75,Kumbum Dukhor Tri,4077,,,,,1883,0,,,0,
76,Zhitokpa,3189,1,1,,,,0,,,0,
76,Zhitokpa,3188,2,2,,,,0,,,0,
76,Zhitokpa,1974,4,4,,,,0,,,0,
77,Rinchen Labrang Dungrab,2491,1,1,,,,0,,,0,
78,Ducho Labrangpa,6440,1,1,,,,0,,,0,
79,Lhakhang Labrang ?,6438,1,1,,,,0,,,0,
79,Lhakhang Labrang ?,6618,3,3,,,,0,,,0,
8,Zhalu Khenchen,2834,1,1,,,1356,0,,1388,0,
8,Zhalu Khenchen,4660,2,2,,,1413,0,,1440,0,
8,Zhalu Khenchen,4660,2,2,,,1389,0,,1404,0,
8,Zhalu Khenchen,13405,3,3,,,1404,0,,1413,0,
8,Zhalu Khenchen,6122,4,4,,,1440,0,,1466,0,
8,Zhalu Khenchen,13406,5,5,,,1466,0,,1482,0,
8,Zhalu Khenchen,13407,6,6,,,1483,0,,1493,0,
8,Zhalu Khenchen,5434,7,7,,,1494,0,,1507,0,
8,Zhalu Khenchen,6251,8,8,,,1507,0,,1514,0,
8,Zhalu Khenchen,11285,9,9,,,1514,0,,1524,0,
8,Zhalu Khenchen,6127,10,10,,,1524,0,,1537,0,
8,Zhalu Khenchen,13408,11,11,,,1537,0,,1543,0,
8,Zhalu Khenchen,13409,12,12,,,1543,0,,1554,0,
8,Zhalu Khenchen,10539,13,13,,,1555,0,,1559,0,
8,Zhalu Khenchen,2338,14,14,,,1559,0,,1568,0,
8,Zhalu Khenchen,13410,15,15,,,1569,0,,1587,0,
8,Zhalu Khenchen,10528,16,16,,,1587,0,,1590,0,
8,Zhalu Khenchen,4385,17,17,,,1591,0,,,0,
8,Zhalu Khenchen,10602,18,18,,,,0,,1621,0,
8,Zhalu Khenchen,13411,19,19,,,1621,0,,1629,0,
8,Zhalu Khenchen,4221,22,20,,,1638,0,,,0,
8,Zhalu Khenchen,9839,21,21,,,1642,0,,1662,0,
8,Zhalu Khenchen,5862,22,22,,,1662,0,,1671,0,
8,Zhalu Khenchen,13412,23,23,,,,0,,1671,0,
8,Zhalu Khenchen,8206,24,24,,,,0,,,0,
8,Zhalu Khenchen,13413,25,25,,,,0,,1714,0,
8,Zhalu Khenchen,13414,26,26,,,1715,0,,1719,0,
8,Zhalu Khenchen,2180,27,27,,,1720,0,,1737,0,
8,Zhalu Khenchen,3008,29,29,,,1759,0,,1802,0,
80,Rongwo Gyupa Tri,2526,,,,,,0,,,0,
80,Rongwo Gyupa Tri,4665,,,,,,0,,,0,
80,Rongwo Gyupa Tri,5681,,,,,,0,,,0,
80,Rongwo Gyupa Tri,6163,,,,,1770,0,,,0,
80,Rongwo Gyupa Tri,6166,,,,,,0,,,0,
80,Rongwo Gyupa Tri,6177,,,,,,0,,,0,
80,Rongwo Gyupa Tri,6455,,,,,,0,,,0,
80,Rongwo Gyupa Tri,6493,,,,,1734,0,,,0,
80,Rongwo Gyupa Tri,6511,,,,,,0,,,0,
80,Rongwo Gyupa Tri,12211,,,,,,0,,,0,
80,Rongwo Gyupa Tri,12215,,,,,1780,0,,,0,
80,Rongwo Gyupa Tri,12219,,,,,,0,,,0,
80,Rongwo Gyupa Tri,12220,,,,,,0,,,0,
80,Rongwo Gyupa Tri,12222,,,,,,0,,,0,
80,Rongwo Gyupa Tri,12227,,,,,,0,,,0,
81,Rongwo Dukhor Tri,3228,,,,,,0,,,0,
81,Rongwo Dukhor Tri,4665,,,,,,0,,,0,
81,Rongwo Dukhor Tri,5436,,,,,1773,0,,,0,
81,Rongwo Dukhor Tri,6180,,,,,,0,,,0,
81,Rongwo Dukhor Tri,6455,,,,,,0,,,0,
81,Rongwo Dukhor Tri,6511,,,,,,0,,,0,
81,Rongwo Dukhor Tri,12211,,,,,,0,,,0,
81,Rongwo Dukhor Tri,12221,,,,,,0,,,0,
81,Rongwo Dukhor Tri,12226,,,,,,0,,,0,
82,Samdrub Gonsar Khenchen,10548,,,,,,0,,,0,
83,Nalanda Mahavihara Abbot,2810,,,,,,0,,,0,
84,Gyakhar Gar Tri,6529,,,,,1778,0,,,0,
85,Kamkam Densapa,2633,,,,,1254,0,,,0,
86,Labrang Gyupa Tri,6646,1,1,,,1719,0,,,0,
86,Labrang Gyupa Tri,13424,2,2,,,,0,,,0,
86,Labrang Gyupa Tri,2540,3,3,,,1720,0,,,0,
86,Labrang Gyupa Tri,6527,4,4,,,1722,0,,,0,
86,Labrang Gyupa Tri,3084,5,5,,,1728,0,,,0,
86,Labrang Gyupa Tri,2436,6,6,,,,0,,,0,
86,Labrang Gyupa Tri,10388,8,8,,,,0,,,0,
86,Labrang Gyupa Tri,3086,9,9,,,,0,,,0,
86,Labrang Gyupa Tri,6538,10,10,,,,0,,,0,
86,Labrang Gyupa Tri,3268,11,11,,,,0,,,0,
86,Labrang Gyupa Tri,4607,12,12,,,,0,,,0,
86,Labrang Gyupa Tri,2435,13,13,,,,0,,,0,
86,Labrang Gyupa Tri,6622,14,14,,,,0,,,0,
86,Labrang Gyupa Tri,6528,15,15,,,,0,,,0,
86,Labrang Gyupa Tri,6597,16,16,,,,0,,,0,
86,Labrang Gyupa Tri,6984,17,17,,,,0,,,0,
86,Labrang Gyupa Tri,7070,18,18,,,,0,,,0,
86,Labrang Gyupa Tri,2538,19,19,,,1785,0,,,0,
86,Labrang Gyupa Tri,3074,20,20,,,,0,,,0,
86,Labrang Gyupa Tri,11749,21,21,,,,0,,,0,
86,Labrang Gyupa Tri,5981,22,22,,,,0,,,0,
86,Labrang Gyupa Tri,6025,,,,,,0,,,0,
87,Gotsa Khenchen,11041,,,,,1972,0,,,0,
9,Ganden Tripa,8986,1,1,,,,0,,,0,
9,Ganden Tripa,9095,2,2,,,1419,0,,1431,0,
9,Ganden Tripa,8027,3,3,,,1431,0,,1438,0,
9,Ganden Tripa,4669,4,4,,,1438,0,,1450,0,
9,Ganden Tripa,10794,5,5,,,1450,0,,1463,0,
9,Ganden Tripa,6746,6,6,,,1463,0,,1473,0,
9,Ganden Tripa,7093,7,7,,,1473,0,,1479,0,
9,Ganden Tripa,6953,8,8,,,1480,0,,1489,0,
9,Ganden Tripa,2912,9,9,,,1490,0,,1492,0,
9,Ganden Tripa,4535,10,10,,,1493,0,,1498,0,
9,Ganden Tripa,6286,11,11,,,1500,0,,1511,0,
9,Ganden Tripa,6219,12,12,,,1511,0,,1516,0,
9,Ganden Tripa,6910,13,13,,,1516,0,,1521,0,1523
9,Ganden Tripa,6997,14,14,,,1522,0,,1529,0,
9,Ganden Tripa,1637,15,15,,,1529,0,,1535,0,
9,Ganden Tripa,5480,16,16,,,1534,0,1535,1539,0,
9,Ganden Tripa,8099,17,17,,,1539,0,,1546,1,
9,Ganden Tripa,7230,18,18,,,1546,0,,1548,0,
9,Ganden Tripa,3743,19,19,,,1548,0,,1551,0,1552
9,Ganden Tripa,5953,20,20,,,1552,0,,1559,0,
9,Ganden Tripa,12817,21,21,,,1559,0,,1565,0,
9,Ganden Tripa,2871,22,22,,,1565,0,,1568,0,
9,Ganden Tripa,8086,23,23,,,1568,0,,1575,0,
9,Ganden Tripa,6872,24,24,,,1575,0,,1582,0,
9,Ganden Tripa,5432,25,25,,,1582,0,,1589,0,
9,Ganden Tripa,7083,26,26,,,1589,0,,1596,0,
9,Ganden Tripa,8097,27,27,,,1596,0,,1602,0,1603
9,Ganden Tripa,5777,28,28,,,1603,0,,1607,0,
9,Ganden Tripa,8106,29,29,,,1608,0,1607,1614,0,
9,Ganden Tripa,9795,30,30,,,1615,0,,1618,0,
9,Ganden Tripa,4092,31,31,,,1618,0,,1620,0,
9,Ganden Tripa,4265,32,32,,,1620,0,,1623,0,
9,Ganden Tripa,8105,33,33,,,1623,0,,1627,0,
9,Ganden Tripa,2523,34,34,,,1627,0,,1629,0,
9,Ganden Tripa,4276,35,35,,,1629,0,,1637,0,
9,Ganden Tripa,2814,36,36,,,1638,0,,,0,
9,Ganden Tripa,2952,37,37,,,1638,0,,1642,0,
9,Ganden Tripa,8107,38,38,,,1643,0,,1647,0,
9,Ganden Tripa,6466,39,39,,,1648,0,,1654,0,
9,Ganden Tripa,8108,40,40,,,1655,0,,1662,0,
9,Ganden Tripa,6648,41,41,,,1662,0,,1668,0,
9,Ganden Tripa,2327,42,42,,,1668,0,,1675,0,
9,Ganden Tripa,8109,43,43,,,1675,0,,1681,0,
9,Ganden Tripa,2872,44,44,,,1682,0,,1685,0,
9,Ganden Tripa,5706,45,45,,,1695,0,,1699,0,
9,Ganden Tripa,5796,46,46,,,1692,0,,1695,0,
9,Ganden Tripa,4487,47,47,,,1699,0,,1701,0,
9,Ganden Tripa,4488,48,48,,,1702,0,,1707,0,
9,Ganden Tripa,4489,49,49,,,1708,0,,1714,0,
9,Ganden Tripa,3173,50,50,,,1714,0,,1721,0,
9,Ganden Tripa,4490,51,51,,,1721,0,,1728,0,
9,Ganden Tripa,3171,52,52,,,1728,0,,1732,0,
9,Ganden Tripa,4492,53,53,,,1732,0,,1738,0,
9,Ganden Tripa,6526,54,54,,,1739,0,,1746,0,
9,Ganden Tripa,4493,55,55,,,1746,0,1747,1749,0,1750
9,Ganden Tripa,4494,56,56,,,1750,0,,1757,0,
9,Ganden Tripa,4495,57,57,,,1757,0,,1764,0,
9,Ganden Tripa,4496,58,58,,,1764,0,1763,1770,0,1769
9,Ganden Tripa,4497,59,59,,,1771,0,,1772,0,
9,Ganden Tripa,4498,60,60,,,1772,0,,1777,0,1778
9,Ganden Tripa,5652,61,61,,,1778,0,,1785,0,
9,Ganden Tripa,4499,62,62,,,1793,0,,1794,0,
9,Ganden Tripa,4500,63,63,,,1792,0,,1793,0,
9,Ganden Tripa,4501,64,64,,,1794,0,,1800,0,
9,Ganden Tripa,5901,65,65,,,1801,0,,1807,0,
9,Ganden Tripa,5415,66,66,,,1807,0,,1813,0,
9,Ganden Tripa,5381,67,67,,,1814,0,,1814,0,1817
9,Ganden Tripa,5932,68,68,,,1815,0,,1816,0,
9,Ganden Tripa,5371,69,69,,,1816,0,1815,1822,0,
9,Ganden Tripa,5317,70,70,,,1822,0,,1828,0,
9,Ganden Tripa,2819,71,71,,,1828,0,1829,1830,0,1829
9,Ganden Tripa,5485,72,72,,,1831,0,,1837,0,
9,Ganden Tripa,6979,73,73,,,1837,0,,1843,1,
9,Ganden Tripa,7182,74,74,,,1843,0,,1847,0,
9,Ganden Tripa,11131,75,75,,,1847,0,1850,1853,0,
9,Ganden Tripa,6498,76,76,,,1853,0,,1859,0,
9,Ganden Tripa,9059,77,77,,,1859,1,1858,1861,0,1859
9,Ganden Tripa,9058,78,78,,,1861,0,1860,1867,0,1866
9,Ganden Tripa,9057,79,79,,,1867,1,,1870,1,
9,Ganden Tripa,9055,80,80,,,1870,1,1871,1876,0,1877
9,Ganden Tripa,4206,81,81,,,1879,1,,1881,0,1884
9,Ganden Tripa,4277,82,82,,,1880,1,,1889,1,
9,Ganden Tripa,4278,83,83,,,1886,1,,1890,1,
9,Ganden Tripa,4279,84,84,,,1894,1,,1896,1,
9,Ganden Tripa,4280,85,85,,,1896,0,,1899,0,1900
9,Ganden Tripa,4282,86,86,,,1900,0,,1907,1,
9,Ganden Tripa,6978,87,87,,,1907,0,,1913,0,1914
9,Ganden Tripa,2456,88,88,,,1914,1,,1919,0,
9,Ganden Tripa,9056,89,89,,,1918,1,1919,1920,0,1924
9,Ganden Tripa,7870,90,90,,,1921,0,1921,1927,0,
9,Ganden Tripa,9049,91,91,,,1927,0,,1932,0,
9,Ganden Tripa,9050,92,92,,,1933,0,,1933,0,
9,Ganden Tripa,9051,93,93,,,1933,0,,1939,0,
9,Ganden Tripa,9053,94,94,,,1940,0,,1946,0,
9,Ganden Tripa,7743,95,95,,,1947,0,,1953,0,
9,Ganden Tripa,9054,96,96,,,1954,1,,1964,0,
9,Ganden Tripa,7007,92,97,,,1965,0,,1983,0,
9,Ganden Tripa,11132,98,98,,,1984,0,,1989,0,
9,Ganden Tripa,11133,99,99,,,1984,0,,1989,0,
9,Ganden Tripa,11134,100,100,,,1995,0,,2003,0,
9,Ganden Tripa,11135,101,101,,,2003,0,,2009,0,